#!ascii label , from subject sub-NMT2Sym vox2ras=TkReg; CHARM level-2 'V1' within cortex.label
4789
7 -4.872 -31.624 -2.443 0.0000000000
35 -3.728 -29.015 10.165 0.0000000000
36 -11.791 -34.151 -3.276 0.0000000000
37 -16.109 -28.177 2.436 0.0000000000
128 -2.774 -31.501 1.639 0.0000000000
131 -8.903 -27.901 11.526 0.0000000000
132 -6.532 -32.603 4.636 0.0000000000
133 -7.108 -28.767 0.326 0.0000000000
134 -13.293 -30.127 4.972 0.0000000000
135 -7.498 -34.289 2.309 0.0000000000
136 -7.293 -35.279 -2.663 0.0000000000
137 -6.745 -32.883 -7.597 0.0000000000
138 -10.000 -29.814 -3.301 0.0000000000
139 -16.064 -31.460 -8.627 0.0000000000
141 -17.381 -28.587 0.602 0.0000000000
142 -21.547 -25.970 -3.774 0.0000000000
155 -11.954 -13.067 -1.893 0.0000000000
157 -10.351 -21.350 1.232 0.0000000000
158 -16.178 -20.107 -3.912 0.0000000000
387 -20.287 -23.575 6.442 0.0000000000
494 -2.445 -29.058 5.717 0.0000000000
506 -6.388 -28.951 11.136 0.0000000000
510 -4.719 -30.946 0.474 0.0000000000
511 -3.715 -27.631 -1.361 0.0000000000
512 -4.934 -31.486 7.515 0.0000000000
513 -4.468 -28.751 4.390 0.0000000000
514 -7.625 -28.623 3.401 0.0000000000
515 -11.349 -31.545 3.489 0.0000000000
516 -11.031 -27.784 2.210 0.0000000000
517 -9.077 -31.084 6.637 0.0000000000
518 -6.595 -32.189 6.436 0.0000000000
519 -13.698 -27.430 9.343 0.0000000000
520 -11.320 -29.629 8.381 0.0000000000
521 -11.019 -32.612 3.178 0.0000000000
522 -12.947 -32.677 0.485 0.0000000000
523 -9.185 -35.024 -0.768 0.0000000000
524 -8.394 -34.050 0.812 0.0000000000
525 -12.919 -32.308 -0.714 0.0000000000
526 -4.904 -34.047 3.560 0.0000000000
527 -5.394 -35.472 -0.369 0.0000000000
528 -7.438 -35.953 -3.493 0.0000000000
529 -9.918 -33.472 -5.255 0.0000000000
530 -15.514 -29.279 -2.513 0.0000000000
531 -10.118 -33.643 -6.292 0.0000000000
532 -6.942 -35.173 -6.208 0.0000000000
533 -5.194 -32.445 -4.699 0.0000000000
534 -3.537 -32.361 -4.418 0.0000000000
535 -7.033 -31.518 -2.270 0.0000000000
538 -13.987 -32.154 -6.256 0.0000000000
539 -11.797 -32.572 -9.546 0.0000000000
541 -18.020 -29.462 -9.395 0.0000000000
543 -15.505 -29.886 2.768 0.0000000000
544 -14.952 -31.605 -1.710 0.0000000000
545 -15.838 -27.602 7.126 0.0000000000
546 -18.060 -26.788 5.090 0.0000000000
547 -19.976 -25.288 3.131 0.0000000000
548 -19.402 -29.217 -6.356 0.0000000000
549 -21.251 -26.946 -7.415 0.0000000000
550 -16.876 -30.094 -4.632 0.0000000000
551 -18.814 -26.681 -2.191 0.0000000000
552 -21.690 -23.465 0.614 0.0000000000
553 -23.459 -23.855 -5.660 0.0000000000
555 -23.395 -22.348 -1.803 0.0000000000
556 -25.187 -20.563 -4.031 0.0000000000
601 -8.350 -28.468 -3.028 0.0000000000
613 -5.742 -25.068 -1.703 0.0000000000
614 -8.703 -25.369 0.531 0.0000000000
615 -13.594 -24.150 1.932 0.0000000000
616 -16.009 -15.357 -2.465 0.0000000000
618 -11.088 -17.122 1.328 0.0000000000
619 -15.229 -19.392 1.217 0.0000000000
620 -18.267 -23.927 -0.668 0.0000000000
621 -12.995 -21.019 -0.979 0.0000000000
622 -13.798 -24.901 -3.547 0.0000000000
623 -11.572 -27.121 -1.937 0.0000000000
1938 -2.452 -30.211 3.398 0.0000000000
1942 -2.165 -28.020 8.567 0.0000000000
1943 -2.500 -28.783 8.283 0.0000000000
1967 -3.344 -27.908 10.768 0.0000000000
1988 -4.674 -27.804 11.870 0.0000000000
1989 -5.103 -29.175 10.794 0.0000000000
1994 -7.634 -28.478 11.366 0.0000000000
2012 -3.689 -31.507 0.844 0.0000000000
2013 -3.104 -30.511 -0.494 0.0000000000
2014 -3.903 -29.457 -0.584 0.0000000000
2015 -5.944 -30.011 0.360 0.0000000000
2016 -4.965 -28.283 -0.583 0.0000000000
2017 -3.135 -28.969 5.138 0.0000000000
2018 -3.391 -30.586 2.692 0.0000000000
2019 -4.605 -30.335 9.153 0.0000000000
2020 -3.743 -29.205 8.152 0.0000000000
2021 -5.434 -29.499 7.909 0.0000000000
2022 -5.099 -32.252 5.851 0.0000000000
2023 -6.555 -30.394 6.737 0.0000000000
2024 -6.539 -30.209 1.785 0.0000000000
2025 -7.863 -29.725 1.475 0.0000000000
2026 -5.011 -30.523 2.155 0.0000000000
2027 -6.117 -28.756 3.906 0.0000000000
2028 -7.997 -30.670 6.004 0.0000000000
2029 -9.212 -28.194 2.704 0.0000000000
2030 -9.080 -28.769 1.203 0.0000000000
2031 -8.886 -32.380 3.920 0.0000000000
2032 -9.763 -30.138 5.333 0.0000000000
2033 -11.580 -28.773 4.211 0.0000000000
2034 -13.793 -30.255 3.150 0.0000000000
2035 -13.535 -27.453 2.853 0.0000000000
2036 -6.826 -30.608 8.752 0.0000000000
2037 -5.646 -30.756 8.865 0.0000000000
2038 -9.006 -29.799 9.602 0.0000000000
2039 -7.920 -30.299 9.039 0.0000000000
2040 -7.978 -31.874 6.155 0.0000000000
2041 -8.798 -33.008 4.145 0.0000000000
2042 -7.061 -33.492 4.192 0.0000000000
2043 -11.352 -27.968 10.263 0.0000000000
2044 -10.133 -29.024 10.027 0.0000000000
2045 -13.964 -26.348 10.493 0.0000000000
2046 -12.693 -27.096 10.369 0.0000000000
2047 -12.465 -28.641 8.837 0.0000000000
2048 -13.490 -28.900 7.391 0.0000000000
2049 -12.339 -29.922 6.561 0.0000000000
2050 -10.164 -32.001 4.837 0.0000000000
2051 -9.458 -33.591 2.408 0.0000000000
2052 -10.201 -30.405 7.575 0.0000000000
2053 -11.245 -30.804 5.728 0.0000000000
2054 -12.246 -31.487 4.026 0.0000000000
2055 -10.244 -33.973 0.903 0.0000000000
2056 -8.187 -34.842 0.689 0.0000000000
2057 -13.261 -31.626 2.719 0.0000000000
2058 -11.880 -32.827 1.684 0.0000000000
2059 -11.268 -33.994 -0.402 0.0000000000
2060 -12.441 -33.635 -1.544 0.0000000000
2061 -10.511 -34.806 -2.050 0.0000000000
2062 -12.655 -31.784 1.430 0.0000000000
2063 -14.764 -30.543 0.834 0.0000000000
2064 -7.480 -33.562 2.594 0.0000000000
2065 -10.175 -32.814 1.987 0.0000000000
2066 -10.973 -33.234 0.103 0.0000000000
2067 -8.285 -34.686 -0.819 0.0000000000
2068 -10.328 -34.177 -1.949 0.0000000000
2069 -4.793 -32.957 5.606 0.0000000000
2070 -5.230 -33.525 3.765 0.0000000000
2071 -5.368 -32.122 7.012 0.0000000000
2072 -5.472 -33.427 4.868 0.0000000000
2073 -5.688 -34.402 2.770 0.0000000000
2074 -6.036 -34.838 0.033 0.0000000000
2075 -5.805 -35.396 -1.579 0.0000000000
2076 -5.710 -34.258 1.827 0.0000000000
2077 -5.111 -34.781 1.257 0.0000000000
2078 -6.050 -35.109 0.889 0.0000000000
2079 -6.168 -36.006 -1.994 0.0000000000
2080 -6.051 -35.973 -3.311 0.0000000000
2081 -6.866 -35.623 -0.659 0.0000000000
2082 -8.191 -35.691 -2.109 0.0000000000
2083 -9.750 -35.184 -3.476 0.0000000000
2084 -14.545 -31.081 -1.518 0.0000000000
2085 -16.506 -28.956 -0.154 0.0000000000
2086 -8.627 -34.844 -4.008 0.0000000000
2087 -11.849 -33.267 -3.043 0.0000000000
2088 -13.114 -31.583 -3.925 0.0000000000
2089 -10.149 -31.115 -4.991 0.0000000000
2090 -13.026 -29.301 -4.270 0.0000000000
2091 -7.097 -35.818 -4.863 0.0000000000
2092 -6.436 -35.528 -4.462 0.0000000000
2093 -11.046 -34.110 -4.835 0.0000000000
2094 -9.053 -35.177 -4.872 0.0000000000
2095 -8.296 -34.705 -6.234 0.0000000000
2096 -8.802 -33.078 -7.482 0.0000000000
2097 -6.891 -33.940 -7.290 0.0000000000
2098 -7.321 -32.221 -5.991 0.0000000000
2099 -7.573 -31.580 -3.785 0.0000000000
2100 -7.277 -34.617 -5.867 0.0000000000
2101 -5.924 -33.405 -6.768 0.0000000000
2102 -4.864 -32.933 -6.452 0.0000000000
2103 -5.781 -32.200 -2.991 0.0000000000
2104 -8.512 -30.741 -2.443 0.0000000000
2105 -4.815 -32.461 -6.403 0.0000000000
2106 -4.080 -32.702 -4.182 0.0000000000
2107 -4.293 -32.466 -2.850 0.0000000000
2109 -5.611 -31.825 -2.262 0.0000000000
2112 -7.617 -32.269 -8.160 0.0000000000
2117 -11.135 -32.957 -8.140 0.0000000000
2119 -12.809 -32.989 -4.550 0.0000000000
2120 -12.101 -32.644 -6.460 0.0000000000
2121 -13.241 -32.813 -8.137 0.0000000000
2122 -15.173 -32.215 -7.589 0.0000000000
2123 -13.978 -32.172 -9.248 0.0000000000
2126 -9.986 -32.180 -10.033 0.0000000000
2127 -12.464 -31.843 -10.318 0.0000000000
2128 -14.833 -31.308 -9.939 0.0000000000
2131 -16.984 -30.431 -9.261 0.0000000000
2132 -15.759 -30.469 -10.177 0.0000000000
2136 -14.030 -32.266 -0.615 0.0000000000
2137 -13.490 -32.965 -2.685 0.0000000000
2138 -14.390 -30.178 3.816 0.0000000000
2139 -14.340 -31.343 1.624 0.0000000000
2140 -15.395 -30.857 0.563 0.0000000000
2141 -16.521 -29.337 1.704 0.0000000000
2142 -16.276 -30.164 -0.542 0.0000000000
2143 -14.738 -27.619 8.235 0.0000000000
2144 -14.470 -28.877 6.093 0.0000000000
2145 -14.962 -26.426 9.704 0.0000000000
2146 -16.037 -26.400 8.827 0.0000000000
2147 -17.164 -26.167 7.930 0.0000000000
2148 -16.560 -28.200 3.885 0.0000000000
2149 -17.540 -27.588 2.867 0.0000000000
2150 -15.491 -28.629 4.938 0.0000000000
2151 -16.961 -27.321 6.075 0.0000000000
2152 -18.279 -25.669 7.021 0.0000000000
2153 -19.062 -26.104 4.134 0.0000000000
2154 -18.342 -26.750 1.880 0.0000000000
2155 -19.305 -24.994 6.125 0.0000000000
2156 -20.330 -24.302 5.102 0.0000000000
2157 -21.300 -23.652 3.937 0.0000000000
2158 -19.878 -28.330 -8.417 0.0000000000
2160 -17.916 -30.434 -7.678 0.0000000000
2161 -18.910 -29.398 -8.272 0.0000000000
2162 -20.402 -28.147 -7.041 0.0000000000
2163 -20.546 -27.688 -4.960 0.0000000000
2164 -21.555 -26.652 -5.838 0.0000000000
2165 -15.576 -31.286 -5.598 0.0000000000
2166 -16.883 -31.227 -6.748 0.0000000000
2167 -14.369 -31.834 -3.982 0.0000000000
2168 -15.695 -30.578 -3.064 0.0000000000
2169 -16.890 -29.146 -1.854 0.0000000000
2170 -19.408 -28.421 -4.195 0.0000000000
2171 -20.352 -26.562 -2.953 0.0000000000
2172 -18.297 -29.993 -5.574 0.0000000000
2173 -17.923 -28.553 -3.415 0.0000000000
2174 -17.986 -27.503 -0.558 0.0000000000
2175 -19.731 -24.470 -0.720 0.0000000000
2176 -21.250 -24.569 -1.878 0.0000000000
2177 -18.997 -25.592 0.846 0.0000000000
2178 -20.826 -24.411 1.931 0.0000000000
2179 -22.332 -22.981 2.756 0.0000000000
2182 -22.587 -25.025 -4.762 0.0000000000
2183 -22.417 -25.448 -6.415 0.0000000000
2185 -24.130 -22.664 -5.838 0.0000000000
2187 -22.501 -22.746 -0.640 0.0000000000
2188 -22.533 -24.218 -2.779 0.0000000000
2189 -23.290 -22.197 1.727 0.0000000000
2190 -24.131 -21.624 0.543 0.0000000000
2191 -24.719 -21.081 -0.956 0.0000000000
2192 -24.389 -22.275 -4.772 0.0000000000
2193 -25.041 -20.920 -5.067 0.0000000000
2194 -23.532 -23.392 -3.890 0.0000000000
2195 -24.305 -21.642 -2.983 0.0000000000
2196 -25.281 -20.161 -2.598 0.0000000000
2240 -5.041 -30.491 -2.774 0.0000000000
2382 -10.607 -26.128 -3.024 0.0000000000
2385 -6.346 -30.250 -2.621 0.0000000000
2400 -9.790 -13.739 -0.258 0.0000000000
2408 -13.757 -12.893 -4.685 0.0000000000
2419 -8.341 -21.641 -0.738 0.0000000000
2420 -8.778 -19.915 -0.747 0.0000000000
2426 -4.742 -26.572 -1.339 0.0000000000
2427 -6.053 -26.778 -0.622 0.0000000000
2428 -7.480 -23.398 -0.802 0.0000000000
2429 -9.440 -23.407 0.810 0.0000000000
2430 -6.611 -23.467 -2.221 0.0000000000
2431 -6.714 -24.950 -0.809 0.0000000000
2432 -8.082 -27.239 0.374 0.0000000000
2433 -10.819 -25.078 1.998 0.0000000000
2434 -11.754 -22.639 2.182 0.0000000000
2435 -10.017 -27.168 1.445 0.0000000000
2436 -12.532 -26.321 2.038 0.0000000000
2437 -14.951 -25.744 1.794 0.0000000000
2440 -13.805 -13.716 -1.598 0.0000000000
2441 -14.213 -14.688 -4.991 0.0000000000
2443 -16.759 -17.390 -3.284 0.0000000000
2444 -13.598 -18.203 -3.328 0.0000000000
2445 -9.272 -16.362 0.348 0.0000000000
2446 -11.577 -14.491 0.636 0.0000000000
2448 -8.880 -18.364 -0.320 0.0000000000
2449 -10.673 -19.406 1.251 0.0000000000
2450 -15.429 -17.104 -0.111 0.0000000000
2451 -16.923 -19.134 -0.957 0.0000000000
2452 -13.510 -15.463 0.310 0.0000000000
2453 -13.251 -17.855 1.593 0.0000000000
2454 -12.265 -20.560 2.167 0.0000000000
2455 -16.715 -21.356 0.323 0.0000000000
2456 -17.415 -21.957 -2.240 0.0000000000
2457 -14.525 -22.079 1.774 0.0000000000
2458 -15.967 -23.686 1.101 0.0000000000
2459 -17.476 -25.932 1.073 0.0000000000
2461 -13.461 -20.510 -2.508 0.0000000000
2465 -16.695 -24.824 -2.799 0.0000000000
2466 -14.945 -22.621 -3.803 0.0000000000
2467 -17.198 -26.899 -1.537 0.0000000000
2468 -15.397 -27.139 -3.468 0.0000000000
2469 -12.097 -27.411 -3.304 0.0000000000
2470 -12.941 -23.786 -1.179 0.0000000000
2472 -13.045 -22.858 -2.064 0.0000000000
2473 -12.298 -25.766 -2.381 0.0000000000
2474 -10.929 -28.593 -2.345 0.0000000000
2475 -10.224 -28.401 -2.492 0.0000000000
2476 -9.767 -29.683 -2.091 0.0000000000
2477 -7.915 -30.564 -2.325 0.0000000000
6012 -20.782 -23.268 5.916 0.0000000000
6021 -19.794 -23.916 6.872 0.0000000000
6057 -17.812 -25.122 8.414 0.0000000000
7635 -2.921 -31.717 0.680 0.0000000000
7685 -2.600 -30.990 2.605 0.0000000000
7690 -2.512 -29.386 4.393 0.0000000000
7704 -2.367 -28.945 7.023 0.0000000000
7707 -2.282 -28.348 8.398 0.0000000000
7708 -2.819 -28.296 9.617 0.0000000000
7709 -3.052 -28.850 9.430 0.0000000000
7803 -3.488 -28.402 10.512 0.0000000000
7894 -4.144 -28.460 11.094 0.0000000000
7895 -4.469 -29.231 10.547 0.0000000000
7897 -3.966 -27.900 11.417 0.0000000000
7898 -4.850 -28.409 11.411 0.0000000000
7899 -5.530 -28.266 11.653 0.0000000000
7900 -5.739 -29.059 10.974 0.0000000000
7908 -5.418 -27.611 12.174 0.0000000000
7909 -6.223 -28.118 11.827 0.0000000000
7913 -6.905 -27.902 11.969 0.0000000000
7914 -7.023 -28.748 11.220 0.0000000000
7919 -8.250 -28.163 11.494 0.0000000000
7965 -9.592 -27.596 11.564 0.0000000000
7993 -2.932 -30.833 -0.385 0.0000000000
7995 -3.176 -31.618 1.163 0.0000000000
7996 -3.188 -31.569 0.311 0.0000000000
7997 -3.407 -31.311 0.102 0.0000000000
7998 -4.218 -31.269 0.649 0.0000000000
7999 -3.732 -30.887 -0.015 0.0000000000
8000 -3.263 -28.953 -1.008 0.0000000000
8001 -3.635 -28.480 -1.035 0.0000000000
8002 -3.007 -29.357 -0.898 0.0000000000
8003 -3.460 -30.017 -0.556 0.0000000000
8004 -4.238 -30.368 -0.079 0.0000000000
8005 -4.377 -28.867 -0.583 0.0000000000
8006 -4.101 -27.937 -1.042 0.0000000000
8007 -5.298 -30.519 0.381 0.0000000000
8008 -4.861 -29.823 -0.120 0.0000000000
8009 -5.485 -29.235 -0.119 0.0000000000
8010 -6.564 -29.426 0.356 0.0000000000
8011 -6.063 -28.590 -0.124 0.0000000000
8012 -2.816 -30.432 3.092 0.0000000000
8013 -3.005 -31.191 2.130 0.0000000000
8014 -2.774 -29.053 5.521 0.0000000000
8015 -2.733 -29.499 4.118 0.0000000000
8016 -3.174 -29.665 3.712 0.0000000000
8017 -3.702 -28.856 4.733 0.0000000000
8018 -3.886 -29.708 3.391 0.0000000000
8019 -2.964 -29.135 8.239 0.0000000000
8020 -2.782 -29.021 6.938 0.0000000000
8021 -4.084 -29.691 9.729 0.0000000000
8022 -3.399 -29.396 9.240 0.0000000000
8023 -4.157 -29.857 8.977 0.0000000000
8024 -4.981 -31.015 8.325 0.0000000000
8025 -4.996 -30.238 8.566 0.0000000000
8026 -3.905 -28.693 6.587 0.0000000000
8027 -4.664 -28.467 6.341 0.0000000000
8028 -3.286 -28.858 6.778 0.0000000000
8029 -4.559 -29.214 8.049 0.0000000000
8030 -5.306 -30.794 7.844 0.0000000000
8031 -6.003 -29.922 7.348 0.0000000000
8032 -5.500 -28.239 6.165 0.0000000000
8033 -4.953 -31.877 6.696 0.0000000000
8034 -5.489 -31.298 7.028 0.0000000000
8035 -5.807 -31.673 6.207 0.0000000000
8036 -5.625 -32.504 5.169 0.0000000000
8037 -6.447 -31.841 5.635 0.0000000000
8038 -6.974 -30.025 0.859 0.0000000000
8039 -7.546 -29.475 0.834 0.0000000000
8040 -5.771 -30.713 1.099 0.0000000000
8041 -6.387 -30.464 0.928 0.0000000000
8042 -7.190 -29.989 1.626 0.0000000000
8043 -7.061 -29.531 2.544 0.0000000000
8044 -7.766 -29.297 2.309 0.0000000000
8045 -4.356 -31.107 1.449 0.0000000000
8046 -5.153 -30.918 1.280 0.0000000000
8047 -3.598 -31.230 1.710 0.0000000000
8048 -4.165 -30.569 2.385 0.0000000000
8049 -4.733 -29.735 3.174 0.0000000000
8050 -6.331 -29.689 2.746 0.0000000000
8051 -6.863 -28.715 3.669 0.0000000000
8052 -5.804 -30.381 1.976 0.0000000000
8053 -5.552 -29.736 2.954 0.0000000000
8054 -5.281 -28.752 4.151 0.0000000000
8055 -7.232 -28.367 5.803 0.0000000000
8056 -7.975 -28.390 5.427 0.0000000000
8057 -6.377 -28.284 6.032 0.0000000000
8058 -7.216 -30.630 6.339 0.0000000000
8059 -7.316 -31.892 5.250 0.0000000000
8060 -8.509 -29.344 1.306 0.0000000000
8061 -8.069 -28.830 0.812 0.0000000000
8062 -8.394 -28.408 3.088 0.0000000000
8063 -8.513 -29.026 2.060 0.0000000000
8064 -9.311 -28.752 1.852 0.0000000000
8065 -10.089 -27.951 2.472 0.0000000000
8066 -10.082 -28.436 1.674 0.0000000000
8067 -8.872 -30.561 5.679 0.0000000000
8068 -8.756 -28.384 4.948 0.0000000000
8069 -7.668 -32.563 4.229 0.0000000000
8070 -8.318 -31.828 4.950 0.0000000000
8071 -9.412 -31.579 4.715 0.0000000000
8072 -10.138 -32.027 3.676 0.0000000000
8073 -10.506 -31.131 4.520 0.0000000000
8074 -10.337 -27.923 3.656 0.0000000000
8075 -11.260 -27.650 3.166 0.0000000000
8076 -9.472 -28.237 4.277 0.0000000000
8077 -10.642 -29.478 4.845 0.0000000000
8078 -11.649 -30.489 4.424 0.0000000000
8079 -12.591 -28.118 3.521 0.0000000000
8080 -12.262 -27.386 2.674 0.0000000000
8081 -12.539 -30.983 3.325 0.0000000000
8082 -12.835 -29.647 4.192 0.0000000000
8083 -13.906 -28.690 3.653 0.0000000000
8084 -14.994 -29.340 2.875 0.0000000000
8085 -14.816 -27.662 2.904 0.0000000000
8086 -5.429 -29.986 9.892 0.0000000000
8087 -4.796 -29.952 9.844 0.0000000000
8088 -6.616 -29.815 10.090 0.0000000000
8089 -6.021 -29.917 10.024 0.0000000000
8090 -6.232 -30.683 8.803 0.0000000000
8091 -6.871 -31.383 7.453 0.0000000000
8092 -6.218 -31.461 7.636 0.0000000000
8093 -7.780 -29.468 10.379 0.0000000000
8094 -7.206 -29.690 10.183 0.0000000000
8095 -8.919 -28.858 10.716 0.0000000000
8096 -8.339 -29.142 10.610 0.0000000000
8097 -8.459 -30.041 9.384 0.0000000000
8098 -9.060 -30.447 8.160 0.0000000000
8099 -8.516 -30.676 7.827 0.0000000000
8100 -7.455 -31.212 7.363 0.0000000000
8101 -7.320 -32.098 6.209 0.0000000000
8102 -7.377 -30.461 8.807 0.0000000000
8103 -7.994 -30.968 7.489 0.0000000000
8104 -8.541 -31.513 6.323 0.0000000000
8105 -7.675 -32.775 5.083 0.0000000000
8106 -6.857 -32.908 5.251 0.0000000000
8107 -9.058 -32.089 5.333 0.0000000000
8108 -8.424 -32.522 5.129 0.0000000000
8109 -7.972 -33.312 4.060 0.0000000000
8110 -8.243 -33.707 3.132 0.0000000000
8111 -7.275 -33.936 3.227 0.0000000000
8112 -10.165 -28.056 10.881 0.0000000000
8113 -9.532 -28.500 10.826 0.0000000000
8115 -10.818 -27.575 10.939 0.0000000000
8116 -10.733 -28.541 10.136 0.0000000000
8117 -11.313 -28.898 9.416 0.0000000000
8118 -10.731 -29.412 9.194 0.0000000000
8119 -12.854 -26.504 10.818 0.0000000000
8123 -13.334 -26.674 10.450 0.0000000000
8124 -13.839 -26.802 10.065 0.0000000000
8125 -13.204 -27.308 9.847 0.0000000000
8126 -11.919 -28.365 9.543 0.0000000000
8127 -11.883 -29.170 8.623 0.0000000000
8128 -12.010 -27.508 10.322 0.0000000000
8129 -12.553 -27.841 9.671 0.0000000000
8130 -13.074 -28.052 9.048 0.0000000000
8131 -12.409 -29.344 7.791 0.0000000000
8132 -11.863 -29.818 7.489 0.0000000000
8133 -13.578 -28.172 8.416 0.0000000000
8134 -12.985 -28.800 8.097 0.0000000000
8135 -12.910 -29.450 6.988 0.0000000000
8136 -13.372 -29.481 6.202 0.0000000000
8137 -12.800 -30.012 5.706 0.0000000000
8138 -9.129 -33.340 3.240 0.0000000000
8139 -8.523 -34.009 2.266 0.0000000000
8140 -9.631 -31.530 5.687 0.0000000000
8141 -9.524 -32.571 4.433 0.0000000000
8142 -9.924 -32.891 3.571 0.0000000000
8143 -10.619 -32.379 4.000 0.0000000000
8144 -10.278 -33.094 2.740 0.0000000000
8145 -9.617 -30.177 8.562 0.0000000000
8146 -9.634 -30.712 7.108 0.0000000000
8147 -9.561 -29.455 9.828 0.0000000000
8148 -10.170 -29.837 8.917 0.0000000000
8149 -10.763 -30.051 8.039 0.0000000000
8150 -10.722 -31.390 5.266 0.0000000000
8151 -11.214 -31.800 4.413 0.0000000000
8152 -10.179 -30.983 6.131 0.0000000000
8153 -10.737 -30.542 6.667 0.0000000000
8154 -11.308 -30.188 7.159 0.0000000000
8155 -11.740 -31.200 4.797 0.0000000000
8156 -11.664 -32.087 3.598 0.0000000000
8157 -11.777 -30.346 6.134 0.0000000000
8158 -12.260 -30.583 5.231 0.0000000000
8159 -12.785 -30.823 4.500 0.0000000000
8160 -8.879 -34.256 1.466 0.0000000000
8161 -7.803 -34.592 1.467 0.0000000000
8162 -10.664 -33.279 1.968 0.0000000000
8163 -9.825 -33.789 1.630 0.0000000000
8164 -9.280 -34.457 0.717 0.0000000000
8165 -9.726 -34.553 -0.005 0.0000000000
8166 -8.637 -34.964 -0.061 0.0000000000
8167 -12.121 -32.228 2.861 0.0000000000
8168 -11.424 -32.768 2.390 0.0000000000
8169 -13.318 -30.949 3.850 0.0000000000
8170 -12.739 -31.602 3.342 0.0000000000
8171 -12.600 -32.237 2.192 0.0000000000
8172 -13.120 -32.157 1.588 0.0000000000
8173 -12.394 -32.795 1.061 0.0000000000
8174 -10.705 -34.033 0.209 0.0000000000
8175 -10.280 -34.570 -0.661 0.0000000000
8176 -11.103 -33.423 1.241 0.0000000000
8177 -11.603 -33.441 0.586 0.0000000000
8178 -12.149 -33.344 -0.005 0.0000000000
8179 -10.900 -34.444 -1.273 0.0000000000
8180 -9.838 -34.965 -1.420 0.0000000000
8181 -12.714 -33.175 -0.575 0.0000000000
8182 -11.854 -33.840 -0.978 0.0000000000
8183 -11.515 -34.229 -1.862 0.0000000000
8184 -12.119 -33.952 -2.441 0.0000000000
8185 -11.180 -34.527 -2.663 0.0000000000
8186 -14.426 -30.432 1.931 0.0000000000
8187 -15.520 -29.659 1.575 0.0000000000
8188 -12.133 -31.702 2.440 0.0000000000
8189 -13.284 -31.110 2.212 0.0000000000
8190 -13.739 -31.194 1.165 0.0000000000
8191 -12.947 -31.967 0.409 0.0000000000
8192 -13.929 -31.399 0.080 0.0000000000
8193 -9.574 -32.646 2.920 0.0000000000
8194 -10.897 -32.200 2.654 0.0000000000
8195 -6.975 -33.141 3.621 0.0000000000
8196 -8.260 -33.001 3.216 0.0000000000
8197 -8.833 -33.255 2.245 0.0000000000
8198 -7.997 -33.816 1.635 0.0000000000
8199 -9.398 -33.436 1.345 0.0000000000
8200 -11.859 -32.494 0.739 0.0000000000
8201 -12.012 -32.785 -0.306 0.0000000000
8202 -11.468 -32.325 1.697 0.0000000000
8203 -10.661 -32.996 1.064 0.0000000000
8204 -9.766 -33.682 0.464 0.0000000000
8205 -10.868 -33.633 -0.932 0.0000000000
8206 -11.718 -33.269 -1.441 0.0000000000
8207 -8.478 -34.331 0.024 0.0000000000
8208 -9.812 -33.985 -0.420 0.0000000000
8209 -9.415 -34.449 -1.328 0.0000000000
8210 -7.810 -35.039 -1.725 0.0000000000
8211 -8.794 -34.839 -2.310 0.0000000000
8212 -5.043 -32.991 4.794 0.0000000000
8213 -5.818 -33.115 4.154 0.0000000000
8214 -4.811 -32.301 6.529 0.0000000000
8215 -4.770 -32.643 5.635 0.0000000000
8216 -4.745 -33.345 4.577 0.0000000000
8217 -4.782 -33.537 4.549 0.0000000000
8218 -4.895 -33.849 3.493 0.0000000000
8219 -5.220 -31.390 8.086 0.0000000000
8220 -5.044 -31.957 7.279 0.0000000000
8221 -5.107 -30.665 9.009 0.0000000000
8222 -5.634 -31.496 7.856 0.0000000000
8223 -5.879 -32.190 6.711 0.0000000000
8224 -5.007 -33.204 5.325 0.0000000000
8225 -5.071 -33.773 4.296 0.0000000000
8226 -5.045 -32.566 6.330 0.0000000000
8227 -5.415 -32.780 5.943 0.0000000000
8228 -6.055 -32.893 5.556 0.0000000000
8229 -5.526 -33.971 3.790 0.0000000000
8230 -5.147 -34.235 3.174 0.0000000000
8231 -6.177 -33.537 4.457 0.0000000000
8232 -6.318 -34.034 3.453 0.0000000000
8233 -6.500 -34.443 2.484 0.0000000000
8234 -6.777 -35.149 -1.259 0.0000000000
8235 -6.468 -35.383 -2.121 0.0000000000
8236 -7.092 -34.541 0.447 0.0000000000
8237 -7.067 -34.811 -0.401 0.0000000000
8238 -5.962 -35.142 -0.763 0.0000000000
8239 -5.378 -35.113 -0.254 0.0000000000
8240 -5.441 -35.448 -1.002 0.0000000000
8241 -6.533 -33.964 2.149 0.0000000000
8242 -6.909 -34.221 1.260 0.0000000000
8243 -6.190 -33.601 3.149 0.0000000000
8244 -5.477 -33.951 2.774 0.0000000000
8245 -5.089 -34.220 2.470 0.0000000000
8246 -5.344 -34.796 0.529 0.0000000000
8247 -5.193 -35.119 0.389 0.0000000000
8248 -5.972 -34.551 0.904 0.0000000000
8249 -5.274 -34.547 1.420 0.0000000000
8250 -5.041 -34.419 2.328 0.0000000000
8251 -5.340 -35.010 1.100 0.0000000000
8252 -5.603 -35.339 0.238 0.0000000000
8253 -5.243 -34.643 2.104 0.0000000000
8254 -5.832 -34.789 1.786 0.0000000000
8255 -6.714 -34.777 1.563 0.0000000000
8256 -5.783 -35.697 -2.419 0.0000000000
8257 -6.232 -35.595 -2.958 0.0000000000
8258 -5.721 -35.778 -1.186 0.0000000000
8259 -5.668 -35.817 -1.828 0.0000000000
8260 -6.052 -36.047 -2.688 0.0000000000
8261 -6.735 -36.061 -2.775 0.0000000000
8262 -6.557 -36.094 -3.487 0.0000000000
8263 -6.396 -35.406 0.092 0.0000000000
8264 -5.942 -35.640 -0.537 0.0000000000
8265 -7.051 -35.065 0.750 0.0000000000
8266 -7.476 -35.301 -0.003 0.0000000000
8267 -8.026 -35.421 -0.733 0.0000000000
8268 -7.047 -35.929 -2.071 0.0000000000
8269 -7.766 -35.870 -2.797 0.0000000000
8270 -6.437 -35.834 -1.313 0.0000000000
8271 -7.472 -35.728 -1.396 0.0000000000
8272 -8.679 -35.420 -1.439 0.0000000000
8273 -8.961 -35.531 -2.801 0.0000000000
8274 -8.590 -35.637 -3.491 0.0000000000
8275 -9.392 -35.301 -2.115 0.0000000000
8276 -10.127 -35.060 -2.770 0.0000000000
8277 -10.823 -34.671 -3.417 0.0000000000
8278 -15.718 -29.816 0.403 0.0000000000
8279 -16.539 -28.706 1.117 0.0000000000
8280 -13.772 -31.742 -1.101 0.0000000000
8281 -14.835 -30.759 -0.294 0.0000000000
8282 -15.616 -30.014 -0.769 0.0000000000
8283 -15.128 -30.237 -1.988 0.0000000000
8284 -16.132 -29.098 -1.326 0.0000000000
8285 -11.110 -33.796 -2.539 0.0000000000
8286 -12.547 -32.801 -1.882 0.0000000000
8287 -7.957 -35.148 -3.326 0.0000000000
8288 -9.552 -34.598 -2.991 0.0000000000
8289 -10.275 -34.184 -3.623 0.0000000000
8290 -9.309 -34.300 -4.666 0.0000000000
8291 -10.958 -33.548 -4.176 0.0000000000
8292 -13.942 -31.387 -2.729 0.0000000000
8293 -14.397 -30.431 -3.185 0.0000000000
8294 -13.302 -32.195 -2.319 0.0000000000
8295 -12.532 -32.526 -3.492 0.0000000000
8296 -11.550 -32.621 -4.676 0.0000000000
8297 -13.258 -30.467 -4.321 0.0000000000
8298 -14.624 -29.367 -3.651 0.0000000000
8299 -10.164 -32.229 -5.539 0.0000000000
8300 -11.750 -31.429 -4.940 0.0000000000
8301 -11.647 -30.217 -4.584 0.0000000000
8302 -9.954 -30.389 -4.087 0.0000000000
8303 -11.260 -29.407 -3.933 0.0000000000
8304 -6.154 -35.768 -3.851 0.0000000000
8305 -6.716 -35.478 -3.577 0.0000000000
8306 -7.230 -35.940 -4.188 0.0000000000
8307 -6.494 -35.995 -4.164 0.0000000000
8308 -6.511 -35.826 -4.792 0.0000000000
8309 -7.045 -35.582 -5.531 0.0000000000
8310 -6.557 -35.565 -5.408 0.0000000000
8311 -9.395 -35.231 -4.180 0.0000000000
8312 -8.268 -35.659 -4.182 0.0000000000
8313 -11.410 -34.185 -4.072 0.0000000000
8314 -10.453 -34.726 -4.154 0.0000000000
8315 -10.092 -34.669 -4.877 0.0000000000
8316 -10.644 -33.896 -5.576 0.0000000000
8317 -9.691 -34.498 -5.570 0.0000000000
8318 -7.756 -35.387 -5.537 0.0000000000
8319 -7.522 -35.038 -6.223 0.0000000000
8320 -7.990 -35.588 -4.867 0.0000000000
8321 -8.689 -35.002 -5.546 0.0000000000
8322 -9.187 -34.227 -6.254 0.0000000000
8323 -7.758 -34.307 -6.876 0.0000000000
8324 -7.080 -34.541 -6.842 0.0000000000
8325 -9.539 -33.323 -6.971 0.0000000000
8326 -8.577 -33.861 -6.886 0.0000000000
8327 -7.740 -33.558 -7.355 0.0000000000
8328 -7.837 -32.925 -7.702 0.0000000000
8329 -6.697 -33.377 -7.491 0.0000000000
8330 -8.702 -31.240 -4.373 0.0000000000
8331 -8.838 -30.750 -3.485 0.0000000000
8332 -8.565 -32.873 -6.055 0.0000000000
8333 -8.674 -31.762 -5.421 0.0000000000
8334 -7.313 -31.888 -4.724 0.0000000000
8335 -6.154 -32.275 -5.280 0.0000000000
8336 -6.237 -32.160 -4.173 0.0000000000
8337 -7.830 -34.843 -4.950 0.0000000000
8338 -8.304 -34.143 -5.669 0.0000000000
8339 -7.232 -35.272 -4.252 0.0000000000
8340 -6.855 -35.214 -5.115 0.0000000000
8341 -6.635 -35.009 -6.030 0.0000000000
8342 -6.448 -32.732 -6.481 0.0000000000
8343 -5.378 -32.562 -5.886 0.0000000000
8344 -7.532 -33.455 -6.477 0.0000000000
8345 -6.889 -33.934 -6.649 0.0000000000
8346 -6.553 -34.510 -6.744 0.0000000000
8347 -5.149 -33.168 -6.533 0.0000000000
8348 -4.717 -32.626 -5.400 0.0000000000
8349 -6.163 -33.985 -7.143 0.0000000000
8350 -5.781 -33.466 -7.226 0.0000000000
8351 -5.666 -33.096 -7.214 0.0000000000
8352 -7.952 -31.146 -3.016 0.0000000000
8353 -9.148 -30.275 -2.764 0.0000000000
8354 -5.331 -32.403 -3.735 0.0000000000
8355 -6.611 -31.879 -3.349 0.0000000000
8356 -7.152 -31.538 -2.677 0.0000000000
8357 -6.383 -31.895 -2.453 0.0000000000
8358 -7.840 -31.107 -2.312 0.0000000000
8359 -4.266 -32.668 -5.192 0.0000000000
8360 -4.532 -32.575 -4.319 0.0000000000
8361 -5.706 -32.735 -7.213 0.0000000000
8362 -4.831 -32.727 -6.457 0.0000000000
8363 -4.085 -32.550 -5.275 0.0000000000
8364 -4.013 -32.305 -5.343 0.0000000000
8365 -3.700 -32.652 -4.235 0.0000000000
8366 -5.019 -32.380 -2.793 0.0000000000
8367 -5.563 -32.140 -2.416 0.0000000000
8368 -4.665 -32.591 -3.428 0.0000000000
8369 -4.087 -32.670 -3.398 0.0000000000
8370 -3.579 -32.618 -3.526 0.0000000000
8371 -4.925 -32.204 -2.438 0.0000000000
8372 -6.170 -31.802 -2.243 0.0000000000
8374 -3.866 -32.391 -2.999 0.0000000000
8375 -4.520 -32.130 -2.524 0.0000000000
8376 -4.299 -32.049 -2.648 0.0000000000
8377 -5.198 -31.697 -2.333 0.0000000000
8379 -4.204 -31.962 -2.756 0.0000000000
8380 -3.585 -31.960 -4.684 0.0000000000
8385 -4.753 -32.111 -6.284 0.0000000000
8386 -3.998 -31.979 -5.396 0.0000000000
8387 -7.161 -32.488 -7.776 0.0000000000
8388 -5.839 -32.390 -7.237 0.0000000000
8389 -5.895 -32.070 -7.225 0.0000000000
8390 -7.605 -32.136 -8.585 0.0000000000
8391 -6.151 -31.832 -7.334 0.0000000000
8396 -6.608 -31.700 -7.525 0.0000000000
8404 -9.166 -32.717 -8.204 0.0000000000
8405 -8.225 -32.533 -8.199 0.0000000000
8406 -10.607 -32.901 -7.171 0.0000000000
8407 -10.005 -32.849 -7.836 0.0000000000
8408 -10.370 -32.860 -8.733 0.0000000000
8409 -11.501 -32.890 -8.952 0.0000000000
8410 -10.651 -32.688 -9.460 0.0000000000
8411 -11.553 -33.298 -5.551 0.0000000000
8412 -11.089 -33.052 -6.373 0.0000000000
8413 -12.305 -33.647 -3.897 0.0000000000
8414 -11.943 -33.537 -4.729 0.0000000000
8415 -12.463 -32.769 -5.488 0.0000000000
8416 -13.333 -32.311 -5.359 0.0000000000
8417 -13.076 -32.440 -6.425 0.0000000000
8418 -12.203 -32.946 -8.227 0.0000000000
8419 -12.582 -32.771 -8.922 0.0000000000
8420 -11.695 -32.818 -7.358 0.0000000000
8421 -12.741 -32.771 -7.391 0.0000000000
8422 -13.727 -32.596 -7.241 0.0000000000
8423 -13.628 -32.573 -8.747 0.0000000000
8424 -12.888 -32.419 -9.488 0.0000000000
8425 -14.642 -32.285 -6.975 0.0000000000
8426 -14.230 -32.567 -7.906 0.0000000000
8427 -14.645 -32.272 -8.467 0.0000000000
8428 -15.619 -31.895 -8.141 0.0000000000
8429 -15.039 -31.868 -8.976 0.0000000000
8437 -8.669 -32.348 -9.479 0.0000000000
8438 -8.823 -32.109 -9.826 0.0000000000
8439 -8.536 -32.464 -8.901 0.0000000000
8440 -9.687 -32.478 -9.643 0.0000000000
8441 -10.934 -32.340 -9.931 0.0000000000
8442 -11.542 -31.736 -10.537 0.0000000000
8443 -12.858 -31.491 -10.544 0.0000000000
8444 -10.226 -31.869 -10.276 0.0000000000
8445 -11.245 -32.023 -10.294 0.0000000000
8446 -12.085 -32.197 -10.014 0.0000000000
8447 -13.666 -31.617 -10.161 0.0000000000
8448 -14.136 -31.216 -10.356 0.0000000000
8449 -13.241 -32.016 -9.884 0.0000000000
8450 -14.371 -31.746 -9.666 0.0000000000
8451 -15.465 -31.394 -9.380 0.0000000000
8459 -15.341 -30.897 -10.115 0.0000000000
8461 -16.511 -30.948 -8.986 0.0000000000
8462 -15.954 -30.906 -9.626 0.0000000000
8463 -16.465 -30.444 -9.768 0.0000000000
8464 -17.501 -29.908 -9.355 0.0000000000
8465 -16.918 -29.980 -9.812 0.0000000000
8478 -12.987 -33.345 -2.113 0.0000000000
8479 -12.670 -33.579 -3.030 0.0000000000
8480 -13.506 -32.499 -0.067 0.0000000000
8481 -13.280 -32.977 -1.127 0.0000000000
8482 -13.793 -32.697 -1.680 0.0000000000
8483 -14.527 -31.991 -1.156 0.0000000000
8484 -14.251 -32.311 -2.242 0.0000000000
8485 -13.795 -31.525 2.157 0.0000000000
8486 -13.664 -31.994 1.031 0.0000000000
8487 -13.831 -30.197 4.360 0.0000000000
8488 -13.859 -30.943 3.271 0.0000000000
8489 -14.417 -30.854 2.736 0.0000000000
8490 -14.944 -30.062 3.286 0.0000000000
8491 -14.954 -30.651 2.199 0.0000000000
8492 -14.733 -31.559 -0.035 0.0000000000
8493 -15.210 -31.265 -0.571 0.0000000000
8494 -14.221 -31.808 0.505 0.0000000000
8495 -14.891 -31.132 1.095 0.0000000000
8496 -15.501 -30.427 1.681 0.0000000000
8497 -15.866 -30.549 0.022 0.0000000000
8498 -15.640 -30.895 -1.131 0.0000000000
8499 -16.043 -29.648 2.246 0.0000000000
8500 -16.006 -30.145 1.143 0.0000000000
8501 -16.450 -29.802 0.587 0.0000000000
8502 -16.963 -28.998 1.145 0.0000000000
8503 -16.861 -29.408 0.028 0.0000000000
8504 -13.974 -28.922 6.720 0.0000000000
8505 -13.836 -29.467 5.500 0.0000000000
8506 -14.205 -27.537 8.782 0.0000000000
8507 -14.093 -28.275 7.812 0.0000000000
8508 -14.614 -28.300 7.219 0.0000000000
8509 -15.284 -27.645 7.678 0.0000000000
8510 -15.139 -28.255 6.646 0.0000000000
8511 -14.463 -26.430 10.121 0.0000000000
8512 -14.332 -26.905 9.585 0.0000000000
8514 -15.117 -26.038 10.006 0.0000000000
8515 -15.611 -26.017 9.686 0.0000000000
8516 -15.408 -26.996 8.593 0.0000000000
8517 -15.973 -26.986 8.077 0.0000000000
8518 -14.851 -26.955 9.092 0.0000000000
8519 -15.496 -26.431 9.280 0.0000000000
8520 -16.124 -25.974 9.341 0.0000000000
8521 -16.606 -26.312 8.407 0.0000000000
8522 -16.538 -26.901 7.581 0.0000000000
8523 -16.651 -25.856 8.975 0.0000000000
8524 -17.233 -25.714 8.562 0.0000000000
8525 -17.742 -25.473 8.121 0.0000000000
8526 -16.999 -28.466 2.257 0.0000000000
8527 -17.439 -28.119 1.721 0.0000000000
8528 -15.990 -29.021 3.303 0.0000000000
8529 -16.528 -28.773 2.799 0.0000000000
8530 -17.058 -27.899 3.371 0.0000000000
8531 -17.294 -27.513 4.496 0.0000000000
8532 -17.788 -27.172 4.001 0.0000000000
8533 -14.873 -29.335 4.354 0.0000000000
8534 -15.435 -29.213 3.824 0.0000000000
8535 -14.344 -29.430 4.908 0.0000000000
8536 -14.967 -28.762 5.507 0.0000000000
8537 -15.683 -28.164 6.083 0.0000000000
8538 -16.765 -27.790 5.009 0.0000000000
8539 -17.512 -27.075 5.564 0.0000000000
8540 -16.026 -28.444 4.392 0.0000000000
8541 -16.223 -28.013 5.525 0.0000000000
8542 -16.403 -27.499 6.593 0.0000000000
8543 -17.661 -26.530 6.579 0.0000000000
8544 -18.221 -26.255 6.116 0.0000000000
8545 -17.097 -26.742 7.073 0.0000000000
8546 -17.733 -25.954 7.466 0.0000000000
8547 -18.265 -25.217 7.745 0.0000000000
8548 -17.947 -27.197 2.366 0.0000000000
8549 -17.833 -27.675 1.210 0.0000000000
8550 -18.596 -26.482 4.624 0.0000000000
8551 -18.253 -26.820 3.522 0.0000000000
8552 -18.673 -26.413 3.034 0.0000000000
8553 -19.529 -25.703 3.652 0.0000000000
8554 -19.084 -25.958 2.563 0.0000000000
8555 -18.804 -25.341 6.597 0.0000000000
8556 -18.762 -25.940 5.661 0.0000000000
8557 -18.761 -24.864 7.330 0.0000000000
8558 -19.283 -24.550 6.893 0.0000000000
8559 -19.781 -24.202 6.398 0.0000000000
8560 -19.750 -25.219 4.678 0.0000000000
8561 -20.255 -24.850 4.165 0.0000000000
8562 -19.266 -25.592 5.181 0.0000000000
8563 -19.821 -24.665 5.636 0.0000000000
8564 -20.301 -23.879 5.888 0.0000000000
8565 -20.814 -23.961 4.546 0.0000000000
8566 -20.732 -24.504 3.595 0.0000000000
8567 -20.863 -23.526 5.377 0.0000000000
8572 -18.983 -28.917 -8.937 0.0000000000
8573 -19.394 -28.488 -8.856 0.0000000000
8574 -20.196 -27.860 -8.446 0.0000000000
8575 -20.619 -27.651 -7.955 0.0000000000
8576 -20.933 -27.104 -7.958 0.0000000000
8577 -17.979 -29.926 -8.836 0.0000000000
8578 -18.507 -29.416 -8.920 0.0000000000
8579 -17.017 -30.951 -8.168 0.0000000000
8580 -17.480 -30.450 -8.570 0.0000000000
8581 -18.417 -29.944 -8.064 0.0000000000
8582 -18.725 -29.871 -7.067 0.0000000000
8583 -19.233 -29.366 -7.405 0.0000000000
8584 -20.169 -28.216 -7.840 0.0000000000
8585 -20.830 -27.546 -7.306 0.0000000000
8586 -19.393 -28.853 -8.397 0.0000000000
8587 -19.713 -28.802 -7.662 0.0000000000
8588 -19.921 -28.705 -6.696 0.0000000000
8589 -21.011 -27.434 -6.437 0.0000000000
8590 -21.446 -26.823 -6.738 0.0000000000
8591 -20.015 -28.495 -5.623 0.0000000000
8592 -20.534 -27.992 -6.039 0.0000000000
8593 -21.074 -27.203 -5.401 0.0000000000
8594 -21.059 -26.847 -4.340 0.0000000000
8595 -21.573 -26.372 -4.797 0.0000000000
8596 -16.042 -31.740 -7.216 0.0000000000
8597 -16.543 -31.413 -7.731 0.0000000000
8598 -14.807 -31.751 -5.973 0.0000000000
8599 -15.492 -31.869 -6.625 0.0000000000
8600 -16.292 -31.378 -6.212 0.0000000000
8601 -16.264 -30.736 -5.148 0.0000000000
8602 -17.015 -30.802 -5.711 0.0000000000
8603 -13.612 -32.410 -4.302 0.0000000000
8604 -14.143 -31.845 -5.147 0.0000000000
8605 -13.138 -33.046 -3.628 0.0000000000
8606 -13.923 -32.438 -3.278 0.0000000000
8607 -14.657 -31.798 -2.842 0.0000000000
8608 -15.543 -30.768 -4.415 0.0000000000
8609 -16.152 -30.136 -3.904 0.0000000000
8610 -14.871 -31.319 -4.832 0.0000000000
8611 -15.059 -31.234 -3.573 0.0000000000
8612 -15.336 -31.118 -2.326 0.0000000000
8613 -16.302 -29.883 -2.475 0.0000000000
8614 -16.722 -29.446 -3.319 0.0000000000
8615 -15.978 -30.405 -1.743 0.0000000000
8616 -16.598 -29.675 -1.150 0.0000000000
8617 -17.185 -28.907 -0.552 0.0000000000
8618 -20.507 -27.242 -3.918 0.0000000000
8619 -20.979 -26.332 -3.343 0.0000000000
8620 -19.462 -28.929 -5.259 0.0000000000
8621 -20.003 -28.116 -4.551 0.0000000000
8622 -19.905 -27.525 -3.554 0.0000000000
8623 -19.187 -27.645 -3.220 0.0000000000
8624 -19.611 -26.649 -2.627 0.0000000000
8625 -18.191 -30.304 -6.658 0.0000000000
8626 -18.865 -29.665 -5.985 0.0000000000
8627 -17.409 -30.872 -7.224 0.0000000000
8628 -17.649 -30.657 -6.213 0.0000000000
8629 -17.654 -30.149 -5.136 0.0000000000
8630 -18.723 -28.573 -3.848 0.0000000000
8631 -18.389 -27.677 -2.813 0.0000000000
8632 -18.885 -29.269 -4.896 0.0000000000
8633 -18.217 -29.403 -4.499 0.0000000000
8634 -17.415 -29.342 -4.050 0.0000000000
8635 -17.790 -27.872 -2.025 0.0000000000
8636 -18.288 -26.963 -1.357 0.0000000000
8637 -17.262 -28.685 -2.682 0.0000000000
8638 -17.470 -28.371 -1.215 0.0000000000
8639 -17.716 -28.069 0.060 0.0000000000
8640 -20.782 -25.565 -2.404 0.0000000000
8641 -21.450 -25.400 -2.824 0.0000000000
8642 -19.227 -25.593 -1.479 0.0000000000
8643 -20.011 -25.570 -2.010 0.0000000000
8644 -20.469 -24.497 -1.420 0.0000000000
8645 -20.635 -23.806 0.017 0.0000000000
8646 -21.128 -23.560 -0.763 0.0000000000
8647 -18.422 -26.531 0.125 0.0000000000
8648 -18.732 -25.941 -0.601 0.0000000000
8649 -18.161 -27.132 0.706 0.0000000000
8650 -18.686 -26.206 1.388 0.0000000000
8651 -19.480 -25.478 2.042 0.0000000000
8652 -20.237 -24.354 0.760 0.0000000000
8653 -21.244 -23.937 1.258 0.0000000000
8654 -19.310 -24.962 0.124 0.0000000000
8655 -19.867 -24.938 1.442 0.0000000000
8656 -20.416 -24.873 2.549 0.0000000000
8657 -21.658 -23.764 2.351 0.0000000000
8658 -22.133 -23.337 1.774 0.0000000000
8659 -21.214 -24.163 2.980 0.0000000000
8660 -21.822 -23.357 3.331 0.0000000000
8664 -21.603 -26.392 -7.471 0.0000000000
8669 -22.007 -26.056 -6.208 0.0000000000
8670 -21.879 -26.218 -6.938 0.0000000000
8671 -22.077 -25.530 -4.263 0.0000000000
8672 -22.059 -25.842 -5.273 0.0000000000
8673 -22.546 -25.278 -5.672 0.0000000000
8674 -23.062 -24.461 -5.266 0.0000000000
8675 -22.958 -24.666 -6.007 0.0000000000
8678 -22.175 -25.627 -7.004 0.0000000000
8679 -22.754 -24.852 -6.538 0.0000000000
8680 -23.348 -24.084 -6.215 0.0000000000
8683 -23.803 -23.258 -5.861 0.0000000000
8688 -21.937 -24.468 -2.304 0.0000000000
8689 -22.046 -25.100 -3.271 0.0000000000
8690 -22.121 -23.044 -0.006 0.0000000000
8691 -21.787 -23.589 -1.302 0.0000000000
8692 -22.399 -23.499 -1.809 0.0000000000
8693 -22.927 -22.551 -1.222 0.0000000000
8694 -22.950 -23.285 -2.324 0.0000000000
8695 -22.821 -22.561 2.245 0.0000000000
8696 -22.614 -22.915 1.235 0.0000000000
8697 -22.874 -22.218 3.044 0.0000000000
8700 -23.426 -22.216 0.061 0.0000000000
8701 -23.729 -21.905 -0.591 0.0000000000
8702 -23.058 -22.531 0.673 0.0000000000
8703 -23.737 -21.872 1.191 0.0000000000
8705 -24.471 -21.382 -0.168 0.0000000000
8706 -23.991 -21.582 -1.267 0.0000000000
8708 -25.061 -20.849 -0.168 0.0000000000
8709 -25.404 -20.497 -1.031 0.0000000000
8710 -24.626 -21.803 -5.439 0.0000000000
8712 -23.956 -23.091 -5.208 0.0000000000
8713 -24.337 -22.482 -5.378 0.0000000000
8714 -24.750 -21.605 -4.954 0.0000000000
8715 -24.771 -21.412 -4.348 0.0000000000
8716 -25.149 -20.753 -4.596 0.0000000000
8717 -23.068 -24.198 -4.335 0.0000000000
8718 -23.544 -23.673 -4.856 0.0000000000
8719 -22.571 -24.689 -3.782 0.0000000000
8720 -23.056 -23.851 -3.322 0.0000000000
8721 -23.461 -22.958 -2.863 0.0000000000
8722 -24.359 -22.014 -3.942 0.0000000000
8723 -24.741 -21.161 -3.588 0.0000000000
8724 -23.966 -22.868 -4.397 0.0000000000
8725 -23.925 -22.533 -3.429 0.0000000000
8726 -23.831 -22.025 -2.389 0.0000000000
8727 -24.741 -20.854 -2.681 0.0000000000
8728 -25.200 -20.353 -3.359 0.0000000000
8729 -24.323 -21.233 -1.954 0.0000000000
8730 -24.991 -20.664 -1.747 0.0000000000
8731 -25.610 -20.019 -1.952 0.0000000000
8739 -25.613 -19.473 -3.337 0.0000000000
8740 -25.536 -19.674 -3.835 0.0000000000
8741 -25.764 -19.234 -2.885 0.0000000000
8893 -5.025 -30.045 -3.014 0.0000000000
8896 -4.978 -31.163 -2.584 0.0000000000
9493 -9.489 -26.429 -3.379 0.0000000000
9494 -9.569 -27.421 -3.107 0.0000000000
9495 -8.425 -27.544 -3.349 0.0000000000
9497 -5.656 -28.934 -3.366 0.0000000000
9501 -5.621 -29.365 -3.000 0.0000000000
9502 -7.256 -29.394 -2.804 0.0000000000
9503 -6.383 -29.295 -2.932 0.0000000000
9504 -5.630 -30.164 -2.721 0.0000000000
9505 -5.549 -31.058 -2.521 0.0000000000
9559 -10.079 -12.989 -1.271 0.0000000000
9560 -10.940 -13.310 -0.949 0.0000000000
9561 -11.110 -12.820 -2.145 0.0000000000
9583 -11.944 -12.720 -3.077 0.0000000000
9591 -12.805 -12.999 -2.888 0.0000000000
9592 -12.820 -12.558 -4.354 0.0000000000
9631 -7.907 -21.751 -1.568 0.0000000000
9632 -8.215 -20.844 -1.615 0.0000000000
9633 -8.609 -20.749 -0.785 0.0000000000
9634 -9.071 -21.525 0.106 0.0000000000
9635 -9.350 -20.636 0.177 0.0000000000
9653 -5.362 -25.806 -1.489 0.0000000000
9655 -4.520 -26.279 -1.581 0.0000000000
9656 -4.195 -27.231 -1.331 0.0000000000
9657 -5.285 -26.599 -1.023 0.0000000000
9658 -5.795 -25.663 -1.178 0.0000000000
9659 -4.669 -27.343 -0.983 0.0000000000
9660 -5.532 -27.599 -0.592 0.0000000000
9661 -6.589 -27.862 -0.137 0.0000000000
9662 -8.805 -22.498 0.061 0.0000000000
9663 -9.871 -22.382 0.967 0.0000000000
9664 -7.417 -22.654 -1.574 0.0000000000
9665 -7.976 -22.537 -0.753 0.0000000000
9666 -8.420 -23.423 -0.008 0.0000000000
9667 -7.989 -24.309 -0.077 0.0000000000
9668 -9.039 -24.399 0.659 0.0000000000
9670 -7.045 -22.626 -2.178 0.0000000000
9673 -6.171 -24.185 -2.114 0.0000000000
9674 -6.988 -24.173 -0.883 0.0000000000
9675 -7.665 -25.184 -0.106 0.0000000000
9676 -6.899 -23.518 -1.595 0.0000000000
9677 -6.441 -24.197 -1.613 0.0000000000
9678 -6.110 -24.888 -1.406 0.0000000000
9679 -7.438 -26.132 -0.120 0.0000000000
9680 -8.423 -26.331 0.440 0.0000000000
9681 -6.493 -25.899 -0.655 0.0000000000
9682 -7.079 -27.052 -0.136 0.0000000000
9683 -7.614 -28.037 0.326 0.0000000000
9684 -10.537 -23.110 1.684 0.0000000000
9685 -11.121 -21.786 1.876 0.0000000000
9686 -9.659 -25.328 1.240 0.0000000000
9687 -10.033 -24.267 1.478 0.0000000000
9688 -11.316 -23.900 2.171 0.0000000000
9689 -12.281 -24.610 2.163 0.0000000000
9690 -12.828 -23.481 2.148 0.0000000000
9691 -9.034 -27.291 0.894 0.0000000000
9692 -9.386 -26.341 1.048 0.0000000000
9693 -8.585 -28.108 0.842 0.0000000000
9694 -9.597 -28.052 1.247 0.0000000000
9695 -10.659 -27.716 1.631 0.0000000000
9696 -11.730 -25.770 2.114 0.0000000000
9697 -13.093 -25.275 2.008 0.0000000000
9698 -10.411 -26.167 1.747 0.0000000000
9699 -11.176 -26.804 1.918 0.0000000000
9700 -11.894 -27.274 1.961 0.0000000000
9701 -13.795 -25.966 1.946 0.0000000000
9702 -14.318 -24.955 1.719 0.0000000000
9703 -13.153 -26.867 2.174 0.0000000000
9704 -14.329 -26.679 2.231 0.0000000000
9705 -15.520 -26.648 2.184 0.0000000000
9713 -14.426 -13.779 -4.979 0.0000000000
9715 -12.781 -13.388 -1.697 0.0000000000
9716 -13.782 -13.357 -2.913 0.0000000000
9717 -14.924 -14.070 -3.186 0.0000000000
9718 -15.048 -14.199 -1.791 0.0000000000
9719 -16.221 -14.903 -3.916 0.0000000000
9723 -14.320 -15.499 -4.492 0.0000000000
9724 -15.992 -15.766 -4.291 0.0000000000
9725 -13.899 -17.265 -3.775 0.0000000000
9727 -16.531 -16.258 -2.865 0.0000000000
9728 -15.625 -16.865 -4.230 0.0000000000
9729 -15.206 -17.961 -4.050 0.0000000000
9730 -16.623 -18.750 -3.714 0.0000000000
9731 -14.769 -19.162 -3.915 0.0000000000
9732 -10.658 -14.197 0.166 0.0000000000
9733 -11.809 -13.622 -0.657 0.0000000000
9735 -9.512 -14.962 0.376 0.0000000000
9736 -10.377 -15.499 0.769 0.0000000000
9737 -10.110 -16.833 0.814 0.0000000000
9738 -11.320 -15.825 1.146 0.0000000000
9744 -9.003 -17.509 0.086 0.0000000000
9745 -9.889 -17.963 0.646 0.0000000000
9747 -8.241 -17.583 -0.969 0.0000000000
9749 -9.652 -18.927 0.468 0.0000000000
9750 -10.813 -18.339 1.327 0.0000000000
9751 -8.844 -19.130 -0.590 0.0000000000
9752 -9.519 -19.778 0.296 0.0000000000
9753 -10.639 -20.495 1.321 0.0000000000
9754 -16.921 -18.201 -1.998 0.0000000000
9755 -17.112 -19.516 -2.489 0.0000000000
9756 -15.654 -16.081 -1.181 0.0000000000
9757 -16.359 -16.980 -1.543 0.0000000000
9758 -16.280 -18.119 -0.439 0.0000000000
9759 -15.332 -18.246 0.702 0.0000000000
9760 -16.168 -19.190 0.286 0.0000000000
9761 -13.731 -14.347 -0.465 0.0000000000
9762 -14.641 -15.132 -0.717 0.0000000000
9763 -12.764 -13.882 -0.411 0.0000000000
9764 -12.554 -14.946 0.510 0.0000000000
9765 -12.428 -16.149 1.099 0.0000000000
9766 -14.371 -17.378 0.877 0.0000000000
9767 -14.268 -18.493 1.504 0.0000000000
9768 -14.478 -16.223 0.123 0.0000000000
9769 -13.408 -16.650 0.977 0.0000000000
9770 -12.220 -17.413 1.535 0.0000000000
9771 -12.863 -19.242 2.086 0.0000000000
9772 -14.008 -19.774 1.941 0.0000000000
9773 -11.892 -18.740 1.832 0.0000000000
9774 -11.619 -20.213 1.949 0.0000000000
9775 -11.407 -20.979 1.933 0.0000000000
9776 -17.350 -20.339 -1.629 0.0000000000
9777 -17.014 -21.065 -3.033 0.0000000000
9778 -16.027 -20.390 0.789 0.0000000000
9779 -16.897 -20.154 -0.239 0.0000000000
9780 -17.557 -21.328 -0.894 0.0000000000
9781 -17.501 -22.453 -0.129 0.0000000000
9782 -17.873 -22.875 -1.521 0.0000000000
9783 -13.542 -21.166 2.145 0.0000000000
9784 -15.013 -20.700 1.575 0.0000000000
9785 -11.989 -21.433 2.168 0.0000000000
9786 -13.254 -22.524 2.161 0.0000000000
9787 -13.930 -23.205 1.889 0.0000000000
9788 -16.376 -22.565 0.740 0.0000000000
9789 -17.136 -23.529 0.546 0.0000000000
9790 -15.725 -21.648 1.072 0.0000000000
9791 -15.316 -22.830 1.340 0.0000000000
9792 -14.790 -23.932 1.550 0.0000000000
9793 -16.643 -24.578 1.073 0.0000000000
9794 -18.023 -24.895 0.275 0.0000000000
9795 -15.481 -24.737 1.415 0.0000000000
9796 -16.125 -25.607 1.584 0.0000000000
9797 -16.895 -27.048 1.797 0.0000000000
9805 -14.205 -20.318 -3.596 0.0000000000
9806 -13.505 -19.422 -2.888 0.0000000000
9807 -13.270 -19.610 -1.838 0.0000000000
9808 -13.290 -20.788 -1.498 0.0000000000
9809 -13.091 -19.846 -1.177 0.0000000000
9820 -16.722 -22.547 -3.333 0.0000000000
9821 -15.642 -21.440 -3.895 0.0000000000
9822 -17.533 -24.499 -1.942 0.0000000000
9823 -17.136 -23.500 -2.567 0.0000000000
9824 -16.220 -23.829 -3.552 0.0000000000
9825 -15.543 -24.950 -3.741 0.0000000000
9826 -14.388 -23.741 -3.657 0.0000000000
9827 -17.816 -26.604 -0.304 0.0000000000
9828 -17.874 -25.555 -1.219 0.0000000000
9829 -17.327 -27.708 0.483 0.0000000000
9830 -16.993 -27.937 -0.817 0.0000000000
9831 -16.424 -28.093 -1.946 0.0000000000
9832 -16.147 -25.986 -3.078 0.0000000000
9833 -14.676 -26.078 -3.811 0.0000000000
9834 -17.055 -25.849 -2.221 0.0000000000
9835 -16.484 -27.034 -2.535 0.0000000000
9836 -15.694 -28.216 -3.030 0.0000000000
9837 -13.686 -27.164 -3.817 0.0000000000
9838 -12.967 -26.053 -3.407 0.0000000000
9839 -14.352 -28.262 -3.954 0.0000000000
9840 -12.542 -28.281 -3.849 0.0000000000
9841 -11.101 -28.701 -3.265 0.0000000000
9844 -13.042 -22.218 -1.065 0.0000000000
9846 -12.504 -24.245 -1.247 0.0000000000
9847 -12.534 -25.458 -1.656 0.0000000000
9848 -12.079 -25.941 -1.796 0.0000000000
9849 -13.269 -21.628 -2.269 0.0000000000
9850 -13.370 -21.945 -1.393 0.0000000000
9851 -13.854 -21.460 -3.312 0.0000000000
9852 -13.485 -22.592 -3.076 0.0000000000
9853 -13.083 -23.780 -2.896 0.0000000000
9854 -12.805 -24.838 -1.761 0.0000000000
9855 -12.060 -26.501 -2.110 0.0000000000
9856 -13.252 -23.305 -1.450 0.0000000000
9857 -12.760 -24.261 -2.124 0.0000000000
9858 -12.634 -25.148 -2.829 0.0000000000
9859 -11.724 -27.301 -2.462 0.0000000000
9860 -11.394 -27.885 -2.107 0.0000000000
9861 -12.061 -26.580 -2.841 0.0000000000
9862 -11.319 -28.031 -2.768 0.0000000000
9863 -10.330 -29.262 -2.712 0.0000000000
9864 -11.681 -25.572 -2.524 0.0000000000
9865 -10.933 -27.859 -2.167 0.0000000000
9866 -11.581 -26.597 -2.313 0.0000000000
9867 -10.632 -27.170 -2.710 0.0000000000
9868 -9.346 -28.499 -2.814 0.0000000000
9869 -10.504 -29.027 -2.095 0.0000000000
9870 -10.741 -28.512 -2.005 0.0000000000
9871 -9.873 -29.738 -2.352 0.0000000000
9872 -9.380 -30.116 -2.238 0.0000000000
9873 -8.525 -30.654 -2.207 0.0000000000
9874 -9.003 -29.629 -2.424 0.0000000000
9875 -8.154 -29.530 -2.647 0.0000000000
9876 -9.816 -29.359 -2.160 0.0000000000
9877 -8.734 -30.392 -2.200 0.0000000000
9878 -7.562 -31.158 -2.207 0.0000000000
9879 -7.098 -30.450 -2.516 0.0000000000
9880 -6.820 -31.312 -2.274 0.0000000000
9881 -6.143 -31.204 -2.400 0.0000000000
23936 -20.529 -23.429 6.185 0.0000000000
23969 -20.056 -23.735 6.658 0.0000000000
23972 -19.555 -24.079 7.092 0.0000000000
24113 -18.035 -24.994 8.230 0.0000000000
30419 -2.780 -31.682 0.864 0.0000000000
30420 -2.720 -31.594 1.372 0.0000000000
30421 -2.887 -31.672 1.172 0.0000000000
30523 -2.599 -31.390 1.900 0.0000000000
30614 -2.493 -31.167 2.363 0.0000000000
30615 -2.657 -31.281 2.137 0.0000000000
30618 -2.417 -30.868 2.745 0.0000000000
30619 -2.367 -30.515 3.086 0.0000000000
30620 -2.519 -30.624 3.009 0.0000000000
30629 -2.340 -30.138 3.425 0.0000000000
30634 -2.466 -29.776 3.824 0.0000000000
30637 -2.426 -29.350 4.443 0.0000000000
30638 -2.396 -29.114 5.121 0.0000000000
30639 -2.507 -29.152 5.065 0.0000000000
30667 -2.312 -28.985 5.761 0.0000000000
30688 -2.256 -28.877 6.396 0.0000000000
30689 -2.389 -28.991 6.369 0.0000000000
30692 -2.233 -28.782 7.028 0.0000000000
30693 -2.245 -28.646 7.673 0.0000000000
30694 -2.371 -28.850 7.654 0.0000000000
30701 -2.055 -28.121 7.836 0.0000000000
30702 -2.154 -28.450 7.706 0.0000000000
30703 -2.383 -28.572 8.337 0.0000000000
30705 -2.084 -28.262 7.750 0.0000000000
30706 -2.195 -28.138 8.471 0.0000000000
30707 -2.619 -28.537 8.949 0.0000000000
30708 -2.744 -28.785 8.890 0.0000000000
30709 -2.466 -28.071 9.135 0.0000000000
30710 -2.529 -28.287 9.036 0.0000000000
30711 -2.935 -28.566 9.537 0.0000000000
30712 -3.256 -28.626 9.983 0.0000000000
30713 -3.389 -28.941 9.868 0.0000000000
31090 -3.137 -28.343 10.107 0.0000000000
31091 -3.598 -28.694 10.345 0.0000000000
31092 -2.406 -27.885 9.187 0.0000000000
31093 -2.739 -28.054 9.702 0.0000000000
31094 -3.046 -28.088 10.231 0.0000000000
31096 -3.401 -28.138 10.673 0.0000000000
31098 -2.142 -27.901 8.601 0.0000000000
31105 -2.967 -27.706 10.400 0.0000000000
31106 -2.357 -27.757 9.185 0.0000000000
31466 -3.945 -28.776 10.641 0.0000000000
31467 -4.096 -29.118 10.398 0.0000000000
31468 -3.732 -28.179 11.042 0.0000000000
31469 -3.817 -28.458 10.854 0.0000000000
31470 -4.313 -28.857 10.841 0.0000000000
31471 -4.648 -28.830 11.005 0.0000000000
31472 -4.796 -29.222 10.679 0.0000000000
31479 -4.325 -27.877 11.669 0.0000000000
31480 -4.498 -28.450 11.275 0.0000000000
31481 -4.949 -28.754 11.134 0.0000000000
31482 -4.045 -28.168 11.269 0.0000000000
31483 -4.397 -28.147 11.480 0.0000000000
31484 -4.759 -28.094 11.654 0.0000000000
31485 -5.285 -28.707 11.262 0.0000000000
31486 -5.418 -29.120 10.898 0.0000000000
31487 -5.105 -28.003 11.799 0.0000000000
31488 -5.189 -28.341 11.542 0.0000000000
31489 -5.618 -28.626 11.355 0.0000000000
31490 -5.956 -28.576 11.427 0.0000000000
31491 -6.066 -29.006 11.041 0.0000000000
31518 -5.875 -28.205 11.743 0.0000000000
31519 -6.294 -28.510 11.509 0.0000000000
31520 -5.041 -27.693 12.029 0.0000000000
31521 -5.459 -27.927 11.929 0.0000000000
31522 -5.816 -27.860 12.028 0.0000000000
31524 -6.171 -27.755 12.112 0.0000000000
31540 -6.624 -28.405 11.567 0.0000000000
31541 -6.707 -28.863 11.192 0.0000000000
31542 -6.514 -27.617 12.202 0.0000000000
31543 -6.560 -27.993 11.902 0.0000000000
31544 -6.952 -28.303 11.622 0.0000000000
31545 -7.277 -28.184 11.688 0.0000000000
31546 -7.331 -28.625 11.274 0.0000000000
31555 -7.595 -28.032 11.760 0.0000000000
31556 -6.886 -27.545 12.255 0.0000000000
31559 -7.910 -27.872 11.814 0.0000000000
31560 -7.936 -28.308 11.450 0.0000000000
31565 -8.573 -28.036 11.516 0.0000000000
31751 -9.244 -27.759 11.542 0.0000000000
31873 -3.013 -30.690 -0.444 0.0000000000
31874 -2.947 -30.152 -0.695 0.0000000000
31875 -3.060 -31.675 0.485 0.0000000000
31876 -2.977 -31.428 0.049 0.0000000000
31877 -2.994 -31.565 1.440 0.0000000000
31878 -3.061 -31.705 0.953 0.0000000000
31879 -3.241 -31.670 0.741 0.0000000000
31880 -3.430 -31.577 0.982 0.0000000000
31881 -3.420 -31.602 0.573 0.0000000000
31882 -3.168 -31.134 -0.154 0.0000000000
31883 -3.282 -30.957 -0.213 0.0000000000
31884 -3.071 -31.279 -0.072 0.0000000000
31885 -3.307 -31.449 0.193 0.0000000000
31886 -3.615 -31.486 0.466 0.0000000000
31887 -3.544 -31.129 0.035 0.0000000000
31888 -3.374 -30.761 -0.258 0.0000000000
31889 -3.961 -31.399 0.744 0.0000000000
31890 -3.769 -31.348 0.370 0.0000000000
31891 -3.961 -31.166 0.280 0.0000000000
31892 -4.470 -31.124 0.557 0.0000000000
31893 -4.189 -30.957 0.210 0.0000000000
31894 -3.449 -28.250 -1.203 0.0000000000
31895 -3.640 -28.060 -1.230 0.0000000000
31897 -3.269 -28.435 -1.192 0.0000000000
31898 -3.441 -28.721 -1.029 0.0000000000
31899 -3.534 -29.225 -0.814 0.0000000000
31900 -3.738 -28.948 -0.817 0.0000000000
31904 -2.912 -29.502 -0.862 0.0000000000
31905 -3.071 -29.969 -0.736 0.0000000000
31906 -3.364 -29.485 -0.790 0.0000000000
31907 -3.668 -29.739 -0.577 0.0000000000
31908 -3.142 -29.150 -0.953 0.0000000000
31909 -3.203 -29.746 -0.766 0.0000000000
31910 -3.263 -30.279 -0.523 0.0000000000
31911 -3.801 -30.224 -0.321 0.0000000000
31912 -4.060 -29.946 -0.339 0.0000000000
31913 -3.569 -30.494 -0.292 0.0000000000
31914 -3.973 -30.632 -0.051 0.0000000000
31915 -4.450 -30.718 0.169 0.0000000000
31916 -3.859 -28.217 -1.042 0.0000000000
31917 -3.877 -27.820 -1.224 0.0000000000
31918 -4.142 -29.159 -0.586 0.0000000000
31919 -3.933 -28.668 -0.822 0.0000000000
31920 -4.198 -28.386 -0.820 0.0000000000
31921 -4.659 -28.575 -0.584 0.0000000000
31922 -4.472 -28.107 -0.814 0.0000000000
31923 -4.544 -30.097 -0.100 0.0000000000
31924 -4.356 -29.663 -0.354 0.0000000000
31925 -4.993 -30.740 0.416 0.0000000000
31926 -4.754 -30.459 0.152 0.0000000000
31927 -5.072 -30.205 0.136 0.0000000000
31928 -5.623 -30.277 0.361 0.0000000000
31929 -5.409 -29.938 0.123 0.0000000000
31930 -4.923 -29.073 -0.354 0.0000000000
31931 -5.211 -28.782 -0.356 0.0000000000
31932 -4.631 -29.356 -0.349 0.0000000000
31933 -5.177 -29.529 -0.118 0.0000000000
31934 -5.729 -29.661 0.112 0.0000000000
31935 -5.783 -28.929 -0.119 0.0000000000
31936 -5.505 -28.463 -0.349 0.0000000000
31937 -6.260 -29.728 0.358 0.0000000000
31938 -6.039 -29.363 0.106 0.0000000000
31939 -6.333 -29.039 0.112 0.0000000000
31940 -6.840 -29.103 0.350 0.0000000000
31941 -6.594 -28.694 0.102 0.0000000000
31942 -2.780 -31.120 2.374 0.0000000000
31943 -2.850 -31.365 1.878 0.0000000000
31944 -2.609 -30.313 3.275 0.0000000000
31945 -2.678 -30.760 2.824 0.0000000000
31946 -2.906 -30.870 2.613 0.0000000000
31947 -3.070 -30.536 2.885 0.0000000000
31948 -3.179 -30.932 2.399 0.0000000000
31949 -2.621 -29.428 4.285 0.0000000000
31950 -2.581 -29.858 3.725 0.0000000000
31951 -2.620 -29.074 5.651 0.0000000000
31952 -2.630 -29.158 4.961 0.0000000000
31953 -2.761 -29.177 4.818 0.0000000000
31954 -2.945 -29.009 5.352 0.0000000000
31955 -2.926 -29.199 4.583 0.0000000000
31956 -2.965 -30.064 3.372 0.0000000000
31957 -3.275 -30.134 3.189 0.0000000000
31958 -2.746 -29.953 3.573 0.0000000000
31959 -2.920 -29.576 3.924 0.0000000000
31960 -3.130 -29.234 4.361 0.0000000000
31961 -3.501 -29.705 3.538 0.0000000000
31962 -3.638 -30.163 3.027 0.0000000000
31963 -3.378 -28.934 4.896 0.0000000000
31964 -3.393 -29.277 4.130 0.0000000000
31965 -3.766 -29.248 3.982 0.0000000000
31966 -4.066 -28.808 4.544 0.0000000000
31967 -4.161 -29.237 3.838 0.0000000000
31968 -2.552 -29.023 6.991 0.0000000000
31969 -2.556 -29.024 6.305 0.0000000000
31970 -2.703 -28.985 8.253 0.0000000000
31971 -2.569 -28.982 7.623 0.0000000000
31972 -2.812 -29.058 7.584 0.0000000000
31973 -3.303 -29.193 8.205 0.0000000000
31974 -3.155 -28.997 7.543 0.0000000000
31975 -3.198 -29.128 9.333 0.0000000000
31976 -2.898 -29.031 8.838 0.0000000000
31977 -3.896 -29.352 9.957 0.0000000000
31978 -3.550 -29.252 9.711 0.0000000000
31979 -3.735 -29.558 9.536 0.0000000000
31980 -4.311 -30.017 9.487 0.0000000000
31981 -4.009 -29.834 9.364 0.0000000000
31982 -3.513 -29.409 8.736 0.0000000000
31983 -3.923 -29.497 8.699 0.0000000000
31984 -3.173 -29.260 8.778 0.0000000000
31985 -3.733 -29.632 9.122 0.0000000000
31986 -4.348 -30.115 9.120 0.0000000000
31987 -4.589 -30.029 8.817 0.0000000000
31988 -4.430 -29.593 8.599 0.0000000000
31989 -4.815 -30.678 8.746 0.0000000000
31990 -4.711 -30.411 8.815 0.0000000000
31991 -4.978 -30.677 8.471 0.0000000000
31992 -5.007 -31.303 7.904 0.0000000000
31993 -5.091 -30.956 8.067 0.0000000000
31994 -4.095 -28.548 5.466 0.0000000000
31995 -4.445 -28.449 5.243 0.0000000000
31996 -3.444 -28.778 5.818 0.0000000000
31997 -3.743 -28.667 5.625 0.0000000000
31998 -4.276 -28.601 6.493 0.0000000000
31999 -4.658 -28.843 7.410 0.0000000000
32000 -5.081 -28.835 7.341 0.0000000000
32001 -2.980 -28.939 6.123 0.0000000000
32002 -3.175 -28.885 5.991 0.0000000000
32003 -2.783 -28.994 6.228 0.0000000000
32004 -3.057 -28.927 6.855 0.0000000000
32005 -3.492 -28.962 7.512 0.0000000000
32006 -4.229 -28.900 7.457 0.0000000000
32007 -4.966 -29.264 8.006 0.0000000000
32008 -3.548 -28.770 6.681 0.0000000000
32009 -3.843 -28.931 7.486 0.0000000000
32010 -4.188 -29.200 8.085 0.0000000000
32011 -5.196 -29.965 8.235 0.0000000000
32012 -5.438 -30.211 7.965 0.0000000000
32013 -4.858 -29.731 8.456 0.0000000000
32014 -5.211 -30.532 8.201 0.0000000000
32015 -5.099 -31.186 7.652 0.0000000000
32016 -5.082 -28.332 6.210 0.0000000000
32017 -4.893 -28.342 5.179 0.0000000000
32018 -5.731 -29.680 7.671 0.0000000000
32019 -5.477 -28.865 7.200 0.0000000000
32020 -5.863 -28.943 7.019 0.0000000000
32021 -6.273 -30.194 7.007 0.0000000000
32022 -6.240 -29.089 6.856 0.0000000000
32023 -5.398 -31.055 7.457 0.0000000000
32024 -5.658 -30.488 7.624 0.0000000000
32025 -4.930 -31.686 7.109 0.0000000000
32026 -5.145 -31.404 7.260 0.0000000000
32027 -5.200 -31.608 6.850 0.0000000000
32028 -5.003 -32.061 6.276 0.0000000000
32029 -5.277 -31.797 6.424 0.0000000000
32030 -5.995 -30.969 6.840 0.0000000000
32031 -6.210 -31.176 6.466 0.0000000000
32032 -5.830 -30.752 7.241 0.0000000000
32033 -5.620 -31.469 6.609 0.0000000000
32034 -5.416 -31.978 6.027 0.0000000000
32035 -6.088 -31.766 5.905 0.0000000000
32036 -6.512 -31.286 6.183 0.0000000000
32037 -5.305 -32.396 5.493 0.0000000000
32038 -5.673 -32.110 5.674 0.0000000000
32039 -6.021 -32.196 5.379 0.0000000000
32040 -6.036 -32.570 4.883 0.0000000000
32041 -6.445 -32.253 5.129 0.0000000000
32042 -7.061 -29.460 0.601 0.0000000000
32043 -7.335 -29.144 0.585 0.0000000000
32044 -6.467 -30.044 0.603 0.0000000000
32045 -6.774 -29.762 0.603 0.0000000000
32046 -7.263 -29.761 0.846 0.0000000000
32047 -7.448 -29.916 1.160 0.0000000000
32048 -7.747 -29.711 1.104 0.0000000000
32049 -5.849 -30.532 0.634 0.0000000000
32050 -6.156 -30.306 0.607 0.0000000000
32051 -5.270 -30.870 0.773 0.0000000000
32052 -5.547 -30.714 0.693 0.0000000000
32053 -6.074 -30.605 1.008 0.0000000000
32054 -6.198 -30.480 1.443 0.0000000000
32055 -6.531 -30.397 1.355 0.0000000000
32056 -7.147 -30.108 1.215 0.0000000000
32057 -7.522 -29.861 1.552 0.0000000000
32058 -6.678 -30.261 0.883 0.0000000000
32059 -6.843 -30.269 1.282 0.0000000000
32060 -6.862 -30.107 1.698 0.0000000000
32061 -7.492 -29.666 1.976 0.0000000000
32062 -7.846 -29.545 1.879 0.0000000000
32063 -6.812 -29.897 2.163 0.0000000000
32064 -7.150 -29.784 2.066 0.0000000000
32065 -7.408 -29.426 2.433 0.0000000000
32066 -7.321 -29.095 2.957 0.0000000000
32067 -7.681 -29.005 2.815 0.0000000000
32068 -4.711 -31.139 0.951 0.0000000000
32069 -5.003 -31.021 0.859 0.0000000000
32070 -4.009 -31.336 1.134 0.0000000000
32071 -4.368 -31.237 1.039 0.0000000000
32072 -4.758 -31.019 1.358 0.0000000000
32073 -4.688 -30.830 1.789 0.0000000000
32074 -5.100 -30.759 1.692 0.0000000000
32075 -3.363 -31.447 1.420 0.0000000000
32076 -3.671 -31.412 1.253 0.0000000000
32077 -3.084 -31.429 1.631 0.0000000000
32078 -3.280 -31.228 1.904 0.0000000000
32079 -3.495 -30.956 2.194 0.0000000000
32080 -4.273 -30.893 1.900 0.0000000000
32081 -4.580 -30.555 2.261 0.0000000000
32082 -3.957 -31.188 1.559 0.0000000000
32083 -3.877 -30.923 2.033 0.0000000000
32084 -3.763 -30.597 2.536 0.0000000000
32085 -4.448 -30.184 2.758 0.0000000000
32086 -4.873 -30.170 2.650 0.0000000000
32087 -4.032 -30.187 2.894 0.0000000000
32088 -4.309 -29.725 3.282 0.0000000000
32089 -4.580 -29.247 3.725 0.0000000000
32090 -6.944 -29.186 3.053 0.0000000000
32091 -7.238 -28.683 3.544 0.0000000000
32092 -6.460 -29.996 2.260 0.0000000000
32093 -6.701 -29.625 2.642 0.0000000000
32094 -6.579 -29.240 3.171 0.0000000000
32095 -6.205 -29.276 3.280 0.0000000000
32096 -6.457 -28.772 3.729 0.0000000000
32097 -5.874 -30.563 1.544 0.0000000000
32098 -6.201 -30.289 1.902 0.0000000000
32099 -5.475 -30.814 1.192 0.0000000000
32100 -5.499 -30.659 1.619 0.0000000000
32101 -5.412 -30.461 2.066 0.0000000000
32102 -5.949 -29.715 2.856 0.0000000000
32103 -5.824 -29.279 3.397 0.0000000000
32104 -6.082 -30.066 2.352 0.0000000000
32105 -5.692 -30.111 2.452 0.0000000000
32106 -5.285 -30.145 2.546 0.0000000000
32107 -5.413 -29.281 3.501 0.0000000000
32108 -5.685 -28.803 3.981 0.0000000000
32109 -5.152 -29.738 3.064 0.0000000000
32110 -5.015 -29.244 3.641 0.0000000000
32111 -4.896 -28.728 4.281 0.0000000000
32112 -7.326 -28.181 4.476 0.0000000000
32113 -7.696 -28.167 4.307 0.0000000000
32114 -6.520 -28.241 4.637 0.0000000000
32115 -6.920 -28.237 4.501 0.0000000000
32116 -7.612 -28.387 5.639 0.0000000000
32117 -7.725 -29.528 6.214 0.0000000000
32118 -8.115 -29.527 6.011 0.0000000000
32119 -5.684 -28.263 4.931 0.0000000000
32120 -6.054 -28.292 4.696 0.0000000000
32121 -5.312 -28.284 5.083 0.0000000000
32122 -5.945 -28.247 6.099 0.0000000000
32123 -6.616 -29.275 6.703 0.0000000000
32124 -7.343 -29.499 6.387 0.0000000000
32125 -7.596 -30.664 6.173 0.0000000000
32126 -6.817 -28.328 5.941 0.0000000000
32127 -6.982 -29.434 6.554 0.0000000000
32128 -6.869 -30.529 6.522 0.0000000000
32129 -7.261 -31.396 5.791 0.0000000000
32130 -7.683 -31.410 5.623 0.0000000000
32131 -6.867 -31.356 5.966 0.0000000000
32132 -6.859 -31.882 5.431 0.0000000000
32133 -6.918 -32.278 4.920 0.0000000000
32134 -7.813 -29.162 0.821 0.0000000000
32135 -7.595 -28.813 0.563 0.0000000000
32136 -8.198 -29.558 1.386 0.0000000000
32137 -8.032 -29.450 1.067 0.0000000000
32138 -8.296 -29.145 1.037 0.0000000000
32139 -8.795 -29.078 1.236 0.0000000000
32140 -8.562 -28.813 1.032 0.0000000000
32141 -8.134 -29.160 2.186 0.0000000000
32142 -8.210 -29.415 1.774 0.0000000000
32143 -8.016 -28.514 3.280 0.0000000000
32144 -8.047 -28.873 2.669 0.0000000000
32145 -8.428 -28.740 2.503 0.0000000000
32146 -8.787 -28.315 2.858 0.0000000000
32147 -8.832 -28.609 2.356 0.0000000000
32148 -8.941 -29.108 1.573 0.0000000000
32149 -9.281 -28.912 1.480 0.0000000000
32150 -8.581 -29.274 1.675 0.0000000000
32151 -8.911 -28.890 1.955 0.0000000000
32152 -9.253 -28.478 2.236 0.0000000000
32153 -9.707 -28.621 1.764 0.0000000000
32154 -9.595 -28.656 1.407 0.0000000000
32155 -9.647 -28.076 2.574 0.0000000000
32156 -9.671 -28.343 2.140 0.0000000000
32157 -10.101 -28.234 2.050 0.0000000000
32158 -10.551 -27.875 2.347 0.0000000000
32159 -10.542 -28.111 1.933 0.0000000000
32160 -8.345 -28.416 5.239 0.0000000000
32161 -8.104 -28.149 4.131 0.0000000000
32162 -8.429 -30.635 5.842 0.0000000000
32163 -8.494 -29.487 5.823 0.0000000000
32164 -8.883 -29.409 5.609 0.0000000000
32165 -9.332 -30.371 5.531 0.0000000000
32166 -9.289 -29.247 5.336 0.0000000000
32167 -7.794 -31.877 5.090 0.0000000000
32168 -8.152 -31.389 5.467 0.0000000000
32169 -7.084 -32.602 4.420 0.0000000000
32170 -7.438 -32.266 4.735 0.0000000000
32171 -7.989 -32.227 4.578 0.0000000000
32172 -8.267 -32.491 4.063 0.0000000000
32173 -8.570 -32.146 4.438 0.0000000000
32174 -9.145 -31.185 5.210 0.0000000000
32175 -9.648 -31.000 5.098 0.0000000000
32176 -8.639 -31.303 5.335 0.0000000000
32177 -8.847 -31.722 4.830 0.0000000000
32178 -9.150 -32.022 4.317 0.0000000000
32179 -9.952 -31.380 4.618 0.0000000000
32180 -10.157 -30.749 5.006 0.0000000000
32181 -9.515 -32.225 3.797 0.0000000000
32182 -9.757 -31.851 4.199 0.0000000000
32183 -10.327 -31.639 4.096 0.0000000000
32184 -10.751 -31.797 3.577 0.0000000000
32185 -10.918 -31.392 4.015 0.0000000000
32186 -10.618 -27.718 2.813 0.0000000000
32187 -11.109 -27.628 2.646 0.0000000000
32188 -9.699 -27.901 3.170 0.0000000000
32189 -10.144 -27.790 2.980 0.0000000000
32190 -10.803 -27.780 3.389 0.0000000000
32191 -10.981 -28.311 4.007 0.0000000000
32192 -11.448 -28.057 3.696 0.0000000000
32193 -8.857 -28.068 3.633 0.0000000000
32194 -9.265 -28.004 3.380 0.0000000000
32195 -8.483 -28.094 3.904 0.0000000000
32196 -9.105 -28.329 4.623 0.0000000000
32197 -9.670 -29.073 5.010 0.0000000000
32198 -10.554 -28.560 4.317 0.0000000000
32199 -11.078 -29.119 4.544 0.0000000000
32200 -9.904 -28.090 3.915 0.0000000000
32201 -10.102 -28.833 4.645 0.0000000000
32202 -10.195 -29.832 5.112 0.0000000000
32203 -11.178 -30.062 4.788 0.0000000000
32204 -11.696 -29.632 4.585 0.0000000000
32205 -10.684 -30.462 4.910 0.0000000000
32206 -11.076 -30.838 4.469 0.0000000000
32207 -11.491 -31.107 3.951 0.0000000000
32208 -11.748 -27.525 2.916 0.0000000000
32209 -11.615 -27.539 2.472 0.0000000000
32210 -12.079 -28.449 3.860 0.0000000000
32211 -11.932 -27.836 3.379 0.0000000000
32212 -12.434 -27.626 3.074 0.0000000000
32213 -13.082 -27.780 3.157 0.0000000000
32214 -12.909 -27.384 2.794 0.0000000000
32215 -12.269 -30.091 4.363 0.0000000000
32216 -12.202 -29.209 4.315 0.0000000000
32217 -11.948 -31.284 3.418 0.0000000000
32218 -12.109 -30.771 3.901 0.0000000000
32219 -12.734 -30.418 3.839 0.0000000000
32220 -13.149 -30.648 3.245 0.0000000000
32221 -13.348 -30.003 3.749 0.0000000000
32222 -13.244 -28.406 3.620 0.0000000000
32223 -13.724 -27.983 3.270 0.0000000000
32224 -12.723 -28.818 3.971 0.0000000000
32225 -13.383 -29.160 3.938 0.0000000000
32226 -13.969 -29.552 3.632 0.0000000000
32227 -14.386 -28.199 3.294 0.0000000000
32228 -14.166 -27.537 2.891 0.0000000000
32229 -14.407 -29.826 3.021 0.0000000000
32230 -14.528 -29.045 3.440 0.0000000000
32231 -15.044 -28.487 3.144 0.0000000000
32232 -15.578 -28.795 2.672 0.0000000000
32233 -15.501 -27.908 2.767 0.0000000000
32234 -4.617 -29.587 10.233 0.0000000000
32235 -4.266 -29.479 10.127 0.0000000000
32236 -5.264 -29.595 10.393 0.0000000000
32237 -4.946 -29.613 10.310 0.0000000000
32238 -5.106 -29.974 9.877 0.0000000000
32239 -5.556 -30.374 9.383 0.0000000000
32240 -5.252 -30.356 9.412 0.0000000000
32241 -5.875 -29.489 10.532 0.0000000000
32242 -5.562 -29.537 10.482 0.0000000000
32243 -6.499 -29.386 10.642 0.0000000000
32244 -6.191 -29.441 10.575 0.0000000000
32245 -6.323 -29.871 10.047 0.0000000000
32246 -6.736 -30.230 9.452 0.0000000000
32247 -6.449 -30.272 9.414 0.0000000000
32248 -5.848 -30.342 9.401 0.0000000000
32249 -5.937 -30.732 8.816 0.0000000000
32250 -5.712 -29.943 9.984 0.0000000000
32251 -6.145 -30.299 9.418 0.0000000000
32252 -6.533 -30.651 8.768 0.0000000000
32253 -6.270 -31.069 8.189 0.0000000000
32254 -5.971 -31.112 8.249 0.0000000000
32255 -6.873 -30.989 8.078 0.0000000000
32256 -6.573 -31.028 8.133 0.0000000000
32257 -6.548 -31.421 7.536 0.0000000000
32258 -6.773 -31.795 6.922 0.0000000000
32259 -6.419 -31.818 7.041 0.0000000000
32260 -7.115 -29.236 10.739 0.0000000000
32261 -6.812 -29.325 10.690 0.0000000000
32262 -7.703 -28.967 10.912 0.0000000000
32263 -7.412 -29.121 10.808 0.0000000000
32264 -7.498 -29.603 10.257 0.0000000000
32265 -7.858 -29.938 9.780 0.0000000000
32266 -7.582 -30.042 9.631 0.0000000000
32267 -8.291 -28.638 11.095 0.0000000000
32268 -7.994 -28.797 11.026 0.0000000000
32269 -8.903 -28.366 11.153 0.0000000000
32270 -8.595 -28.506 11.130 0.0000000000
32271 -8.627 -29.004 10.657 0.0000000000
32272 -8.961 -29.349 10.191 0.0000000000
32273 -8.678 -29.494 10.111 0.0000000000
32274 -8.127 -29.779 9.925 0.0000000000
32275 -8.190 -30.173 9.222 0.0000000000
32276 -8.058 -29.303 10.519 0.0000000000
32277 -8.398 -29.620 10.049 0.0000000000
32278 -8.732 -29.933 9.484 0.0000000000
32279 -8.494 -30.370 8.626 0.0000000000
32280 -8.227 -30.485 8.433 0.0000000000
32281 -9.039 -30.160 8.923 0.0000000000
32282 -8.766 -30.270 8.757 0.0000000000
32283 -8.785 -30.563 7.977 0.0000000000
32284 -9.069 -30.726 7.383 0.0000000000
32285 -8.796 -30.882 7.189 0.0000000000
32286 -7.117 -31.749 6.815 0.0000000000
32287 -6.965 -32.167 6.312 0.0000000000
32288 -7.159 -30.917 8.050 0.0000000000
32289 -7.171 -31.312 7.381 0.0000000000
32290 -7.438 -31.663 6.747 0.0000000000
32291 -7.732 -31.543 6.734 0.0000000000
32292 -7.659 -31.997 6.154 0.0000000000
32293 -7.022 -30.183 9.493 0.0000000000
32294 -7.107 -30.545 8.763 0.0000000000
32295 -6.917 -29.766 10.126 0.0000000000
32296 -7.298 -30.111 9.560 0.0000000000
32297 -7.649 -30.384 8.900 0.0000000000
32298 -7.730 -31.104 7.407 0.0000000000
32299 -8.011 -31.404 6.781 0.0000000000
32300 -7.430 -30.820 8.064 0.0000000000
32301 -7.698 -30.723 8.140 0.0000000000
32302 -7.962 -30.608 8.251 0.0000000000
32303 -8.276 -31.232 6.881 0.0000000000
32304 -8.268 -31.715 6.218 0.0000000000
32305 -8.254 -30.816 7.629 0.0000000000
32306 -8.532 -31.041 7.033 0.0000000000
32307 -8.806 -31.296 6.461 0.0000000000
32308 -7.126 -32.518 5.711 0.0000000000
32309 -6.740 -32.561 5.838 0.0000000000
32310 -7.867 -32.344 5.598 0.0000000000
32311 -7.506 -32.443 5.630 0.0000000000
32312 -7.268 -32.853 5.141 0.0000000000
32313 -7.399 -33.160 4.606 0.0000000000
32314 -6.962 -33.218 4.704 0.0000000000
32315 -8.516 -32.032 5.699 0.0000000000
32316 -8.203 -32.208 5.623 0.0000000000
32317 -9.082 -31.558 5.958 0.0000000000
32318 -8.804 -31.810 5.809 0.0000000000
32319 -8.754 -32.328 5.216 0.0000000000
32320 -8.971 -32.590 4.732 0.0000000000
32321 -8.616 -32.786 4.623 0.0000000000
32322 -7.831 -33.070 4.564 0.0000000000
32323 -7.526 -33.425 4.106 0.0000000000
32324 -8.063 -32.668 5.080 0.0000000000
32325 -8.236 -32.945 4.565 0.0000000000
32326 -8.397 -33.177 4.073 0.0000000000
32327 -7.643 -33.644 3.624 0.0000000000
32328 -7.164 -33.730 3.704 0.0000000000
32329 -8.553 -33.371 3.606 0.0000000000
32330 -8.111 -33.526 3.585 0.0000000000
32331 -7.766 -33.847 3.163 0.0000000000
32332 -7.886 -34.017 2.710 0.0000000000
32333 -7.386 -34.129 2.764 0.0000000000
32334 -9.555 -28.029 11.215 0.0000000000
32335 -9.219 -28.196 11.186 0.0000000000
32336 -10.213 -27.612 11.233 0.0000000000
32337 -9.887 -27.814 11.237 0.0000000000
32338 -9.842 -28.278 10.858 0.0000000000
32339 -10.140 -28.546 10.475 0.0000000000
32340 -9.835 -28.772 10.422 0.0000000000
32342 -10.544 -27.375 11.252 0.0000000000
32346 -11.412 -27.541 10.636 0.0000000000
32347 -11.084 -27.773 10.612 0.0000000000
32348 -10.452 -28.306 10.510 0.0000000000
32349 -10.428 -28.784 10.093 0.0000000000
32350 -10.492 -27.821 10.902 0.0000000000
32351 -10.765 -28.050 10.547 0.0000000000
32352 -11.038 -28.257 10.202 0.0000000000
32353 -10.720 -29.005 9.696 0.0000000000
32354 -10.428 -29.242 9.621 0.0000000000
32355 -11.324 -28.444 9.860 0.0000000000
32356 -11.018 -28.743 9.775 0.0000000000
32357 -11.019 -29.176 9.304 0.0000000000
32358 -11.313 -29.289 8.924 0.0000000000
32359 -11.031 -29.541 8.777 0.0000000000
32365 -12.774 -26.781 10.626 0.0000000000
32366 -12.450 -26.951 10.654 0.0000000000
32374 -13.099 -26.600 10.628 0.0000000000
32375 -13.022 -26.892 10.394 0.0000000000
32376 -13.167 -26.337 10.777 0.0000000000
32377 -13.400 -26.409 10.622 0.0000000000
32378 -13.652 -26.471 10.496 0.0000000000
32379 -13.281 -26.970 10.195 0.0000000000
32380 -12.945 -27.220 10.097 0.0000000000
32381 -13.896 -26.546 10.333 0.0000000000
32382 -13.588 -26.752 10.266 0.0000000000
32383 -13.536 -27.055 9.982 0.0000000000
32384 -13.778 -27.100 9.737 0.0000000000
32385 -13.455 -27.378 9.603 0.0000000000
32386 -11.602 -29.041 9.031 0.0000000000
32387 -11.600 -29.395 8.520 0.0000000000
32388 -11.631 -28.187 9.900 0.0000000000
32389 -11.611 -28.639 9.492 0.0000000000
32390 -11.895 -28.785 9.107 0.0000000000
32391 -12.194 -28.517 9.195 0.0000000000
32392 -12.171 -28.902 8.720 0.0000000000
32393 -11.747 -27.316 10.639 0.0000000000
32394 -11.679 -27.746 10.287 0.0000000000
32396 -12.093 -27.135 10.640 0.0000000000
32397 -12.357 -27.301 10.346 0.0000000000
32398 -12.229 -28.102 9.625 0.0000000000
32399 -12.503 -28.243 9.270 0.0000000000
32400 -11.958 -27.933 9.948 0.0000000000
32401 -12.281 -27.688 9.999 0.0000000000
32402 -12.618 -27.449 10.048 0.0000000000
32403 -12.814 -27.963 9.355 0.0000000000
32404 -12.769 -28.354 8.925 0.0000000000
32405 -12.873 -27.580 9.752 0.0000000000
32406 -13.138 -27.672 9.471 0.0000000000
32407 -13.390 -27.741 9.186 0.0000000000
32408 -11.874 -29.500 8.081 0.0000000000
32409 -11.599 -29.718 7.959 0.0000000000
32410 -12.437 -29.008 8.335 0.0000000000
32411 -12.149 -29.261 8.201 0.0000000000
32412 -12.130 -29.589 7.641 0.0000000000
32413 -12.382 -29.650 7.202 0.0000000000
32414 -12.109 -29.882 7.021 0.0000000000
32415 -13.030 -28.438 8.592 0.0000000000
32416 -12.726 -28.734 8.458 0.0000000000
32417 -13.636 -27.799 8.891 0.0000000000
32418 -13.329 -28.119 8.732 0.0000000000
32419 -13.277 -28.497 8.255 0.0000000000
32420 -13.528 -28.550 7.926 0.0000000000
32421 -13.239 -28.856 7.738 0.0000000000
32422 -12.661 -29.406 7.373 0.0000000000
32423 -12.623 -29.695 6.764 0.0000000000
32424 -12.689 -29.083 7.937 0.0000000000
32425 -12.945 -29.138 7.564 0.0000000000
32426 -13.204 -29.190 7.189 0.0000000000
32427 -12.855 -29.722 6.357 0.0000000000
32428 -12.572 -29.969 6.114 0.0000000000
32429 -13.439 -29.208 6.816 0.0000000000
32430 -13.147 -29.477 6.591 0.0000000000
32431 -13.075 -29.733 5.951 0.0000000000
32432 -13.307 -29.759 5.572 0.0000000000
32433 -13.041 -30.069 5.324 0.0000000000
32434 -8.376 -33.869 2.692 0.0000000000
32435 -8.016 -34.169 2.271 0.0000000000
32436 -8.970 -33.191 3.686 0.0000000000
32437 -8.700 -33.537 3.155 0.0000000000
32438 -8.846 -33.685 2.722 0.0000000000
32439 -9.290 -33.475 2.816 0.0000000000
32440 -9.006 -33.815 2.308 0.0000000000
32441 -9.300 -32.353 4.878 0.0000000000
32442 -9.174 -32.808 4.270 0.0000000000
32443 -9.356 -31.300 6.143 0.0000000000
32444 -9.351 -31.822 5.495 0.0000000000
32445 -9.610 -32.079 5.055 0.0000000000
32446 -9.898 -31.773 5.246 0.0000000000
32447 -9.856 -32.300 4.629 0.0000000000
32448 -9.536 -33.121 3.381 0.0000000000
32449 -9.707 -33.242 2.961 0.0000000000
32450 -9.362 -32.982 3.819 0.0000000000
32451 -9.733 -32.750 3.999 0.0000000000
32452 -10.080 -32.488 4.206 0.0000000000
32453 -10.100 -32.993 3.149 0.0000000000
32454 -9.878 -33.342 2.552 0.0000000000
32455 -10.403 -32.209 4.422 0.0000000000
32456 -10.287 -32.648 3.786 0.0000000000
32457 -10.475 -32.758 3.364 0.0000000000
32458 -10.824 -32.504 3.587 0.0000000000
32459 -10.661 -32.858 2.958 0.0000000000
32460 -9.348 -30.583 7.617 0.0000000000
32461 -9.352 -30.878 6.864 0.0000000000
32462 -9.313 -30.024 9.074 0.0000000000
32463 -9.336 -30.319 8.367 0.0000000000
32464 -9.632 -30.447 7.849 0.0000000000
32465 -9.913 -30.301 8.060 0.0000000000
32466 -9.918 -30.562 7.343 0.0000000000
32467 -9.249 -29.181 10.278 0.0000000000
32468 -9.282 -29.635 9.717 0.0000000000
32469 -9.221 -28.688 10.777 0.0000000000
32470 -9.540 -28.993 10.353 0.0000000000
32471 -9.845 -29.248 9.940 0.0000000000
32472 -9.894 -30.016 8.746 0.0000000000
32473 -10.192 -30.140 8.267 0.0000000000
32474 -9.593 -29.874 9.246 0.0000000000
32475 -9.870 -29.691 9.398 0.0000000000
32476 -10.150 -29.482 9.523 0.0000000000
32477 -10.467 -29.950 8.480 0.0000000000
32478 -10.481 -30.223 7.834 0.0000000000
32479 -10.447 -29.627 9.076 0.0000000000
32480 -10.749 -29.756 8.641 0.0000000000
32481 -11.043 -29.861 8.207 0.0000000000
32482 -10.927 -32.095 4.208 0.0000000000
32483 -11.145 -32.243 3.802 0.0000000000
32484 -10.450 -31.687 5.046 0.0000000000
32485 -10.693 -31.913 4.615 0.0000000000
32486 -10.974 -31.612 4.824 0.0000000000
32487 -10.981 -31.095 5.476 0.0000000000
32488 -11.237 -31.301 5.047 0.0000000000
32489 -9.907 -31.246 5.900 0.0000000000
32490 -10.178 -31.465 5.456 0.0000000000
32491 -9.627 -31.051 6.362 0.0000000000
32492 -9.905 -30.839 6.602 0.0000000000
32493 -10.191 -30.658 6.853 0.0000000000
32494 -10.716 -30.889 5.936 0.0000000000
32495 -10.989 -30.655 6.173 0.0000000000
32496 -10.451 -31.159 5.702 0.0000000000
32497 -10.454 -30.725 6.400 0.0000000000
32498 -10.474 -30.463 7.133 0.0000000000
32499 -11.022 -30.382 6.894 0.0000000000
32500 -11.265 -30.431 6.442 0.0000000000
32501 -10.762 -30.304 7.383 0.0000000000
32502 -11.044 -30.134 7.583 0.0000000000
32503 -11.324 -29.933 7.794 0.0000000000
32504 -11.441 -31.964 3.998 0.0000000000
32505 -11.352 -32.358 3.390 0.0000000000
32506 -11.491 -31.001 5.253 0.0000000000
32507 -11.482 -31.502 4.607 0.0000000000
32508 -11.721 -31.673 4.188 0.0000000000
32509 -11.993 -31.363 4.392 0.0000000000
32510 -11.961 -31.795 3.809 0.0000000000
32511 -11.551 -30.260 6.660 0.0000000000
32512 -11.503 -30.552 5.939 0.0000000000
32513 -11.589 -30.010 7.343 0.0000000000
32514 -11.831 -30.084 6.835 0.0000000000
32515 -12.059 -30.142 6.343 0.0000000000
32516 -11.997 -30.886 5.005 0.0000000000
32517 -12.258 -31.037 4.620 0.0000000000
32518 -11.747 -30.723 5.446 0.0000000000
32519 -12.013 -30.459 5.657 0.0000000000
32520 -12.287 -30.204 5.885 0.0000000000
32521 -12.520 -30.714 4.846 0.0000000000
32522 -12.521 -31.161 4.262 0.0000000000
32523 -12.527 -30.293 5.461 0.0000000000
32524 -12.779 -30.387 5.079 0.0000000000
32525 -13.042 -30.479 4.738 0.0000000000
32526 -8.172 -34.306 1.850 0.0000000000
32527 -7.636 -34.444 1.876 0.0000000000
32528 -9.183 -33.927 1.911 0.0000000000
32529 -8.694 -34.138 1.860 0.0000000000
32530 -8.349 -34.439 1.448 0.0000000000
32531 -8.541 -34.561 1.061 0.0000000000
32532 -7.986 -34.724 1.071 0.0000000000
32533 -10.060 -33.440 2.158 0.0000000000
32534 -9.633 -33.689 2.010 0.0000000000
32535 -10.854 -32.951 2.564 0.0000000000
32536 -10.469 -33.195 2.351 0.0000000000
32537 -10.256 -33.536 1.780 0.0000000000
32538 -10.465 -33.631 1.414 0.0000000000
32539 -10.030 -33.892 1.263 0.0000000000
32540 -9.075 -34.364 1.084 0.0000000000
32541 -8.746 -34.666 0.685 0.0000000000
32542 -9.370 -34.033 1.526 0.0000000000
32543 -9.567 -34.139 1.153 0.0000000000
32544 -9.778 -34.228 0.791 0.0000000000
32545 -8.966 -34.726 0.312 0.0000000000
32546 -8.403 -34.923 0.314 0.0000000000
32547 -9.999 -34.287 0.432 0.0000000000
32548 -9.500 -34.515 0.355 0.0000000000
32549 -9.197 -34.770 -0.052 0.0000000000
32550 -9.457 -34.808 -0.399 0.0000000000
32551 -8.896 -35.002 -0.424 0.0000000000
32552 -11.564 -32.452 2.997 0.0000000000
32553 -11.220 -32.709 2.780 0.0000000000
32554 -12.197 -31.871 3.443 0.0000000000
32555 -11.888 -32.171 3.219 0.0000000000
32556 -11.782 -32.507 2.624 0.0000000000
32557 -12.013 -32.538 2.271 0.0000000000
32558 -11.647 -32.814 2.029 0.0000000000
32559 -12.777 -31.237 3.921 0.0000000000
32560 -12.492 -31.561 3.679 0.0000000000
32561 -13.307 -30.543 4.408 0.0000000000
32562 -13.048 -30.899 4.163 0.0000000000
32563 -13.034 -31.283 3.593 0.0000000000
32564 -13.299 -31.304 3.283 0.0000000000
32565 -12.994 -31.624 3.020 0.0000000000
32566 -12.357 -32.248 2.516 0.0000000000
32567 -12.249 -32.538 1.932 0.0000000000
32568 -12.434 -31.916 3.095 0.0000000000
32569 -12.679 -31.933 2.766 0.0000000000
32570 -12.934 -31.933 2.450 0.0000000000
32571 -12.501 -32.516 1.620 0.0000000000
32572 -12.125 -32.814 1.357 0.0000000000
32573 -13.197 -31.902 2.151 0.0000000000
32574 -12.854 -32.209 1.880 0.0000000000
32575 -12.767 -32.480 1.320 0.0000000000
32576 -13.040 -32.420 1.034 0.0000000000
32577 -12.669 -32.748 0.770 0.0000000000
32578 -9.988 -34.573 -0.343 0.0000000000
32579 -9.746 -34.815 -0.731 0.0000000000
32580 -10.466 -34.027 0.548 0.0000000000
32581 -10.227 -34.307 0.079 0.0000000000
32582 -10.492 -34.307 -0.248 0.0000000000
32583 -10.978 -34.027 -0.103 0.0000000000
32584 -10.785 -34.288 -0.553 0.0000000000
32585 -10.875 -33.361 1.596 0.0000000000
32586 -10.684 -33.704 1.055 0.0000000000
32587 -11.051 -33.023 2.173 0.0000000000
32588 -11.268 -33.087 1.802 0.0000000000
32589 -11.500 -33.126 1.452 0.0000000000
32590 -11.162 -33.737 0.379 0.0000000000
32591 -11.437 -33.718 0.074 0.0000000000
32592 -10.915 -33.742 0.708 0.0000000000
32593 -11.346 -33.452 0.905 0.0000000000
32594 -11.743 -33.127 1.120 0.0000000000
32595 -11.874 -33.408 0.287 0.0000000000
32596 -11.723 -33.678 -0.215 0.0000000000
32597 -12.005 -33.109 0.813 0.0000000000
32598 -12.277 -33.069 0.518 0.0000000000
32599 -12.551 -33.000 0.227 0.0000000000
32600 -10.059 -34.778 -1.051 0.0000000000
32601 -9.503 -35.011 -1.097 0.0000000000
32602 -11.090 -34.232 -0.849 0.0000000000
32603 -10.589 -34.520 -0.970 0.0000000000
32604 -10.382 -34.715 -1.364 0.0000000000
32605 -10.713 -34.635 -1.671 0.0000000000
32606 -10.174 -34.891 -1.739 0.0000000000
32607 -12.009 -33.604 -0.503 0.0000000000
32608 -11.565 -33.930 -0.689 0.0000000000
32609 -12.836 -32.927 -0.054 0.0000000000
32610 -12.426 -33.257 -0.294 0.0000000000
32611 -12.297 -33.512 -0.788 0.0000000000
32612 -12.588 -33.421 -1.069 0.0000000000
32613 -12.153 -33.744 -1.260 0.0000000000
32614 -11.215 -34.351 -1.570 0.0000000000
32615 -11.033 -34.533 -1.975 0.0000000000
32616 -11.391 -34.152 -1.142 0.0000000000
32617 -11.687 -34.043 -1.431 0.0000000000
32618 -11.987 -33.934 -1.716 0.0000000000
32619 -11.346 -34.396 -2.271 0.0000000000
32620 -10.850 -34.689 -2.357 0.0000000000
32621 -12.280 -33.808 -2.002 0.0000000000
32622 -11.821 -34.100 -2.150 0.0000000000
32623 -11.658 -34.237 -2.566 0.0000000000
32624 -11.959 -34.071 -2.865 0.0000000000
32625 -11.491 -34.343 -2.969 0.0000000000
32626 -15.316 -29.530 2.214 0.0000000000
32627 -15.883 -29.032 2.029 0.0000000000
32628 -14.162 -30.373 2.532 0.0000000000
32629 -14.734 -29.994 2.370 0.0000000000
32630 -14.988 -30.073 1.768 0.0000000000
32631 -14.630 -30.491 1.379 0.0000000000
32632 -15.150 -30.127 1.196 0.0000000000
32633 -12.947 -31.068 2.755 0.0000000000
32634 -13.548 -30.750 2.655 0.0000000000
32635 -11.768 -31.645 2.963 0.0000000000
32636 -12.359 -31.377 2.862 0.0000000000
32637 -12.713 -31.419 2.329 0.0000000000
32638 -12.419 -31.728 1.925 0.0000000000
32639 -12.987 -31.441 1.808 0.0000000000
32640 -14.086 -30.828 1.540 0.0000000000
32641 -14.258 -30.877 1.009 0.0000000000
32642 -13.855 -30.792 2.083 0.0000000000
32643 -13.545 -31.143 1.686 0.0000000000
32644 -13.206 -31.500 1.304 0.0000000000
32645 -13.875 -31.277 0.635 0.0000000000
32646 -14.368 -30.966 0.470 0.0000000000
32647 -12.831 -31.865 0.928 0.0000000000
32648 -13.360 -31.574 0.786 0.0000000000
32649 -13.453 -31.693 0.250 0.0000000000
32650 -12.978 -32.113 -0.140 0.0000000000
32651 -13.455 -31.858 -0.315 0.0000000000
32652 -10.535 -32.124 3.158 0.0000000000
32653 -11.164 -31.899 3.056 0.0000000000
32654 -9.238 -32.543 3.419 0.0000000000
32655 -9.891 -32.351 3.285 0.0000000000
32656 -10.241 -32.422 2.784 0.0000000000
32657 -9.885 -32.725 2.449 0.0000000000
32658 -10.550 -32.498 2.308 0.0000000000
32659 -7.955 -32.822 3.726 0.0000000000
32660 -8.594 -32.700 3.559 0.0000000000
32661 -6.730 -32.894 4.137 0.0000000000
32662 -7.335 -32.883 3.921 0.0000000000
32663 -7.616 -33.103 3.405 0.0000000000
32664 -7.235 -33.366 3.102 0.0000000000
32665 -7.895 -33.288 2.887 0.0000000000
32666 -9.221 -32.953 2.586 0.0000000000
32667 -9.511 -33.046 2.124 0.0000000000
32668 -8.917 -32.841 3.061 0.0000000000
32669 -8.551 -33.146 2.719 0.0000000000
32670 -8.156 -33.432 2.385 0.0000000000
32671 -9.124 -33.344 1.791 0.0000000000
32672 -9.794 -33.134 1.672 0.0000000000
32673 -7.724 -33.702 2.091 0.0000000000
32674 -8.433 -33.536 1.911 0.0000000000
32675 -8.724 -33.631 1.469 0.0000000000
32676 -8.250 -33.921 1.214 0.0000000000
32677 -8.960 -33.749 1.045 0.0000000000
32678 -12.491 -32.370 0.045 0.0000000000
32679 -12.470 -32.556 -0.516 0.0000000000
32680 -12.276 -32.141 1.074 0.0000000000
32681 -12.423 -32.238 0.574 0.0000000000
32682 -11.977 -32.610 0.232 0.0000000000
32683 -11.429 -32.859 0.419 0.0000000000
32684 -11.510 -32.993 -0.095 0.0000000000
32685 -11.830 -32.002 2.047 0.0000000000
32686 -12.076 -32.061 1.560 0.0000000000
32687 -11.530 -31.961 2.546 0.0000000000
32688 -11.204 -32.256 2.171 0.0000000000
32689 -10.835 -32.579 1.843 0.0000000000
32690 -11.271 -32.749 0.906 0.0000000000
32691 -10.848 -33.106 0.591 0.0000000000
32692 -11.685 -32.400 1.221 0.0000000000
32693 -11.072 -32.662 1.379 0.0000000000
32694 -10.439 -32.902 1.530 0.0000000000
32695 -10.248 -33.343 0.753 0.0000000000
32696 -10.388 -33.459 0.281 0.0000000000
32697 -10.044 -33.234 1.215 0.0000000000
32698 -9.619 -33.553 0.901 0.0000000000
32699 -9.109 -33.886 0.633 0.0000000000
32700 -11.921 -33.012 -0.871 0.0000000000
32701 -12.347 -32.785 -1.094 0.0000000000
32702 -10.999 -33.393 -0.410 0.0000000000
32703 -11.467 -33.181 -0.645 0.0000000000
32704 -11.292 -33.461 -1.195 0.0000000000
32705 -10.623 -33.915 -1.443 0.0000000000
32706 -11.043 -33.745 -1.727 0.0000000000
32707 -9.834 -33.807 0.017 0.0000000000
32708 -10.444 -33.602 -0.193 0.0000000000
32709 -8.468 -34.193 0.429 0.0000000000
32710 -9.178 -34.028 0.226 0.0000000000
32711 -9.166 -34.150 -0.196 0.0000000000
32712 -8.439 -34.498 -0.392 0.0000000000
32713 -9.078 -34.333 -0.623 0.0000000000
32714 -10.178 -34.061 -1.148 0.0000000000
32715 -9.908 -34.315 -1.628 0.0000000000
32716 -10.379 -33.808 -0.669 0.0000000000
32717 -9.658 -34.204 -0.871 0.0000000000
32718 -8.877 -34.552 -1.061 0.0000000000
32719 -9.130 -34.652 -1.808 0.0000000000
32720 -9.576 -34.538 -2.131 0.0000000000
32721 -8.050 -34.871 -1.266 0.0000000000
32722 -8.613 -34.762 -1.518 0.0000000000
32723 -8.336 -34.939 -1.996 0.0000000000
32724 -7.568 -35.174 -2.193 0.0000000000
32725 -8.013 -35.089 -2.492 0.0000000000
32726 -5.683 -32.834 4.666 0.0000000000
32727 -6.168 -32.875 4.384 0.0000000000
32728 -5.043 -32.645 5.324 0.0000000000
32729 -5.302 -32.759 4.978 0.0000000000
32730 -5.367 -33.068 4.459 0.0000000000
32731 -5.114 -33.269 4.277 0.0000000000
32732 -5.500 -33.328 3.953 0.0000000000
32733 -4.838 -32.278 6.165 0.0000000000
32734 -4.886 -32.462 5.722 0.0000000000
32735 -4.851 -31.922 7.026 0.0000000000
32736 -4.829 -32.100 6.603 0.0000000000
32737 -4.771 -32.467 6.092 0.0000000000
32738 -4.792 -32.639 6.060 0.0000000000
32739 -4.738 -32.820 5.625 0.0000000000
32740 -4.854 -33.173 4.654 0.0000000000
32741 -4.934 -33.462 4.126 0.0000000000
32742 -4.832 -32.857 5.180 0.0000000000
32743 -4.728 -33.011 5.131 0.0000000000
32744 -4.722 -33.144 5.140 0.0000000000
32745 -4.821 -33.613 4.009 0.0000000000
32746 -5.031 -33.688 3.593 0.0000000000
32747 -4.768 -33.255 5.087 0.0000000000
32748 -4.730 -33.419 4.568 0.0000000000
32749 -4.779 -33.698 4.024 0.0000000000
32750 -4.829 -33.802 4.085 0.0000000000
32751 -4.847 -33.938 3.536 0.0000000000
32752 -5.045 -31.563 7.783 0.0000000000
32753 -4.945 -31.768 7.413 0.0000000000
32754 -5.014 -30.890 8.643 0.0000000000
32755 -5.067 -31.251 8.205 0.0000000000
32756 -5.162 -31.717 7.659 0.0000000000
32757 -5.320 -31.792 7.542 0.0000000000
32758 -5.192 -32.062 7.142 0.0000000000
32759 -4.632 -30.197 9.484 0.0000000000
32760 -4.872 -30.525 9.097 0.0000000000
32761 -4.452 -29.842 9.820 0.0000000000
32762 -4.961 -30.318 9.430 0.0000000000
32763 -5.368 -30.742 8.925 0.0000000000
32764 -5.408 -31.465 7.972 0.0000000000
32765 -5.518 -31.825 7.418 0.0000000000
32766 -5.217 -31.028 8.536 0.0000000000
32767 -5.439 -31.102 8.432 0.0000000000
32768 -5.689 -31.129 8.335 0.0000000000
32769 -5.771 -31.836 7.292 0.0000000000
32770 -5.591 -32.157 6.867 0.0000000000
32771 -5.908 -31.490 7.746 0.0000000000
32772 -6.074 -31.837 7.157 0.0000000000
32773 -6.226 -32.191 6.573 0.0000000000
32774 -4.877 -33.657 4.461 0.0000000000
32775 -4.978 -33.926 3.979 0.0000000000
32776 -4.882 -33.079 5.499 0.0000000000
32777 -4.862 -33.376 4.979 0.0000000000
32778 -5.010 -33.500 4.805 0.0000000000
32779 -5.207 -33.327 5.097 0.0000000000
32780 -5.243 -33.613 4.584 0.0000000000
32781 -4.886 -32.466 6.454 0.0000000000
32782 -4.897 -32.766 5.997 0.0000000000
32783 -4.905 -32.143 6.926 0.0000000000
32784 -5.044 -32.273 6.794 0.0000000000
32785 -5.213 -32.362 6.649 0.0000000000
32786 -5.203 -33.009 5.621 0.0000000000
32787 -5.449 -33.110 5.402 0.0000000000
32788 -5.028 -32.883 5.843 0.0000000000
32789 -5.211 -32.669 6.156 0.0000000000
32790 -5.404 -32.444 6.481 0.0000000000
32791 -5.705 -32.854 5.744 0.0000000000
32792 -5.757 -33.185 5.190 0.0000000000
32793 -5.650 -32.515 6.296 0.0000000000
32794 -5.976 -32.535 6.133 0.0000000000
32795 -6.350 -32.557 5.980 0.0000000000
32796 -5.110 -34.037 3.749 0.0000000000
32797 -4.982 -34.142 3.393 0.0000000000
32798 -5.497 -33.707 4.325 0.0000000000
32799 -5.279 -33.881 4.047 0.0000000000
32800 -5.312 -34.122 3.491 0.0000000000
32801 -5.601 -34.198 3.283 0.0000000000
32802 -5.377 -34.334 2.964 0.0000000000
32803 -6.123 -33.231 4.999 0.0000000000
32804 -5.798 -33.500 4.647 0.0000000000
32805 -6.445 -32.920 5.392 0.0000000000
32806 -6.527 -33.246 4.837 0.0000000000
32807 -6.602 -33.528 4.307 0.0000000000
32808 -5.883 -34.033 3.606 0.0000000000
32809 -5.967 -34.245 3.106 0.0000000000
32810 -5.830 -33.776 4.115 0.0000000000
32811 -6.231 -33.795 3.941 0.0000000000
32812 -6.687 -33.779 3.808 0.0000000000
32813 -6.417 -34.242 2.968 0.0000000000
32814 -6.058 -34.443 2.613 0.0000000000
32815 -6.791 -34.000 3.327 0.0000000000
32816 -6.890 -34.200 2.849 0.0000000000
32817 -6.991 -34.376 2.381 0.0000000000
32818 -7.070 -35.236 -1.935 0.0000000000
32819 -6.887 -35.342 -2.377 0.0000000000
32820 -7.491 -34.932 -1.048 0.0000000000
32821 -7.267 -35.111 -1.489 0.0000000000
32822 -6.596 -35.287 -1.691 0.0000000000
32823 -6.201 -35.279 -1.444 0.0000000000
32824 -6.091 -35.396 -1.863 0.0000000000
32825 -7.781 -34.620 -0.177 0.0000000000
32826 -7.677 -34.788 -0.601 0.0000000000
32827 -7.736 -34.307 0.630 0.0000000000
32828 -7.783 -34.455 0.238 0.0000000000
32829 -7.124 -34.681 0.030 0.0000000000
32830 -6.534 -34.706 0.235 0.0000000000
32831 -6.505 -34.869 -0.182 0.0000000000
32832 -6.339 -35.140 -1.024 0.0000000000
32833 -5.883 -35.249 -1.171 0.0000000000
32834 -6.946 -34.970 -0.827 0.0000000000
32835 -6.451 -34.985 -0.608 0.0000000000
32836 -6.009 -34.998 -0.367 0.0000000000
32837 -5.590 -35.268 -0.904 0.0000000000
32838 -5.587 -35.413 -1.299 0.0000000000
32839 -5.641 -34.954 -0.136 0.0000000000
32840 -5.624 -35.133 -0.518 0.0000000000
32841 -5.393 -35.292 -0.623 0.0000000000
32842 -5.299 -35.307 -0.314 0.0000000000
32843 -5.394 -35.483 -0.682 0.0000000000
32844 -7.481 -34.042 1.424 0.0000000000
32845 -7.657 -34.147 1.020 0.0000000000
32846 -7.022 -33.787 2.340 0.0000000000
32847 -7.243 -33.930 1.863 0.0000000000
32848 -6.724 -34.101 1.688 0.0000000000
32849 -6.074 -34.114 1.990 0.0000000000
32850 -6.239 -34.252 1.539 0.0000000000
32851 -6.594 -33.386 3.361 0.0000000000
32852 -6.816 -33.605 2.850 0.0000000000
32853 -6.366 -33.141 3.871 0.0000000000
32854 -6.003 -33.369 3.652 0.0000000000
32855 -5.651 -33.569 3.455 0.0000000000
32856 -5.939 -33.964 2.462 0.0000000000
32857 -5.577 -34.108 2.306 0.0000000000
32858 -6.364 -33.794 2.643 0.0000000000
32859 -5.804 -33.782 2.957 0.0000000000
32860 -5.358 -33.742 3.260 0.0000000000
32861 -5.228 -34.099 2.609 0.0000000000
32862 -5.341 -34.253 2.113 0.0000000000
32863 -5.132 -33.922 3.094 0.0000000000
32864 -4.983 -34.050 3.005 0.0000000000
32865 -4.939 -34.145 2.998 0.0000000000
32866 -5.243 -35.123 0.053 0.0000000000
32867 -5.285 -35.300 0.007 0.0000000000
32868 -5.644 -34.800 0.270 0.0000000000
32869 -5.372 -34.939 0.123 0.0000000000
32870 -5.203 -34.951 0.434 0.0000000000
32871 -5.174 -34.798 0.845 0.0000000000
32872 -5.148 -34.958 0.804 0.0000000000
32873 -6.481 -34.534 0.667 0.0000000000
32874 -6.028 -34.677 0.465 0.0000000000
32875 -7.045 -34.350 0.861 0.0000000000
32876 -6.402 -34.373 1.088 0.0000000000
32877 -5.861 -34.404 1.359 0.0000000000
32878 -5.331 -34.660 0.955 0.0000000000
32879 -5.153 -34.657 1.294 0.0000000000
32880 -5.616 -34.670 0.693 0.0000000000
32881 -5.564 -34.554 1.150 0.0000000000
32882 -5.468 -34.414 1.610 0.0000000000
32883 -5.122 -34.512 1.816 0.0000000000
32884 -5.103 -34.608 1.778 0.0000000000
32885 -5.200 -34.395 1.929 0.0000000000
32886 -5.037 -34.321 2.370 0.0000000000
32887 -4.972 -34.218 2.921 0.0000000000
32888 -5.336 -35.251 0.328 0.0000000000
32889 -5.469 -35.422 -0.065 0.0000000000
32890 -5.170 -34.913 1.217 0.0000000000
32891 -5.235 -35.088 0.745 0.0000000000
32892 -5.458 -35.174 0.652 0.0000000000
32893 -5.655 -35.079 0.992 0.0000000000
32894 -5.790 -35.233 0.565 0.0000000000
32895 -5.113 -34.527 2.272 0.0000000000
32896 -5.145 -34.711 1.721 0.0000000000
32897 -5.047 -34.318 2.826 0.0000000000
32898 -5.199 -34.449 2.637 0.0000000000
32899 -5.447 -34.538 2.442 0.0000000000
32900 -5.557 -34.914 1.452 0.0000000000
32901 -5.917 -34.955 1.322 0.0000000000
32902 -5.273 -34.825 1.583 0.0000000000
32903 -5.498 -34.730 1.935 0.0000000000
32904 -5.757 -34.602 2.273 0.0000000000
32905 -6.235 -34.808 1.662 0.0000000000
32906 -6.350 -34.961 1.214 0.0000000000
32907 -6.138 -34.630 2.123 0.0000000000
32908 -6.600 -34.610 2.011 0.0000000000
32909 -7.104 -34.544 1.929 0.0000000000
32910 -6.350 -35.479 -2.540 0.0000000000
32911 -6.688 -35.434 -2.815 0.0000000000
32912 -5.768 -35.533 -2.001 0.0000000000
32913 -6.022 -35.512 -2.279 0.0000000000
32914 -5.987 -35.631 -2.693 0.0000000000
32915 -5.877 -35.836 -2.854 0.0000000000
32916 -5.977 -35.777 -3.119 0.0000000000
32917 -5.528 -35.622 -1.419 0.0000000000
32918 -5.602 -35.590 -1.720 0.0000000000
32919 -5.546 -35.636 -0.769 0.0000000000
32920 -5.520 -35.639 -1.097 0.0000000000
32921 -5.683 -35.816 -1.511 0.0000000000
32922 -5.974 -35.913 -1.577 0.0000000000
32923 -5.902 -35.962 -1.917 0.0000000000
32924 -5.834 -35.910 -2.563 0.0000000000
32925 -6.032 -36.019 -3.009 0.0000000000
32926 -5.686 -35.755 -2.135 0.0000000000
32927 -5.836 -35.948 -2.256 0.0000000000
32928 -6.066 -36.033 -2.350 0.0000000000
32929 -6.260 -36.089 -3.101 0.0000000000
32930 -6.285 -36.085 -3.440 0.0000000000
32931 -6.432 -36.053 -2.392 0.0000000000
32932 -6.350 -36.085 -2.758 0.0000000000
32933 -6.620 -36.084 -3.131 0.0000000000
32934 -7.077 -36.027 -3.139 0.0000000000
32935 -6.954 -36.047 -3.493 0.0000000000
32936 -5.764 -35.493 -0.155 0.0000000000
32937 -5.620 -35.575 -0.454 0.0000000000
32938 -6.204 -35.255 0.479 0.0000000000
32939 -5.958 -35.390 0.158 0.0000000000
32940 -6.147 -35.534 -0.227 0.0000000000
32941 -6.608 -35.534 -0.288 0.0000000000
32942 -6.369 -35.658 -0.603 0.0000000000
32943 -6.862 -34.925 1.148 0.0000000000
32944 -6.512 -35.103 0.803 0.0000000000
32945 -7.249 -34.699 1.504 0.0000000000
32946 -7.426 -34.854 1.105 0.0000000000
32947 -7.614 -34.976 0.711 0.0000000000
32948 -6.899 -35.383 0.039 0.0000000000
32949 -7.141 -35.476 -0.338 0.0000000000
32950 -6.689 -35.251 0.417 0.0000000000
32951 -7.241 -35.201 0.369 0.0000000000
32952 -7.825 -35.089 0.336 0.0000000000
32953 -7.731 -35.365 -0.375 0.0000000000
32954 -7.431 -35.547 -0.705 0.0000000000
32955 -8.061 -35.154 -0.037 0.0000000000
32956 -8.320 -35.203 -0.404 0.0000000000
32957 -8.609 -35.236 -0.761 0.0000000000
32958 -7.225 -35.987 -2.787 0.0000000000
32959 -7.599 -35.926 -3.144 0.0000000000
32960 -6.566 -35.992 -2.040 0.0000000000
32961 -6.877 -36.009 -2.416 0.0000000000
32962 -7.390 -35.923 -2.435 0.0000000000
32963 -7.595 -35.828 -2.093 0.0000000000
32964 -7.968 -35.796 -2.448 0.0000000000
32965 -6.028 -35.831 -1.244 0.0000000000
32966 -6.285 -35.941 -1.641 0.0000000000
32967 -5.811 -35.727 -0.851 0.0000000000
32968 -6.172 -35.755 -0.926 0.0000000000
32969 -6.633 -35.740 -0.985 0.0000000000
32970 -7.245 -35.836 -1.729 0.0000000000
32971 -7.828 -35.728 -1.755 0.0000000000
32972 -6.731 -35.909 -1.691 0.0000000000
32973 -6.922 -35.800 -1.365 0.0000000000
32974 -7.158 -35.696 -1.029 0.0000000000
32975 -8.074 -35.598 -1.424 0.0000000000
32976 -8.432 -35.568 -1.772 0.0000000000
32977 -7.742 -35.604 -1.062 0.0000000000
32978 -8.334 -35.435 -1.094 0.0000000000
32979 -8.927 -35.236 -1.108 0.0000000000
32980 -8.170 -35.779 -3.148 0.0000000000
32981 -7.993 -35.816 -3.493 0.0000000000
32982 -8.574 -35.633 -2.453 0.0000000000
32983 -8.359 -35.716 -2.798 0.0000000000
32984 -8.775 -35.600 -3.147 0.0000000000
32985 -9.358 -35.377 -3.138 0.0000000000
32986 -9.179 -35.424 -3.487 0.0000000000
32987 -9.035 -35.381 -1.777 0.0000000000
32988 -8.801 -35.521 -2.116 0.0000000000
32989 -9.270 -35.199 -1.445 0.0000000000
32990 -9.614 -35.137 -1.774 0.0000000000
32991 -9.961 -35.057 -2.096 0.0000000000
32992 -9.559 -35.305 -2.794 0.0000000000
32993 -9.934 -35.134 -3.123 0.0000000000
32994 -9.174 -35.433 -2.460 0.0000000000
32995 -9.752 -35.195 -2.447 0.0000000000
32996 -10.312 -34.949 -2.414 0.0000000000
32997 -10.481 -34.881 -3.093 0.0000000000
32998 -10.300 -34.932 -3.454 0.0000000000
32999 -10.669 -34.802 -2.728 0.0000000000
33000 -10.999 -34.619 -3.045 0.0000000000
33001 -11.313 -34.399 -3.359 0.0000000000
33002 -16.055 -29.196 1.357 0.0000000000
33003 -16.411 -28.519 1.809 0.0000000000
33004 -15.247 -30.190 0.637 0.0000000000
33005 -15.647 -29.740 0.974 0.0000000000
33006 -16.142 -29.318 0.737 0.0000000000
33007 -16.157 -29.413 0.139 0.0000000000
33008 -16.534 -28.871 0.453 0.0000000000
33009 -14.389 -31.083 -0.099 0.0000000000
33010 -14.845 -30.634 0.284 0.0000000000
33011 -13.363 -32.050 -0.904 0.0000000000
33012 -13.896 -31.561 -0.499 0.0000000000
33013 -14.318 -31.235 -0.694 0.0000000000
33014 -14.177 -31.426 -1.301 0.0000000000
33015 -14.737 -30.904 -0.900 0.0000000000
33016 -15.704 -29.898 -0.177 0.0000000000
33017 -16.061 -29.478 -0.447 0.0000000000
33018 -15.289 -30.278 0.067 0.0000000000
33019 -15.245 -30.404 -0.526 0.0000000000
33020 -15.113 -30.550 -1.131 0.0000000000
33021 -15.893 -29.569 -1.045 0.0000000000
33022 -16.360 -29.026 -0.742 0.0000000000
33023 -14.857 -30.679 -1.744 0.0000000000
33024 -15.404 -30.130 -1.382 0.0000000000
33025 -15.649 -29.676 -1.647 0.0000000000
33026 -15.356 -29.777 -2.251 0.0000000000
33027 -15.849 -29.194 -1.921 0.0000000000
33028 -12.138 -33.056 -1.668 0.0000000000
33029 -12.775 -32.545 -1.299 0.0000000000
33030 -10.728 -34.007 -2.257 0.0000000000
33031 -11.445 -33.540 -1.995 0.0000000000
33032 -11.851 -33.315 -2.234 0.0000000000
33033 -11.489 -33.542 -2.800 0.0000000000
33034 -12.224 -33.031 -2.461 0.0000000000
33035 -9.193 -34.737 -2.649 0.0000000000
33036 -9.978 -34.411 -2.466 0.0000000000
33037 -7.643 -35.220 -2.987 0.0000000000
33038 -8.399 -35.009 -2.824 0.0000000000
33039 -8.742 -34.892 -3.167 0.0000000000
33040 -8.284 -35.020 -3.672 0.0000000000
33041 -9.084 -34.740 -3.511 0.0000000000
33042 -10.713 -34.016 -3.089 0.0000000000
33043 -11.075 -33.753 -3.358 0.0000000000
33044 -10.342 -34.233 -2.787 0.0000000000
33045 -9.905 -34.401 -3.320 0.0000000000
33046 -9.442 -34.552 -3.839 0.0000000000
33047 -10.617 -33.902 -3.915 0.0000000000
33048 -11.426 -33.437 -3.614 0.0000000000
33049 -8.983 -34.607 -4.341 0.0000000000
33050 -9.794 -34.296 -4.153 0.0000000000
33051 -10.135 -33.970 -4.450 0.0000000000
33052 -9.625 -33.933 -4.988 0.0000000000
33053 -10.463 -33.566 -4.731 0.0000000000
33054 -14.782 -30.341 -2.587 0.0000000000
33055 -14.988 -29.861 -2.841 0.0000000000
33056 -14.274 -31.242 -2.130 0.0000000000
33057 -14.560 -30.809 -2.352 0.0000000000
33058 -14.206 -30.917 -2.939 0.0000000000
33059 -13.552 -31.504 -3.323 0.0000000000
33060 -13.779 -31.012 -3.553 0.0000000000
33061 -13.578 -31.970 -1.710 0.0000000000
33062 -13.941 -31.626 -1.919 0.0000000000
33063 -13.186 -32.269 -1.503 0.0000000000
33064 -12.945 -32.515 -2.096 0.0000000000
33065 -12.575 -32.719 -2.687 0.0000000000
33066 -13.266 -31.960 -3.111 0.0000000000
33067 -12.846 -32.086 -3.713 0.0000000000
33068 -13.632 -31.806 -2.521 0.0000000000
33069 -12.928 -32.362 -2.902 0.0000000000
33070 -12.199 -32.920 -3.274 0.0000000000
33071 -12.082 -32.630 -4.087 0.0000000000
33072 -12.340 -32.126 -4.325 0.0000000000
33073 -11.764 -33.062 -3.853 0.0000000000
33074 -11.285 -33.118 -4.427 0.0000000000
33075 -10.764 -33.064 -4.991 0.0000000000
33076 -14.558 -29.913 -3.429 0.0000000000
33077 -15.129 -29.355 -3.104 0.0000000000
33078 -13.233 -31.043 -4.154 0.0000000000
33079 -13.909 -30.472 -3.773 0.0000000000
33080 -13.991 -29.900 -3.966 0.0000000000
33081 -13.187 -29.870 -4.352 0.0000000000
33082 -13.908 -29.340 -4.079 0.0000000000
33083 -11.724 -32.037 -4.882 0.0000000000
33084 -12.492 -31.564 -4.531 0.0000000000
33085 -10.138 -32.850 -5.502 0.0000000000
33086 -10.939 -32.475 -5.218 0.0000000000
33087 -10.997 -31.831 -5.267 0.0000000000
33088 -10.203 -31.586 -5.351 0.0000000000
33089 -10.964 -31.231 -5.101 0.0000000000
33090 -12.427 -30.387 -4.581 0.0000000000
33091 -12.309 -29.790 -4.428 0.0000000000
33092 -12.506 -30.978 -4.605 0.0000000000
33093 -11.739 -30.800 -4.820 0.0000000000
33094 -10.886 -30.689 -4.788 0.0000000000
33095 -11.423 -29.786 -4.293 0.0000000000
33096 -12.105 -29.284 -4.192 0.0000000000
33097 -10.017 -30.700 -4.525 0.0000000000
33098 -10.731 -30.253 -4.402 0.0000000000
33099 -10.599 -29.925 -4.009 0.0000000000
33100 -9.950 -30.092 -3.680 0.0000000000
33101 -10.548 -29.608 -3.612 0.0000000000
33102 -6.487 -35.536 -3.254 0.0000000000
33103 -6.992 -35.386 -3.128 0.0000000000
33104 -6.075 -35.884 -3.580 0.0000000000
33105 -6.153 -35.693 -3.391 0.0000000000
33106 -6.333 -35.609 -3.695 0.0000000000
33107 -6.279 -35.655 -4.157 0.0000000000
33108 -6.534 -35.517 -4.018 0.0000000000
33109 -6.515 -36.061 -3.836 0.0000000000
33110 -6.279 -36.026 -3.762 0.0000000000
33111 -7.323 -35.959 -3.842 0.0000000000
33112 -6.875 -36.039 -3.847 0.0000000000
33113 -6.819 -35.999 -4.190 0.0000000000
33114 -7.154 -35.890 -4.526 0.0000000000
33115 -6.780 -35.934 -4.521 0.0000000000
33116 -6.291 -35.824 -4.340 0.0000000000
33117 -6.328 -35.688 -4.639 0.0000000000
33118 -6.251 -35.926 -4.051 0.0000000000
33119 -6.490 -35.915 -4.481 0.0000000000
33120 -6.764 -35.854 -4.851 0.0000000000
33121 -6.529 -35.702 -5.091 0.0000000000
33122 -6.414 -35.545 -4.918 0.0000000000
33123 -7.064 -35.726 -5.195 0.0000000000
33124 -6.773 -35.758 -5.170 0.0000000000
33125 -6.787 -35.611 -5.497 0.0000000000
33126 -7.004 -35.403 -5.858 0.0000000000
33127 -6.747 -35.417 -5.823 0.0000000000
33128 -8.418 -35.659 -3.836 0.0000000000
33129 -7.843 -35.832 -3.838 0.0000000000
33130 -9.572 -35.218 -3.830 0.0000000000
33131 -9.001 -35.454 -3.834 0.0000000000
33132 -8.830 -35.459 -4.182 0.0000000000
33133 -9.224 -35.215 -4.531 0.0000000000
33134 -8.668 -35.435 -4.527 0.0000000000
33135 -10.643 -34.714 -3.789 0.0000000000
33136 -10.123 -34.972 -3.815 0.0000000000
33137 -11.596 -34.181 -3.678 0.0000000000
33138 -11.124 -34.437 -3.746 0.0000000000
33139 -10.938 -34.461 -4.125 0.0000000000
33140 -11.225 -34.164 -4.459 0.0000000000
33141 -10.758 -34.449 -4.501 0.0000000000
33142 -9.753 -34.977 -4.527 0.0000000000
33143 -9.584 -34.924 -4.878 0.0000000000
33144 -9.939 -34.982 -4.172 0.0000000000
33145 -10.265 -34.723 -4.518 0.0000000000
33146 -10.581 -34.400 -4.867 0.0000000000
33147 -9.911 -34.592 -5.230 0.0000000000
33148 -9.400 -34.854 -5.222 0.0000000000
33149 -10.863 -34.007 -5.208 0.0000000000
33150 -10.399 -34.309 -5.226 0.0000000000
33151 -10.174 -34.201 -5.577 0.0000000000
33152 -10.387 -33.770 -5.937 0.0000000000
33153 -9.912 -34.089 -5.919 0.0000000000
33154 -7.302 -35.336 -5.871 0.0000000000
33155 -7.212 -35.127 -6.225 0.0000000000
33156 -7.435 -35.649 -5.208 0.0000000000
33157 -7.365 -35.507 -5.545 0.0000000000
33158 -7.643 -35.225 -5.880 0.0000000000
33159 -8.070 -35.065 -5.883 0.0000000000
33160 -7.886 -34.893 -6.228 0.0000000000
33161 -7.606 -35.790 -4.527 0.0000000000
33162 -7.510 -35.730 -4.863 0.0000000000
33163 -7.722 -35.827 -4.184 0.0000000000
33164 -8.126 -35.632 -4.525 0.0000000000
33165 -8.514 -35.397 -4.869 0.0000000000
33166 -8.210 -35.209 -5.541 0.0000000000
33167 -8.511 -34.866 -5.889 0.0000000000
33168 -7.869 -35.503 -5.202 0.0000000000
33169 -8.361 -35.315 -5.203 0.0000000000
33170 -8.875 -35.096 -5.207 0.0000000000
33171 -8.965 -34.636 -5.900 0.0000000000
33172 -8.729 -34.490 -6.242 0.0000000000
33173 -9.191 -34.768 -5.547 0.0000000000
33174 -9.440 -34.388 -5.912 0.0000000000
33175 -9.647 -33.934 -6.262 0.0000000000
33176 -7.343 -34.806 -6.561 0.0000000000
33177 -7.044 -34.879 -6.535 0.0000000000
33178 -8.047 -34.515 -6.563 0.0000000000
33179 -7.678 -34.688 -6.563 0.0000000000
33180 -7.410 -34.443 -6.870 0.0000000000
33181 -7.368 -34.105 -7.118 0.0000000000
33182 -7.020 -34.232 -7.086 0.0000000000
33183 -8.899 -34.047 -6.579 0.0000000000
33184 -8.459 -34.296 -6.568 0.0000000000
33185 -9.847 -33.475 -6.646 0.0000000000
33186 -9.359 -33.762 -6.594 0.0000000000
33187 -9.038 -33.598 -6.913 0.0000000000
33188 -9.193 -33.203 -7.265 0.0000000000
33189 -8.674 -33.444 -7.188 0.0000000000
33190 -7.758 -33.914 -7.135 0.0000000000
33191 -7.287 -33.779 -7.325 0.0000000000
33192 -8.148 -34.099 -6.874 0.0000000000
33193 -8.197 -33.687 -7.152 0.0000000000
33194 -8.244 -33.317 -7.397 0.0000000000
33195 -7.223 -33.469 -7.481 0.0000000000
33196 -6.756 -33.659 -7.418 0.0000000000
33197 -8.338 -32.986 -7.626 0.0000000000
33198 -7.755 -33.225 -7.532 0.0000000000
33199 -7.226 -33.173 -7.591 0.0000000000
33200 -7.303 -32.894 -7.683 0.0000000000
33201 -6.692 -33.122 -7.545 0.0000000000
33202 -9.333 -30.575 -3.756 0.0000000000
33203 -9.400 -30.298 -3.354 0.0000000000
33204 -9.378 -31.107 -4.713 0.0000000000
33205 -9.336 -30.838 -4.211 0.0000000000
33206 -8.764 -31.003 -3.914 0.0000000000
33207 -8.105 -31.403 -4.045 0.0000000000
33208 -8.234 -31.181 -3.630 0.0000000000
33209 -9.417 -31.931 -5.610 0.0000000000
33210 -9.431 -31.448 -5.193 0.0000000000
33211 -9.300 -33.223 -5.734 0.0000000000
33212 -9.376 -32.563 -5.784 0.0000000000
33213 -8.649 -32.224 -5.876 0.0000000000
33214 -7.958 -32.495 -6.147 0.0000000000
33215 -7.925 -32.018 -5.696 0.0000000000
33216 -8.005 -31.583 -4.509 0.0000000000
33217 -7.424 -31.761 -4.211 0.0000000000
33218 -8.651 -31.468 -4.868 0.0000000000
33219 -7.944 -31.771 -5.074 0.0000000000
33220 -7.268 -32.017 -5.350 0.0000000000
33221 -6.741 -32.030 -4.419 0.0000000000
33222 -6.905 -31.912 -3.963 0.0000000000
33223 -6.728 -32.190 -5.646 0.0000000000
33224 -6.691 -32.108 -4.973 0.0000000000
33225 -6.128 -32.232 -4.668 0.0000000000
33226 -5.628 -32.368 -4.960 0.0000000000
33227 -5.648 -32.336 -4.417 0.0000000000
33228 -8.798 -34.244 -5.166 0.0000000000
33229 -9.071 -33.811 -5.494 0.0000000000
33230 -8.214 -34.859 -4.485 0.0000000000
33231 -8.527 -34.588 -4.830 0.0000000000
33232 -8.079 -34.539 -5.317 0.0000000000
33233 -7.474 -34.789 -5.413 0.0000000000
33234 -7.707 -34.411 -5.796 0.0000000000
33235 -7.557 -35.236 -3.806 0.0000000000
33236 -7.864 -35.084 -4.145 0.0000000000
33237 -7.264 -35.337 -3.461 0.0000000000
33238 -6.964 -35.393 -3.914 0.0000000000
33239 -6.757 -35.414 -4.351 0.0000000000
33240 -7.269 -35.049 -5.039 0.0000000000
33241 -7.034 -34.988 -5.471 0.0000000000
33242 -7.546 -35.080 -4.591 0.0000000000
33243 -7.018 -35.256 -4.685 0.0000000000
33244 -6.639 -35.393 -4.782 0.0000000000
33245 -6.719 -35.157 -5.551 0.0000000000
33246 -6.937 -34.787 -5.929 0.0000000000
33247 -6.533 -35.388 -5.226 0.0000000000
33248 -6.560 -35.347 -5.710 0.0000000000
33249 -6.732 -35.172 -6.168 0.0000000000
33250 -5.731 -32.383 -5.604 0.0000000000
33251 -5.270 -32.457 -5.284 0.0000000000
33252 -6.844 -32.434 -6.260 0.0000000000
33253 -6.264 -32.357 -5.946 0.0000000000
33254 -5.876 -32.585 -6.200 0.0000000000
33255 -6.162 -33.049 -6.634 0.0000000000
33256 -5.631 -32.844 -6.382 0.0000000000
33257 -7.967 -33.173 -6.298 0.0000000000
33258 -7.446 -32.749 -6.387 0.0000000000
33259 -8.504 -33.565 -5.965 0.0000000000
33260 -7.923 -33.861 -6.135 0.0000000000
33261 -7.464 -34.107 -6.239 0.0000000000
33262 -6.718 -33.294 -6.707 0.0000000000
33263 -6.471 -33.580 -6.785 0.0000000000
33264 -7.049 -33.042 -6.591 0.0000000000
33265 -7.170 -33.694 -6.588 0.0000000000
33266 -7.117 -34.317 -6.304 0.0000000000
33267 -6.623 -34.209 -6.667 0.0000000000
33268 -6.257 -33.978 -6.893 0.0000000000
33269 -6.821 -34.505 -6.360 0.0000000000
33270 -6.615 -34.747 -6.433 0.0000000000
33271 -6.767 -34.871 -6.499 0.0000000000
33272 -5.003 -32.585 -5.575 0.0000000000
33273 -4.893 -32.526 -5.034 0.0000000000
33274 -5.421 -33.298 -6.677 0.0000000000
33275 -5.178 -32.809 -6.148 0.0000000000
33276 -4.854 -32.788 -5.959 0.0000000000
33277 -4.959 -33.031 -6.470 0.0000000000
33278 -4.675 -32.769 -5.900 0.0000000000
33279 -6.365 -34.254 -6.982 0.0000000000
33280 -5.877 -33.835 -6.965 0.0000000000
33281 -6.770 -34.594 -6.791 0.0000000000
33282 -6.681 -34.294 -7.040 0.0000000000
33283 -6.527 -34.026 -7.232 0.0000000000
33284 -5.407 -33.375 -6.935 0.0000000000
33285 -5.295 -33.212 -6.915 0.0000000000
33286 -5.639 -33.624 -7.056 0.0000000000
33287 -5.996 -33.717 -7.244 0.0000000000
33288 -6.370 -33.734 -7.350 0.0000000000
33289 -5.705 -33.283 -7.225 0.0000000000
33290 -5.229 -33.050 -6.901 0.0000000000
33291 -6.210 -33.478 -7.393 0.0000000000
33292 -6.163 -33.257 -7.407 0.0000000000
33293 -6.163 -33.043 -7.428 0.0000000000
33294 -8.940 -30.492 -3.092 0.0000000000
33295 -9.536 -30.044 -3.007 0.0000000000
33296 -7.757 -31.343 -3.395 0.0000000000
33297 -8.357 -30.931 -3.230 0.0000000000
33298 -8.551 -30.718 -2.864 0.0000000000
33299 -8.210 -30.965 -2.679 0.0000000000
33300 -8.821 -30.518 -2.571 0.0000000000
33301 -6.409 -32.041 -3.737 0.0000000000
33302 -7.087 -31.720 -3.560 0.0000000000
33303 -5.223 -32.431 -4.185 0.0000000000
33304 -5.757 -32.281 -3.949 0.0000000000
33305 -5.940 -32.176 -3.528 0.0000000000
33306 -5.539 -32.315 -3.338 0.0000000000
33307 -6.181 -32.047 -3.154 0.0000000000
33308 -7.539 -31.341 -2.832 0.0000000000
33309 -7.841 -31.162 -2.536 0.0000000000
33310 -7.309 -31.521 -3.185 0.0000000000
33311 -6.859 -31.721 -2.992 0.0000000000
33312 -6.457 -31.893 -2.829 0.0000000000
33313 -7.473 -31.342 -2.440 0.0000000000
33314 -8.179 -30.932 -2.347 0.0000000000
33315 -6.060 -32.048 -2.689 0.0000000000
33316 -6.764 -31.721 -2.556 0.0000000000
33317 -7.089 -31.526 -2.376 0.0000000000
33318 -6.672 -31.717 -2.332 0.0000000000
33319 -7.450 -31.321 -2.292 0.0000000000
33320 -4.603 -32.580 -4.843 0.0000000000
33321 -4.837 -32.512 -4.488 0.0000000000
33322 -4.523 -32.724 -5.807 0.0000000000
33323 -4.473 -32.640 -5.241 0.0000000000
33324 -4.349 -32.629 -4.719 0.0000000000
33325 -4.125 -32.665 -4.660 0.0000000000
33326 -4.291 -32.667 -4.215 0.0000000000
33327 -5.220 -32.901 -6.897 0.0000000000
33328 -4.824 -32.841 -6.450 0.0000000000
33329 -6.207 -32.830 -7.457 0.0000000000
33330 -5.673 -32.912 -7.212 0.0000000000
33331 -5.238 -32.749 -6.890 0.0000000000
33332 -5.253 -32.606 -6.866 0.0000000000
33333 -4.844 -32.608 -6.453 0.0000000000
33334 -4.162 -32.625 -5.235 0.0000000000
33335 -3.969 -32.641 -4.677 0.0000000000
33336 -4.461 -32.682 -5.852 0.0000000000
33337 -4.445 -32.594 -5.876 0.0000000000
33338 -4.408 -32.487 -5.892 0.0000000000
33339 -3.854 -32.588 -4.720 0.0000000000
33340 -3.911 -32.697 -4.199 0.0000000000
33341 -4.378 -32.343 -5.875 0.0000000000
33342 -4.038 -32.451 -5.336 0.0000000000
33343 -3.775 -32.483 -4.778 0.0000000000
33344 -3.738 -32.342 -4.811 0.0000000000
33345 -3.602 -32.526 -4.315 0.0000000000
33346 -5.960 -32.037 -2.420 0.0000000000
33347 -6.260 -31.872 -2.311 0.0000000000
33348 -5.397 -32.333 -2.857 0.0000000000
33349 -5.669 -32.189 -2.598 0.0000000000
33350 -5.273 -32.279 -2.594 0.0000000000
33351 -4.641 -32.426 -2.801 0.0000000000
33352 -4.894 -32.335 -2.616 0.0000000000
33353 -4.987 -32.516 -3.561 0.0000000000
33354 -5.166 -32.425 -3.186 0.0000000000
33355 -4.847 -32.517 -3.981 0.0000000000
33356 -4.563 -32.618 -3.844 0.0000000000
33357 -4.297 -32.691 -3.748 0.0000000000
33358 -4.465 -32.537 -3.059 0.0000000000
33359 -4.150 -32.576 -3.096 0.0000000000
33360 -4.816 -32.486 -3.074 0.0000000000
33361 -4.368 -32.640 -3.352 0.0000000000
33362 -4.094 -32.721 -3.747 0.0000000000
33363 -3.827 -32.673 -3.466 0.0000000000
33364 -3.881 -32.604 -3.171 0.0000000000
33365 -3.851 -32.713 -3.801 0.0000000000
33366 -3.610 -32.664 -3.850 0.0000000000
33367 -3.485 -32.521 -3.958 0.0000000000
33368 -5.859 -31.995 -2.302 0.0000000000
33369 -6.598 -31.690 -2.258 0.0000000000
33370 -4.596 -32.346 -2.626 0.0000000000
33371 -5.207 -32.208 -2.433 0.0000000000
33372 -5.515 -32.028 -2.305 0.0000000000
33373 -5.250 -32.016 -2.311 0.0000000000
33374 -5.869 -31.842 -2.246 0.0000000000
33375 -3.669 -32.507 -3.240 0.0000000000
33376 -4.066 -32.459 -2.927 0.0000000000
33377 -3.412 -32.340 -4.080 0.0000000000
33378 -3.446 -32.469 -3.634 0.0000000000
33379 -3.513 -32.388 -3.328 0.0000000000
33381 -3.731 -32.311 -3.077 0.0000000000
33382 -4.691 -32.179 -2.471 0.0000000000
33383 -5.041 -31.978 -2.334 0.0000000000
33384 -4.364 -32.326 -2.691 0.0000000000
33385 -4.175 -32.275 -2.755 0.0000000000
33386 -4.038 -32.218 -2.828 0.0000000000
33387 -4.862 -31.929 -2.374 0.0000000000
33388 -5.387 -31.763 -2.291 0.0000000000
33390 -4.392 -32.097 -2.590 0.0000000000
33391 -4.726 -31.891 -2.432 0.0000000000
33392 -4.630 -31.847 -2.484 0.0000000000
33393 -5.011 -31.639 -2.393 0.0000000000
33394 -4.236 -32.007 -2.713 0.0000000000
33395 -4.580 -31.772 -2.542 0.0000000000
33403 -3.539 -32.167 -4.533 0.0000000000
33404 -3.433 -32.138 -4.214 0.0000000000
33420 -3.986 -32.152 -5.341 0.0000000000
33421 -3.719 -32.171 -4.893 0.0000000000
33422 -4.792 -32.292 -6.348 0.0000000000
33423 -4.351 -32.184 -5.851 0.0000000000
33424 -4.348 -32.008 -5.853 0.0000000000
33425 -4.782 -31.912 -6.309 0.0000000000
33427 -5.776 -32.559 -7.228 0.0000000000
33428 -5.271 -32.434 -6.835 0.0000000000
33429 -6.903 -32.654 -7.666 0.0000000000
33430 -6.298 -32.613 -7.491 0.0000000000
33431 -6.487 -32.458 -7.551 0.0000000000
33432 -7.393 -32.361 -7.932 0.0000000000
33433 -6.668 -32.314 -7.608 0.0000000000
33434 -5.257 -32.069 -6.755 0.0000000000
33435 -5.299 -31.887 -6.778 0.0000000000
33436 -5.269 -32.260 -6.792 0.0000000000
33437 -5.865 -32.222 -7.230 0.0000000000
33438 -6.794 -32.210 -7.648 0.0000000000
33439 -5.964 -31.929 -7.244 0.0000000000
33440 -5.378 -31.710 -6.842 0.0000000000
33441 -7.601 -32.196 -8.384 0.0000000000
33442 -6.857 -32.129 -7.690 0.0000000000
33443 -6.890 -32.066 -7.739 0.0000000000
33445 -7.009 -31.986 -7.950 0.0000000000
33453 -3.814 -31.767 -5.160 0.0000000000
33455 -3.752 -31.984 -4.995 0.0000000000
33456 -4.023 -31.796 -5.461 0.0000000000
33463 -5.766 -31.476 -7.133 0.0000000000
33464 -5.960 -31.387 -7.226 0.0000000000
33465 -5.570 -31.591 -6.981 0.0000000000
33466 -6.367 -31.752 -7.437 0.0000000000
33467 -7.146 -31.911 -8.121 0.0000000000
33476 -6.109 -31.256 -7.304 0.0000000000
33484 -6.212 -31.132 -7.335 0.0000000000
33494 -7.990 -32.676 -7.899 0.0000000000
33495 -7.441 -32.648 -7.790 0.0000000000
33496 -8.970 -32.811 -7.802 0.0000000000
33497 -8.490 -32.738 -7.896 0.0000000000
33498 -8.702 -32.622 -8.252 0.0000000000
33499 -9.329 -32.684 -8.620 0.0000000000
33500 -8.865 -32.587 -8.649 0.0000000000
33501 -9.762 -32.983 -7.382 0.0000000000
33502 -9.396 -32.884 -7.626 0.0000000000
33503 -10.344 -33.193 -6.704 0.0000000000
33504 -10.063 -33.076 -7.064 0.0000000000
33505 -10.335 -32.878 -7.532 0.0000000000
33506 -10.894 -32.878 -7.666 0.0000000000
33507 -10.581 -32.911 -8.019 0.0000000000
33508 -9.780 -32.787 -8.503 0.0000000000
33509 -9.928 -32.749 -8.912 0.0000000000
33510 -9.609 -32.794 -8.063 0.0000000000
33511 -10.204 -32.875 -8.302 0.0000000000
33512 -10.778 -32.943 -8.471 0.0000000000
33513 -10.516 -32.797 -9.122 0.0000000000
33514 -10.053 -32.676 -9.278 0.0000000000
33515 -11.333 -32.960 -8.569 0.0000000000
33516 -10.944 -32.899 -8.880 0.0000000000
33517 -11.089 -32.803 -9.240 0.0000000000
33518 -11.654 -32.764 -9.277 0.0000000000
33519 -11.231 -32.641 -9.532 0.0000000000
33520 -10.854 -33.459 -5.947 0.0000000000
33521 -10.598 -33.339 -6.332 0.0000000000
33522 -11.310 -33.718 -5.178 0.0000000000
33523 -11.094 -33.595 -5.561 0.0000000000
33524 -11.321 -33.153 -5.955 0.0000000000
33525 -11.798 -32.899 -5.971 0.0000000000
33526 -11.598 -32.810 -6.419 0.0000000000
33527 -11.674 -33.887 -4.398 0.0000000000
33528 -11.499 -33.818 -4.791 0.0000000000
33529 -12.047 -33.906 -3.585 0.0000000000
33530 -11.861 -33.915 -3.997 0.0000000000
33531 -12.120 -33.612 -4.316 0.0000000000
33532 -12.557 -33.337 -4.216 0.0000000000
33533 -12.384 -33.266 -4.648 0.0000000000
33534 -12.015 -33.024 -5.532 0.0000000000
33535 -12.277 -32.666 -5.968 0.0000000000
33536 -11.764 -33.433 -5.145 0.0000000000
33537 -12.202 -33.160 -5.088 0.0000000000
33538 -12.640 -32.900 -5.012 0.0000000000
33539 -12.740 -32.476 -5.944 0.0000000000
33540 -12.593 -32.528 -6.462 0.0000000000
33541 -13.064 -32.629 -4.924 0.0000000000
33542 -12.907 -32.542 -5.432 0.0000000000
33543 -13.198 -32.315 -5.901 0.0000000000
33544 -13.637 -32.141 -5.820 0.0000000000
33545 -13.542 -32.313 -6.355 0.0000000000
33546 -12.044 -32.843 -8.959 0.0000000000
33547 -12.204 -32.693 -9.263 0.0000000000
33548 -11.674 -32.967 -8.204 0.0000000000
33549 -11.871 -32.933 -8.606 0.0000000000
33550 -12.402 -32.887 -8.597 0.0000000000
33551 -12.726 -32.883 -8.204 0.0000000000
33552 -12.930 -32.819 -8.544 0.0000000000
33553 -11.155 -32.826 -7.275 0.0000000000
33554 -11.438 -32.906 -7.759 0.0000000000
33555 -10.856 -32.951 -6.776 0.0000000000
33556 -11.385 -32.795 -6.858 0.0000000000
33557 -11.920 -32.710 -6.923 0.0000000000
33558 -12.495 -32.893 -7.823 0.0000000000
33559 -13.008 -32.817 -7.781 0.0000000000
33560 -11.970 -32.919 -7.814 0.0000000000
33561 -12.226 -32.802 -7.396 0.0000000000
33562 -12.431 -32.657 -6.952 0.0000000000
33563 -13.242 -32.697 -7.329 0.0000000000
33564 -13.507 -32.727 -7.702 0.0000000000
33565 -12.933 -32.614 -6.923 0.0000000000
33566 -13.419 -32.525 -6.852 0.0000000000
33567 -13.883 -32.388 -6.763 0.0000000000
33568 -12.743 -32.610 -9.220 0.0000000000
33569 -12.347 -32.499 -9.533 0.0000000000
33570 -13.445 -32.730 -8.460 0.0000000000
33571 -13.110 -32.684 -8.855 0.0000000000
33572 -13.277 -32.507 -9.135 0.0000000000
33573 -13.802 -32.378 -9.005 0.0000000000
33574 -13.437 -32.309 -9.383 0.0000000000
33575 -13.996 -32.621 -7.589 0.0000000000
33576 -13.742 -32.703 -8.036 0.0000000000
33577 -14.327 -32.222 -6.642 0.0000000000
33578 -14.190 -32.446 -7.128 0.0000000000
33579 -14.468 -32.474 -7.447 0.0000000000
33580 -14.922 -32.289 -7.284 0.0000000000
33581 -14.710 -32.405 -7.754 0.0000000000
33582 -14.142 -32.435 -8.613 0.0000000000
33583 -14.324 -32.237 -8.871 0.0000000000
33584 -13.951 -32.602 -8.338 0.0000000000
33585 -14.445 -32.443 -8.194 0.0000000000
33586 -14.933 -32.274 -8.040 0.0000000000
33587 -14.841 -32.088 -8.742 0.0000000000
33588 -14.513 -32.037 -9.130 0.0000000000
33589 -15.409 -32.092 -7.884 0.0000000000
33590 -15.143 -32.108 -8.323 0.0000000000
33591 -15.341 -31.892 -8.568 0.0000000000
33592 -15.846 -31.691 -8.395 0.0000000000
33593 -15.557 -31.670 -8.808 0.0000000000
33620 -8.164 -32.208 -9.361 0.0000000000
33622 -8.128 -32.353 -8.905 0.0000000000
33623 -8.139 -32.284 -9.143 0.0000000000
33624 -8.733 -32.247 -9.690 0.0000000000
33625 -9.315 -32.283 -9.831 0.0000000000
33626 -9.434 -32.137 -9.992 0.0000000000
33627 -7.953 -32.414 -8.324 0.0000000000
33628 -8.109 -32.369 -8.628 0.0000000000
33629 -7.744 -32.494 -8.051 0.0000000000
33630 -8.410 -32.496 -8.559 0.0000000000
33631 -8.998 -32.552 -9.024 0.0000000000
33632 -9.186 -32.409 -9.626 0.0000000000
33633 -9.828 -32.335 -9.867 0.0000000000
33634 -8.596 -32.431 -9.229 0.0000000000
33635 -9.089 -32.499 -9.361 0.0000000000
33636 -9.579 -32.573 -9.359 0.0000000000
33637 -10.316 -32.407 -9.815 0.0000000000
33638 -10.463 -32.245 -10.021 0.0000000000
33639 -10.176 -32.569 -9.585 0.0000000000
33640 -10.789 -32.513 -9.711 0.0000000000
33641 -11.372 -32.459 -9.778 0.0000000000
33642 -12.351 -31.455 -10.620 0.0000000000
33643 -13.037 -31.337 -10.593 0.0000000000
33645 -11.678 -31.591 -10.595 0.0000000000
33646 -12.190 -31.605 -10.567 0.0000000000
33647 -12.037 -31.775 -10.464 0.0000000000
33648 -12.672 -31.666 -10.431 0.0000000000
33649 -9.605 -31.844 -10.152 0.0000000000
33650 -10.302 -31.739 -10.350 0.0000000000
33651 -8.895 -31.961 -9.899 0.0000000000
33652 -9.540 -31.980 -10.094 0.0000000000
33653 -10.130 -32.019 -10.161 0.0000000000
33654 -11.401 -31.874 -10.437 0.0000000000
33655 -11.857 -31.940 -10.339 0.0000000000
33656 -10.876 -31.787 -10.437 0.0000000000
33657 -10.775 -31.934 -10.312 0.0000000000
33658 -10.631 -32.084 -10.161 0.0000000000
33659 -11.669 -32.103 -10.199 0.0000000000
33660 -12.252 -32.015 -10.196 0.0000000000
33661 -11.083 -32.170 -10.131 0.0000000000
33662 -11.517 -32.280 -9.998 0.0000000000
33663 -11.938 -32.382 -9.792 0.0000000000
33664 -13.501 -31.362 -10.467 0.0000000000
33666 -13.077 -31.740 -10.248 0.0000000000
33667 -13.290 -31.556 -10.366 0.0000000000
33668 -13.891 -31.417 -10.277 0.0000000000
33669 -14.243 -31.468 -10.080 0.0000000000
33670 -14.500 -31.265 -10.154 0.0000000000
33671 -12.659 -32.113 -9.973 0.0000000000
33672 -12.847 -31.919 -10.138 0.0000000000
33673 -12.492 -32.303 -9.776 0.0000000000
33674 -13.053 -32.219 -9.705 0.0000000000
33675 -13.618 -32.103 -9.594 0.0000000000
33676 -14.019 -31.669 -9.942 0.0000000000
33677 -14.592 -31.528 -9.820 0.0000000000
33678 -13.441 -31.807 -10.043 0.0000000000
33679 -13.811 -31.886 -9.780 0.0000000000
33680 -14.166 -31.966 -9.484 0.0000000000
33681 -14.926 -31.589 -9.532 0.0000000000
33682 -15.155 -31.355 -9.677 0.0000000000
33683 -14.714 -31.823 -9.355 0.0000000000
33684 -15.252 -31.643 -9.197 0.0000000000
33685 -15.773 -31.431 -9.023 0.0000000000
33714 -15.090 -31.107 -10.032 0.0000000000
33717 -15.574 -30.673 -10.167 0.0000000000
33719 -15.704 -31.139 -9.518 0.0000000000
33720 -15.404 -31.107 -9.800 0.0000000000
33721 -16.283 -31.208 -8.821 0.0000000000
33722 -15.991 -31.174 -9.202 0.0000000000
33723 -16.237 -30.929 -9.323 0.0000000000
33724 -16.753 -30.696 -9.155 0.0000000000
33725 -16.485 -30.685 -9.447 0.0000000000
33726 -15.922 -30.677 -9.951 0.0000000000
33727 -16.170 -30.463 -10.004 0.0000000000
33728 -15.663 -30.892 -9.886 0.0000000000
33729 -16.208 -30.674 -9.719 0.0000000000
33730 -16.727 -30.429 -9.537 0.0000000000
33731 -16.695 -30.198 -9.805 0.0000000000
33732 -16.350 -30.237 -10.015 0.0000000000
33733 -17.238 -30.167 -9.315 0.0000000000
33734 -16.984 -30.174 -9.562 0.0000000000
33735 -17.227 -29.934 -9.574 0.0000000000
33736 -17.762 -29.683 -9.407 0.0000000000
33737 -17.470 -29.718 -9.625 0.0000000000
33758 -17.102 -29.792 -9.801 0.0000000000
33759 -17.680 -29.531 -9.603 0.0000000000
33769 -18.203 -29.244 -9.384 0.0000000000
33786 -12.402 -33.776 -2.734 0.0000000000
33787 -12.233 -33.863 -3.164 0.0000000000
33788 -12.719 -33.498 -1.828 0.0000000000
33789 -12.561 -33.651 -2.290 0.0000000000
33790 -12.833 -33.478 -2.579 0.0000000000
33791 -13.246 -33.168 -2.399 0.0000000000
33792 -13.093 -33.284 -2.871 0.0000000000
33793 -13.007 -33.089 -0.848 0.0000000000
33794 -12.875 -33.318 -1.346 0.0000000000
33795 -13.227 -32.595 0.209 0.0000000000
33796 -13.121 -32.841 -0.329 0.0000000000
33797 -13.399 -32.739 -0.605 0.0000000000
33798 -13.776 -32.390 -0.340 0.0000000000
33799 -13.661 -32.620 -0.883 0.0000000000
33800 -13.404 -33.036 -1.910 0.0000000000
33801 -13.645 -32.848 -2.190 0.0000000000
33802 -13.144 -33.184 -1.628 0.0000000000
33803 -13.546 -32.851 -1.404 0.0000000000
33804 -13.919 -32.492 -1.155 0.0000000000
33805 -14.029 -32.518 -1.958 0.0000000000
33806 -13.877 -32.641 -2.476 0.0000000000
33807 -14.280 -32.132 -0.886 0.0000000000
33808 -14.167 -32.349 -1.428 0.0000000000
33809 -14.397 -32.174 -1.705 0.0000000000
33810 -14.751 -31.815 -1.430 0.0000000000
33811 -14.608 -31.965 -1.986 0.0000000000
33812 -13.391 -32.085 1.309 0.0000000000
33813 -13.321 -32.347 0.758 0.0000000000
33814 -13.527 -31.588 2.437 0.0000000000
33815 -13.464 -31.841 1.871 0.0000000000
33816 -13.738 -31.768 1.595 0.0000000000
33817 -14.067 -31.443 1.891 0.0000000000
33818 -14.014 -31.676 1.331 0.0000000000
33819 -13.588 -30.958 3.554 0.0000000000
33820 -13.567 -31.293 2.995 0.0000000000
33821 -13.556 -30.170 4.654 0.0000000000
33822 -13.575 -30.574 4.105 0.0000000000
33823 -13.851 -30.583 3.816 0.0000000000
33824 -14.110 -30.199 4.086 0.0000000000
33825 -14.130 -30.568 3.543 0.0000000000
33826 -14.121 -31.209 2.456 0.0000000000
33827 -14.393 -31.122 2.185 0.0000000000
33828 -13.843 -31.262 2.719 0.0000000000
33829 -14.136 -30.909 3.002 0.0000000000
33830 -14.413 -30.535 3.278 0.0000000000
33831 -14.683 -30.759 2.462 0.0000000000
33832 -14.653 -31.005 1.908 0.0000000000
33833 -14.668 -30.133 3.550 0.0000000000
33834 -14.690 -30.471 3.010 0.0000000000
33835 -14.960 -30.378 2.747 0.0000000000
33836 -15.229 -29.986 3.028 0.0000000000
33837 -15.239 -30.281 2.488 0.0000000000
33838 -14.872 -31.627 -0.868 0.0000000000
33839 -15.097 -31.453 -1.140 0.0000000000
33840 -14.381 -31.902 -0.332 0.0000000000
33841 -14.636 -31.777 -0.599 0.0000000000
33842 -14.981 -31.422 -0.301 0.0000000000
33843 -15.070 -31.209 0.265 0.0000000000
33844 -15.316 -31.068 -0.001 0.0000000000
33845 -13.872 -32.155 0.213 0.0000000000
33846 -14.128 -32.031 -0.059 0.0000000000
33847 -13.592 -32.248 0.479 0.0000000000
33848 -13.951 -31.914 0.771 0.0000000000
33849 -14.290 -31.577 1.065 0.0000000000
33850 -14.823 -31.347 0.532 0.0000000000
33851 -15.149 -31.002 0.831 0.0000000000
33852 -14.476 -31.681 0.231 0.0000000000
33853 -14.557 -31.464 0.795 0.0000000000
33854 -14.613 -31.237 1.353 0.0000000000
33855 -15.211 -30.793 1.393 0.0000000000
33856 -15.459 -30.648 1.125 0.0000000000
33857 -14.931 -30.899 1.648 0.0000000000
33858 -15.238 -30.554 1.945 0.0000000000
33859 -15.516 -30.175 2.229 0.0000000000
33860 -15.431 -31.090 -0.845 0.0000000000
33861 -15.305 -31.256 -1.425 0.0000000000
33862 -15.640 -30.714 0.295 0.0000000000
33863 -15.548 -30.912 -0.273 0.0000000000
33864 -15.764 -30.734 -0.550 0.0000000000
33865 -16.077 -30.366 -0.257 0.0000000000
33866 -15.961 -30.533 -0.838 0.0000000000
33867 -15.757 -30.291 1.414 0.0000000000
33868 -15.712 -30.508 0.859 0.0000000000
33869 -15.778 -29.774 2.512 0.0000000000
33870 -15.785 -30.052 1.970 0.0000000000
33871 -16.027 -29.901 1.696 0.0000000000
33872 -16.289 -29.500 1.977 0.0000000000
33873 -16.270 -29.750 1.423 0.0000000000
33874 -16.170 -30.184 0.307 0.0000000000
33875 -16.377 -29.998 0.026 0.0000000000
33876 -15.955 -30.358 0.588 0.0000000000
33877 -16.234 -29.978 0.868 0.0000000000
33878 -16.496 -29.586 1.144 0.0000000000
33879 -16.663 -29.617 0.308 0.0000000000
33880 -16.582 -29.795 -0.256 0.0000000000
33881 -16.749 -29.176 1.425 0.0000000000
33882 -16.714 -29.409 0.865 0.0000000000
33883 -16.927 -29.218 0.589 0.0000000000
33884 -17.175 -28.801 0.872 0.0000000000
33885 -17.128 -29.005 0.315 0.0000000000
33886 -13.600 -29.479 5.835 0.0000000000
33887 -13.553 -29.787 5.227 0.0000000000
33888 -13.734 -28.922 7.047 0.0000000000
33889 -13.671 -29.208 6.454 0.0000000000
33890 -13.903 -29.193 6.114 0.0000000000
33891 -14.218 -28.902 6.405 0.0000000000
33892 -14.143 -29.164 5.803 0.0000000000
33893 -13.834 -28.226 8.108 0.0000000000
33894 -13.788 -28.594 7.601 0.0000000000
33895 -13.948 -27.487 9.063 0.0000000000
33896 -13.886 -27.853 8.595 0.0000000000
33897 -14.142 -27.914 8.315 0.0000000000
33898 -14.468 -27.583 8.505 0.0000000000
33899 -14.408 -27.957 8.037 0.0000000000
33900 -14.293 -28.616 6.971 0.0000000000
33901 -14.543 -28.597 6.663 0.0000000000
33902 -14.042 -28.614 7.280 0.0000000000
33903 -14.356 -28.298 7.516 0.0000000000
33904 -14.675 -27.976 7.759 0.0000000000
33905 -14.872 -28.283 6.927 0.0000000000
33906 -14.802 -28.575 6.369 0.0000000000
33907 -15.012 -27.641 7.961 0.0000000000
33908 -14.941 -27.976 7.474 0.0000000000
33909 -15.209 -27.960 7.186 0.0000000000
33910 -15.561 -27.632 7.403 0.0000000000
33911 -15.483 -27.933 6.900 0.0000000000
33912 -14.086 -26.860 9.831 0.0000000000
33913 -14.016 -27.163 9.470 0.0000000000
33914 -14.206 -26.415 10.312 0.0000000000
33915 -14.150 -26.592 10.134 0.0000000000
33916 -14.399 -26.629 9.896 0.0000000000
33917 -14.699 -26.424 9.904 0.0000000000
33918 -14.651 -26.649 9.666 0.0000000000
33920 -14.294 -26.249 10.432 0.0000000000
33924 -14.767 -26.226 10.089 0.0000000000
33925 -15.020 -26.221 9.900 0.0000000000
33926 -14.539 -26.244 10.283 0.0000000000
33927 -14.889 -26.055 10.166 0.0000000000
33929 -15.378 -26.021 9.844 0.0000000000
33930 -15.286 -26.214 9.720 0.0000000000
33934 -15.629 -27.316 7.880 0.0000000000
33935 -15.911 -27.298 7.615 0.0000000000
33936 -15.073 -27.302 8.420 0.0000000000
33937 -15.349 -27.317 8.150 0.0000000000
33938 -15.687 -26.997 8.331 0.0000000000
33939 -15.730 -26.686 8.724 0.0000000000
33940 -16.010 -26.673 8.485 0.0000000000
33941 -14.528 -27.245 8.940 0.0000000000
33942 -14.795 -27.277 8.678 0.0000000000
33943 -14.269 -27.207 9.204 0.0000000000
33944 -14.588 -26.933 9.341 0.0000000000
33945 -14.914 -26.667 9.439 0.0000000000
33946 -15.457 -26.692 8.974 0.0000000000
33947 -15.762 -26.419 9.048 0.0000000000
33948 -15.131 -26.977 8.850 0.0000000000
33949 -15.188 -26.685 9.214 0.0000000000
33950 -15.231 -26.434 9.503 0.0000000000
33951 -15.803 -26.193 9.319 0.0000000000
33952 -16.070 -26.167 9.115 0.0000000000
33953 -15.540 -26.209 9.522 0.0000000000
33954 -15.862 -26.004 9.516 0.0000000000
33956 -16.256 -26.952 7.829 0.0000000000
33957 -16.194 -27.260 7.355 0.0000000000
33958 -16.322 -26.371 8.614 0.0000000000
33959 -16.301 -26.651 8.261 0.0000000000
33960 -16.577 -26.592 8.022 0.0000000000
33961 -16.877 -26.246 8.167 0.0000000000
33962 -16.857 -26.525 7.773 0.0000000000
33963 -16.380 -25.921 9.160 0.0000000000
33964 -16.345 -26.128 8.915 0.0000000000
33965 -16.463 -25.748 9.282 0.0000000000
33966 -16.721 -25.679 9.119 0.0000000000
33967 -16.987 -25.634 8.934 0.0000000000
33968 -16.910 -26.001 8.510 0.0000000000
33969 -17.195 -25.919 8.279 0.0000000000
33970 -16.626 -26.068 8.723 0.0000000000
33971 -16.952 -25.794 8.784 0.0000000000
33972 -17.257 -25.556 8.750 0.0000000000
33973 -17.484 -25.600 8.337 0.0000000000
33974 -17.468 -25.818 8.048 0.0000000000
33975 -17.508 -25.426 8.558 0.0000000000
33976 -17.750 -25.310 8.339 0.0000000000
33977 -18.003 -25.159 8.150 0.0000000000
33978 -17.198 -28.563 1.428 0.0000000000
33979 -17.406 -28.361 1.159 0.0000000000
33980 -16.763 -28.907 1.984 0.0000000000
33981 -16.985 -28.745 1.702 0.0000000000
33982 -17.222 -28.301 1.987 0.0000000000
33983 -17.246 -28.015 2.551 0.0000000000
33984 -17.473 -27.852 2.289 0.0000000000
33985 -16.286 -29.215 2.522 0.0000000000
33986 -16.530 -29.063 2.259 0.0000000000
33987 -15.750 -29.459 3.041 0.0000000000
33988 -16.025 -29.348 2.782 0.0000000000
33989 -16.265 -28.905 3.051 0.0000000000
33990 -16.257 -28.595 3.585 0.0000000000
33991 -16.528 -28.474 3.338 0.0000000000
33992 -17.021 -28.180 2.815 0.0000000000
33993 -17.305 -27.745 3.119 0.0000000000
33994 -16.770 -28.622 2.534 0.0000000000
33995 -16.777 -28.325 3.081 0.0000000000
33996 -16.802 -28.042 3.627 0.0000000000
33997 -17.383 -27.499 3.678 0.0000000000
33998 -17.624 -27.328 3.436 0.0000000000
33999 -16.899 -27.830 4.189 0.0000000000
34000 -17.133 -27.656 3.932 0.0000000000
34001 -17.541 -27.350 4.236 0.0000000000
34002 -17.682 -27.169 4.785 0.0000000000
34003 -17.942 -27.003 4.554 0.0000000000
34004 -15.192 -29.646 3.556 0.0000000000
34005 -15.475 -29.564 3.299 0.0000000000
34006 -14.631 -29.761 4.082 0.0000000000
34007 -14.910 -29.710 3.821 0.0000000000
34008 -15.157 -29.289 4.089 0.0000000000
34009 -15.163 -28.965 4.643 0.0000000000
34010 -15.432 -28.890 4.367 0.0000000000
34011 -14.087 -29.814 4.633 0.0000000000
34012 -14.357 -29.798 4.356 0.0000000000
34013 -13.814 -29.806 4.914 0.0000000000
34014 -14.088 -29.453 5.201 0.0000000000
34015 -14.384 -29.124 5.497 0.0000000000
34016 -14.890 -29.013 4.919 0.0000000000
34017 -15.229 -28.703 5.222 0.0000000000
34018 -14.599 -29.383 4.620 0.0000000000
34019 -14.627 -29.068 5.194 0.0000000000
34020 -14.717 -28.829 5.790 0.0000000000
34021 -15.321 -28.465 5.801 0.0000000000
34022 -15.585 -28.400 5.516 0.0000000000
34023 -15.060 -28.522 6.086 0.0000000000
34024 -15.411 -28.216 6.364 0.0000000000
34025 -15.763 -27.894 6.621 0.0000000000
34026 -17.416 -27.313 5.037 0.0000000000
34027 -17.794 -26.948 5.321 0.0000000000
34028 -16.640 -27.970 4.444 0.0000000000
34029 -17.031 -27.656 4.751 0.0000000000
34030 -17.143 -27.445 5.290 0.0000000000
34031 -16.871 -27.570 5.549 0.0000000000
34032 -17.239 -27.207 5.816 0.0000000000
34033 -15.982 -28.709 3.837 0.0000000000
34034 -16.290 -28.320 4.134 0.0000000000
34035 -15.712 -29.121 3.564 0.0000000000
34036 -15.706 -28.804 4.102 0.0000000000
34037 -15.757 -28.541 4.664 0.0000000000
34038 -16.497 -27.914 5.265 0.0000000000
34039 -16.594 -27.677 5.806 0.0000000000
34040 -16.376 -28.101 4.698 0.0000000000
34041 -16.118 -28.227 4.960 0.0000000000
34042 -15.850 -28.318 5.236 0.0000000000
34043 -16.315 -27.765 6.067 0.0000000000
34044 -16.682 -27.419 6.333 0.0000000000
34045 -15.953 -28.095 5.802 0.0000000000
34046 -16.041 -27.837 6.343 0.0000000000
34047 -16.125 -27.560 6.862 0.0000000000
34048 -17.875 -26.685 5.839 0.0000000000
34049 -18.153 -26.538 5.614 0.0000000000
34050 -17.318 -26.940 6.329 0.0000000000
34051 -17.595 -26.815 6.080 0.0000000000
34052 -17.943 -26.401 6.342 0.0000000000
34053 -17.981 -26.100 6.804 0.0000000000
34054 -18.259 -25.955 6.583 0.0000000000
34055 -16.758 -27.135 6.842 0.0000000000
34056 -17.037 -27.043 6.585 0.0000000000
34057 -16.479 -27.209 7.099 0.0000000000
34058 -16.819 -26.831 7.328 0.0000000000
34059 -17.144 -26.446 7.528 0.0000000000
34060 -17.703 -26.233 7.038 0.0000000000
34061 -18.005 -25.826 7.228 0.0000000000
34062 -17.379 -26.643 6.822 0.0000000000
34063 -17.424 -26.345 7.284 0.0000000000
34064 -17.455 -26.071 7.696 0.0000000000
34065 -18.014 -25.571 7.615 0.0000000000
34066 -18.281 -25.426 7.409 0.0000000000
34067 -17.744 -25.698 7.828 0.0000000000
34068 -18.006 -25.345 7.934 0.0000000000
34069 -18.248 -25.040 7.985 0.0000000000
34070 -17.638 -27.907 1.460 0.0000000000
34071 -17.607 -28.136 0.898 0.0000000000
34072 -17.749 -27.405 2.608 0.0000000000
34073 -17.678 -27.656 2.033 0.0000000000
34074 -17.861 -27.428 1.785 0.0000000000
34075 -18.137 -26.978 2.114 0.0000000000
34076 -18.058 -27.201 1.537 0.0000000000
34077 -18.023 -27.002 3.755 0.0000000000
34078 -17.854 -27.167 3.183 0.0000000000
34079 -18.333 -26.636 4.863 0.0000000000
34080 -18.196 -26.842 4.317 0.0000000000
34081 -18.440 -26.669 4.081 0.0000000000
34082 -18.829 -26.293 4.381 0.0000000000
34083 -18.658 -26.478 3.827 0.0000000000
34084 -18.277 -26.784 2.696 0.0000000000
34085 -18.483 -26.565 2.461 0.0000000000
34086 -18.073 -26.982 2.947 0.0000000000
34087 -18.462 -26.627 3.267 0.0000000000
34088 -18.887 -26.281 3.594 0.0000000000
34089 -18.877 -26.191 2.800 0.0000000000
34090 -18.684 -26.331 2.228 0.0000000000
34091 -19.292 -25.902 3.898 0.0000000000
34092 -19.109 -26.077 3.351 0.0000000000
34093 -19.328 -25.854 3.123 0.0000000000
34094 -19.761 -25.494 3.411 0.0000000000
34095 -19.549 -25.639 2.871 0.0000000000
34096 -18.492 -26.095 5.892 0.0000000000
34097 -18.424 -26.379 5.384 0.0000000000
34098 -18.544 -25.507 6.813 0.0000000000
34099 -18.529 -25.793 6.369 0.0000000000
34100 -18.792 -25.633 6.142 0.0000000000
34101 -19.055 -25.176 6.359 0.0000000000
34102 -19.048 -25.467 5.906 0.0000000000
34103 -18.520 -25.051 7.548 0.0000000000
34104 -18.541 -25.252 7.212 0.0000000000
34105 -18.496 -24.911 7.796 0.0000000000
34106 -18.755 -24.712 7.590 0.0000000000
34107 -19.017 -24.565 7.369 0.0000000000
34108 -19.051 -24.917 6.776 0.0000000000
34109 -19.303 -24.745 6.544 0.0000000000
34110 -18.790 -25.080 6.996 0.0000000000
34111 -19.019 -24.705 7.115 0.0000000000
34112 -19.286 -24.401 7.161 0.0000000000
34113 -19.531 -24.378 6.651 0.0000000000
34114 -19.556 -24.558 6.312 0.0000000000
34115 -19.533 -24.228 6.931 0.0000000000
34116 -19.777 -24.048 6.689 0.0000000000
34117 -20.031 -23.877 6.448 0.0000000000
34118 -19.906 -25.279 3.931 0.0000000000
34119 -20.142 -25.094 3.656 0.0000000000
34120 -19.429 -25.679 4.424 0.0000000000
34121 -19.664 -25.482 4.173 0.0000000000
34122 -20.000 -25.023 4.432 0.0000000000
34123 -20.057 -24.753 4.912 0.0000000000
34124 -20.320 -24.566 4.655 0.0000000000
34125 -18.948 -26.053 4.912 0.0000000000
34126 -19.191 -25.873 4.670 0.0000000000
34127 -18.697 -26.228 5.154 0.0000000000
34128 -19.019 -25.771 5.424 0.0000000000
34129 -19.301 -25.290 5.668 0.0000000000
34130 -19.799 -24.938 5.165 0.0000000000
34131 -20.075 -24.490 5.365 0.0000000000
34132 -19.512 -25.411 4.932 0.0000000000
34133 -19.553 -25.119 5.423 0.0000000000
34134 -19.565 -24.825 5.888 0.0000000000
34135 -20.073 -24.246 5.785 0.0000000000
34136 -20.325 -24.072 5.517 0.0000000000
34137 -19.808 -24.398 6.046 0.0000000000
34138 -20.046 -24.044 6.147 0.0000000000
34139 -20.274 -23.720 6.199 0.0000000000
34140 -20.492 -24.675 3.886 0.0000000000
34141 -20.370 -24.910 3.369 0.0000000000
34142 -20.586 -24.119 4.848 0.0000000000
34143 -20.556 -24.395 4.382 0.0000000000
34144 -20.777 -24.224 4.078 0.0000000000
34145 -21.054 -23.801 4.244 0.0000000000
34146 -21.022 -24.062 3.778 0.0000000000
34147 -20.575 -23.716 5.634 0.0000000000
34148 -20.596 -23.894 5.265 0.0000000000
34149 -20.525 -23.566 5.954 0.0000000000
34150 -20.805 -23.403 5.692 0.0000000000
34152 -21.080 -23.567 4.685 0.0000000000
34154 -20.847 -23.727 4.984 0.0000000000
34155 -21.103 -23.368 5.090 0.0000000000
34169 -18.840 -28.788 -9.095 0.0000000000
34171 -18.502 -29.189 -9.172 0.0000000000
34172 -18.682 -28.968 -9.152 0.0000000000
34173 -19.190 -28.702 -8.905 0.0000000000
34174 -19.469 -28.637 -8.666 0.0000000000
34175 -19.700 -28.405 -8.641 0.0000000000
34179 -19.825 -28.168 -8.677 0.0000000000
34180 -20.084 -28.100 -8.432 0.0000000000
34181 -20.558 -27.496 -8.215 0.0000000000
34183 -20.272 -28.005 -8.190 0.0000000000
34184 -20.440 -27.743 -8.227 0.0000000000
34185 -20.791 -27.374 -7.968 0.0000000000
34186 -20.937 -27.302 -7.682 0.0000000000
34187 -21.120 -27.006 -7.701 0.0000000000
34188 -18.008 -29.668 -9.173 0.0000000000
34189 -18.296 -29.419 -9.164 0.0000000000
34190 -17.488 -30.178 -9.042 0.0000000000
34191 -17.741 -29.918 -9.124 0.0000000000
34192 -18.243 -29.673 -8.896 0.0000000000
34193 -18.461 -29.678 -8.561 0.0000000000
34194 -18.716 -29.401 -8.630 0.0000000000
34195 -17.004 -30.700 -8.781 0.0000000000
34196 -17.234 -30.448 -8.950 0.0000000000
34197 -16.546 -31.212 -8.401 0.0000000000
34198 -16.771 -30.954 -8.592 0.0000000000
34199 -17.247 -30.699 -8.378 0.0000000000
34200 -17.472 -30.692 -7.937 0.0000000000
34201 -17.713 -30.447 -8.148 0.0000000000
34202 -18.206 -29.937 -8.477 0.0000000000
34203 -18.662 -29.678 -8.171 0.0000000000
34204 -17.733 -30.188 -8.698 0.0000000000
34205 -17.962 -30.195 -8.315 0.0000000000
34206 -18.169 -30.193 -7.875 0.0000000000
34207 -18.843 -29.667 -7.734 0.0000000000
34208 -19.089 -29.394 -7.877 0.0000000000
34209 -18.333 -30.160 -7.389 0.0000000000
34210 -18.587 -29.920 -7.582 0.0000000000
34211 -18.984 -29.629 -7.238 0.0000000000
34212 -19.074 -29.552 -6.715 0.0000000000
34213 -19.333 -29.301 -6.890 0.0000000000
34214 -20.739 -27.596 -7.646 0.0000000000
34215 -21.051 -27.252 -7.388 0.0000000000
34216 -20.036 -28.258 -8.159 0.0000000000
34217 -20.409 -27.939 -7.921 0.0000000000
34218 -20.530 -27.898 -7.613 0.0000000000
34219 -20.293 -28.186 -7.487 0.0000000000
34220 -20.617 -27.849 -7.214 0.0000000000
34221 -19.213 -28.894 -8.683 0.0000000000
34222 -19.639 -28.580 -8.403 0.0000000000
34223 -18.745 -29.155 -8.939 0.0000000000
34224 -18.962 -29.142 -8.665 0.0000000000
34225 -19.154 -29.126 -8.353 0.0000000000
34226 -19.924 -28.497 -7.760 0.0000000000
34227 -20.055 -28.473 -7.351 0.0000000000
34228 -19.783 -28.530 -8.110 0.0000000000
34229 -19.561 -28.827 -8.049 0.0000000000
34230 -19.327 -29.116 -7.981 0.0000000000
34231 -19.818 -28.754 -7.197 0.0000000000
34232 -20.163 -28.429 -6.872 0.0000000000
34233 -19.474 -29.094 -7.549 0.0000000000
34234 -19.582 -29.039 -7.048 0.0000000000
34235 -19.674 -28.974 -6.523 0.0000000000
34236 -21.149 -27.198 -7.016 0.0000000000
34237 -21.367 -26.893 -7.110 0.0000000000
34238 -20.706 -27.795 -6.758 0.0000000000
34239 -20.930 -27.500 -6.887 0.0000000000
34240 -21.230 -27.131 -6.604 0.0000000000
34241 -21.294 -27.050 -6.136 0.0000000000
34242 -21.511 -26.749 -6.327 0.0000000000
34243 -20.243 -28.361 -6.361 0.0000000000
34244 -20.486 -28.087 -6.562 0.0000000000
34245 -19.721 -28.871 -5.986 0.0000000000
34246 -19.995 -28.628 -6.162 0.0000000000
34247 -20.283 -28.253 -5.819 0.0000000000
34248 -20.295 -28.105 -5.276 0.0000000000
34249 -20.550 -27.858 -5.497 0.0000000000
34250 -21.051 -27.330 -5.932 0.0000000000
34251 -21.325 -26.938 -5.620 0.0000000000
34252 -20.776 -27.720 -6.257 0.0000000000
34253 -20.798 -27.597 -5.718 0.0000000000
34254 -20.811 -27.452 -5.174 0.0000000000
34255 -21.327 -26.791 -5.090 0.0000000000
34256 -21.564 -26.521 -5.328 0.0000000000
34257 -20.795 -27.264 -4.640 0.0000000000
34258 -21.061 -27.033 -4.868 0.0000000000
34259 -21.321 -26.617 -4.558 0.0000000000
34260 -21.303 -26.409 -4.046 0.0000000000
34261 -21.562 -26.183 -4.279 0.0000000000
34262 -16.088 -31.664 -7.948 0.0000000000
34263 -16.325 -31.459 -8.191 0.0000000000
34264 -15.611 -31.981 -7.415 0.0000000000
34265 -15.850 -31.842 -7.695 0.0000000000
34266 -16.288 -31.584 -7.481 0.0000000000
34267 -16.459 -31.475 -6.997 0.0000000000
34268 -16.730 -31.337 -7.249 0.0000000000
34269 -15.074 -32.090 -6.805 0.0000000000
34270 -15.357 -32.071 -7.112 0.0000000000
34271 -14.405 -31.963 -6.134 0.0000000000
34272 -14.753 -32.034 -6.486 0.0000000000
34273 -15.166 -31.829 -6.310 0.0000000000
34274 -15.198 -31.528 -5.792 0.0000000000
34275 -15.568 -31.609 -6.116 0.0000000000
34276 -16.192 -31.590 -6.721 0.0000000000
34277 -16.595 -31.328 -6.495 0.0000000000
34278 -15.783 -31.840 -6.927 0.0000000000
34279 -15.901 -31.638 -6.421 0.0000000000
34280 -15.951 -31.354 -5.913 0.0000000000
34281 -16.665 -31.102 -5.976 0.0000000000
34282 -16.987 -31.060 -6.236 0.0000000000
34283 -15.935 -31.025 -5.386 0.0000000000
34284 -16.314 -31.082 -5.692 0.0000000000
34285 -16.656 -30.793 -5.444 0.0000000000
34286 -16.580 -30.432 -4.896 0.0000000000
34287 -16.978 -30.480 -5.172 0.0000000000
34288 -13.742 -32.073 -5.266 0.0000000000
34289 -14.051 -31.933 -5.721 0.0000000000
34290 -13.214 -32.699 -4.429 0.0000000000
34291 -13.480 -32.369 -4.827 0.0000000000
34292 -13.884 -32.115 -4.709 0.0000000000
34293 -14.002 -32.127 -4.156 0.0000000000
34294 -14.254 -31.839 -4.564 0.0000000000
34295 -12.727 -33.347 -3.773 0.0000000000
34296 -12.961 -33.029 -4.087 0.0000000000
34297 -12.490 -33.631 -3.469 0.0000000000
34298 -12.912 -33.336 -3.327 0.0000000000
34299 -13.322 -33.034 -3.162 0.0000000000
34300 -13.757 -32.429 -3.788 0.0000000000
34301 -14.140 -32.132 -3.609 0.0000000000
34302 -13.362 -32.727 -3.945 0.0000000000
34303 -13.539 -32.746 -3.464 0.0000000000
34304 -13.717 -32.723 -2.977 0.0000000000
34305 -14.295 -32.120 -3.070 0.0000000000
34306 -14.509 -31.829 -3.407 0.0000000000
34307 -14.099 -32.411 -2.768 0.0000000000
34308 -14.461 -32.075 -2.535 0.0000000000
34309 -14.804 -31.722 -2.279 0.0000000000
34310 -16.178 -30.382 -4.563 0.0000000000
34311 -16.481 -30.063 -4.302 0.0000000000
34312 -15.553 -30.980 -5.039 0.0000000000
34313 -15.881 -30.704 -4.808 0.0000000000
34314 -15.851 -30.458 -4.168 0.0000000000
34315 -15.595 -30.661 -3.748 0.0000000000
34316 -15.907 -30.340 -3.482 0.0000000000
34317 -14.817 -31.456 -5.432 0.0000000000
34318 -15.191 -31.222 -5.248 0.0000000000
34319 -14.444 -31.707 -5.586 0.0000000000
34320 -14.510 -31.580 -5.000 0.0000000000
34321 -14.612 -31.560 -4.396 0.0000000000
34322 -15.271 -30.964 -3.989 0.0000000000
34323 -15.377 -30.908 -3.333 0.0000000000
34324 -15.214 -31.049 -4.638 0.0000000000
34325 -14.947 -31.268 -4.205 0.0000000000
34326 -14.721 -31.539 -3.788 0.0000000000
34327 -15.198 -31.194 -2.946 0.0000000000
34328 -15.517 -30.849 -2.679 0.0000000000
34329 -14.868 -31.523 -3.187 0.0000000000
34330 -15.005 -31.468 -2.596 0.0000000000
34331 -15.140 -31.366 -2.006 0.0000000000
34332 -16.448 -29.806 -3.618 0.0000000000
34333 -16.763 -29.714 -4.026 0.0000000000
34334 -16.013 -30.245 -2.779 0.0000000000
34335 -16.216 -30.008 -3.192 0.0000000000
34336 -16.491 -29.639 -2.885 0.0000000000
34337 -16.565 -29.494 -2.162 0.0000000000
34338 -16.764 -29.265 -2.574 0.0000000000
34339 -15.661 -30.766 -2.041 0.0000000000
34340 -15.829 -30.500 -2.391 0.0000000000
34341 -15.492 -31.028 -1.726 0.0000000000
34342 -15.826 -30.670 -1.428 0.0000000000
34343 -16.141 -30.303 -1.131 0.0000000000
34344 -16.424 -29.769 -1.788 0.0000000000
34345 -16.745 -29.413 -1.486 0.0000000000
34346 -16.127 -30.139 -2.091 0.0000000000
34347 -16.289 -30.042 -1.446 0.0000000000
34348 -16.452 -29.934 -0.837 0.0000000000
34349 -16.896 -29.296 -0.851 0.0000000000
34350 -17.045 -29.036 -1.177 0.0000000000
34351 -16.750 -29.559 -0.548 0.0000000000
34352 -17.035 -29.170 -0.256 0.0000000000
34353 -17.317 -28.772 0.036 0.0000000000
34354 -21.030 -26.613 -3.833 0.0000000000
34355 -21.273 -26.167 -3.549 0.0000000000
34356 -20.531 -27.484 -4.429 0.0000000000
34357 -20.783 -27.051 -4.120 0.0000000000
34358 -20.744 -26.787 -3.623 0.0000000000
34359 -20.451 -26.937 -3.424 0.0000000000
34360 -20.677 -26.466 -3.143 0.0000000000
34361 -20.015 -28.325 -5.082 0.0000000000
34362 -20.279 -27.913 -4.745 0.0000000000
34363 -19.446 -29.097 -5.805 0.0000000000
34364 -19.738 -28.720 -5.443 0.0000000000
34365 -19.724 -28.518 -4.910 0.0000000000
34366 -19.441 -28.698 -4.727 0.0000000000
34367 -19.712 -28.286 -4.372 0.0000000000
34368 -20.217 -27.401 -3.729 0.0000000000
34369 -20.132 -27.048 -3.244 0.0000000000
34370 -20.262 -27.682 -4.227 0.0000000000
34371 -19.980 -27.866 -4.038 0.0000000000
34372 -19.669 -27.990 -3.859 0.0000000000
34373 -19.784 -27.121 -3.083 0.0000000000
34374 -20.000 -26.628 -2.786 0.0000000000
34375 -19.328 -28.073 -3.687 0.0000000000
34376 -19.560 -27.597 -3.387 0.0000000000
34377 -19.406 -27.161 -2.922 0.0000000000
34378 -19.004 -27.178 -2.749 0.0000000000
34379 -19.205 -26.659 -2.449 0.0000000000
34380 -18.811 -29.786 -6.534 0.0000000000
34381 -19.134 -29.447 -6.172 0.0000000000
34382 -18.078 -30.386 -7.178 0.0000000000
34383 -18.459 -30.095 -6.872 0.0000000000
34384 -18.545 -30.001 -6.341 0.0000000000
34385 -18.262 -30.174 -6.122 0.0000000000
34386 -18.592 -29.854 -5.796 0.0000000000
34387 -17.225 -30.920 -7.705 0.0000000000
34388 -17.660 -30.658 -7.461 0.0000000000
34389 -16.779 -31.192 -7.950 0.0000000000
34390 -16.980 -31.144 -7.478 0.0000000000
34391 -17.151 -31.069 -6.989 0.0000000000
34392 -17.923 -30.491 -6.440 0.0000000000
34393 -17.984 -30.330 -5.902 0.0000000000
34394 -17.821 -30.601 -6.964 0.0000000000
34395 -17.562 -30.800 -6.730 0.0000000000
34396 -17.278 -30.947 -6.484 0.0000000000
34397 -17.685 -30.448 -5.674 0.0000000000
34398 -17.993 -30.103 -5.356 0.0000000000
34399 -17.348 -30.759 -5.962 0.0000000000
34400 -17.344 -30.477 -5.431 0.0000000000
34401 -17.280 -30.135 -4.892 0.0000000000
34402 -18.790 -27.670 -3.047 0.0000000000
34403 -18.608 -27.195 -2.513 0.0000000000
34404 -19.075 -28.512 -4.016 0.0000000000
34405 -18.966 -28.133 -3.521 0.0000000000
34406 -18.571 -28.143 -3.340 0.0000000000
34407 -18.331 -28.572 -3.648 0.0000000000
34408 -18.162 -28.126 -3.093 0.0000000000
34409 -19.178 -29.111 -5.076 0.0000000000
34410 -19.139 -28.838 -4.545 0.0000000000
34411 -19.170 -29.306 -5.620 0.0000000000
34412 -18.892 -29.499 -5.435 0.0000000000
34413 -18.605 -29.652 -5.243 0.0000000000
34414 -18.470 -28.987 -4.176 0.0000000000
34415 -18.083 -28.985 -3.976 0.0000000000
34416 -18.823 -28.945 -4.368 0.0000000000
34417 -18.567 -29.362 -4.699 0.0000000000
34418 -18.291 -29.749 -5.026 0.0000000000
34419 -17.826 -29.388 -4.288 0.0000000000
34420 -17.677 -28.964 -3.726 0.0000000000
34421 -17.943 -29.789 -4.817 0.0000000000
34422 -17.558 -29.767 -4.599 0.0000000000
34423 -17.151 -29.720 -4.350 0.0000000000
34424 -18.281 -27.258 -2.140 0.0000000000
34425 -18.497 -26.771 -1.809 0.0000000000
34426 -17.797 -28.154 -2.766 0.0000000000
34427 -18.036 -27.708 -2.447 0.0000000000
34428 -18.068 -27.444 -1.695 0.0000000000
34429 -17.898 -27.695 -1.273 0.0000000000
34430 -18.139 -27.234 -0.938 0.0000000000
34431 -17.289 -28.964 -3.412 0.0000000000
34432 -17.537 -28.558 -3.100 0.0000000000
34433 -17.027 -29.342 -3.730 0.0000000000
34434 -16.988 -29.067 -3.008 0.0000000000
34435 -17.058 -28.896 -2.256 0.0000000000
34436 -17.629 -28.121 -1.599 0.0000000000
34437 -17.726 -27.940 -0.896 0.0000000000
34438 -17.533 -28.292 -2.354 0.0000000000
34439 -17.351 -28.520 -1.927 0.0000000000
34440 -17.194 -28.773 -1.536 0.0000000000
34441 -17.593 -28.219 -0.559 0.0000000000
34442 -17.851 -27.780 -0.235 0.0000000000
34443 -17.324 -28.638 -0.868 0.0000000000
34444 -17.469 -28.507 -0.253 0.0000000000
34445 -17.564 -28.345 0.329 0.0000000000
34446 -21.218 -25.874 -3.071 0.0000000000
34447 -21.521 -25.722 -3.286 0.0000000000
34448 -20.569 -26.071 -2.671 0.0000000000
34449 -20.902 -25.990 -2.871 0.0000000000
34450 -21.127 -25.504 -2.616 0.0000000000
34451 -21.007 -25.060 -2.158 0.0000000000
34452 -21.357 -25.017 -2.364 0.0000000000
34453 -19.819 -26.121 -2.323 0.0000000000
34454 -20.209 -26.117 -2.488 0.0000000000
34455 -19.025 -26.156 -1.840 0.0000000000
34456 -19.407 -26.128 -2.143 0.0000000000
34457 -19.603 -25.561 -1.794 0.0000000000
34458 -19.454 -25.022 -1.091 0.0000000000
34459 -19.804 -24.972 -1.473 0.0000000000
34460 -20.626 -25.056 -1.947 0.0000000000
34461 -20.868 -24.543 -1.670 0.0000000000
34462 -20.415 -25.589 -2.213 0.0000000000
34463 -20.218 -25.022 -1.733 0.0000000000
34464 -20.062 -24.445 -1.115 0.0000000000
34465 -20.769 -24.003 -1.101 0.0000000000
34466 -21.138 -24.053 -1.362 0.0000000000
34467 -20.137 -24.063 -0.327 0.0000000000
34468 -20.418 -23.993 -0.754 0.0000000000
34469 -20.868 -23.662 -0.407 0.0000000000
34470 -21.173 -23.656 0.302 0.0000000000
34471 -21.379 -23.419 -0.042 0.0000000000
34472 -18.509 -26.469 -0.992 0.0000000000
34473 -18.716 -26.260 -1.436 0.0000000000
34474 -18.213 -27.036 -0.222 0.0000000000
34475 -18.362 -26.748 -0.580 0.0000000000
34476 -18.572 -26.228 -0.208 0.0000000000
34477 -18.667 -26.035 0.487 0.0000000000
34478 -18.804 -25.708 0.168 0.0000000000
34479 -17.941 -27.604 0.380 0.0000000000
34480 -18.084 -27.317 0.094 0.0000000000
34481 -17.789 -27.884 0.641 0.0000000000
34482 -17.995 -27.408 0.956 0.0000000000
34483 -18.234 -26.938 1.290 0.0000000000
34484 -18.536 -26.356 0.771 0.0000000000
34485 -18.837 -25.900 1.130 0.0000000000
34486 -18.302 -26.837 0.429 0.0000000000
34487 -18.400 -26.660 1.043 0.0000000000
34488 -18.526 -26.490 1.639 0.0000000000
34489 -19.041 -25.799 1.741 0.0000000000
34490 -19.208 -25.502 1.485 0.0000000000
34491 -18.868 -26.074 1.986 0.0000000000
34492 -19.299 -25.728 2.329 0.0000000000
34493 -19.757 -25.421 2.593 0.0000000000
34494 -20.961 -23.900 0.663 0.0000000000
34495 -21.473 -23.696 0.936 0.0000000000
34496 -19.897 -24.296 0.053 0.0000000000
34497 -20.399 -24.052 0.374 0.0000000000
34498 -20.743 -24.149 1.010 0.0000000000
34499 -20.547 -24.415 1.359 0.0000000000
34500 -21.031 -24.175 1.591 0.0000000000
34501 -19.175 -25.165 -0.656 0.0000000000
34502 -19.491 -24.676 -0.292 0.0000000000
34503 -18.934 -25.720 -1.047 0.0000000000
34504 -18.957 -25.404 -0.221 0.0000000000
34505 -19.167 -25.282 0.535 0.0000000000
34506 -20.053 -24.648 1.113 0.0000000000
34507 -20.355 -24.680 1.695 0.0000000000
34508 -19.739 -24.597 0.471 0.0000000000
34509 -19.569 -24.912 0.833 0.0000000000
34510 -19.400 -25.214 1.183 0.0000000000
34511 -20.162 -24.944 2.003 0.0000000000
34512 -20.628 -24.662 2.237 0.0000000000
34513 -19.685 -25.209 1.774 0.0000000000
34514 -19.969 -25.186 2.314 0.0000000000
34515 -20.196 -25.082 2.845 0.0000000000
34516 -21.711 -23.659 1.517 0.0000000000
34517 -21.952 -23.442 1.222 0.0000000000
34518 -21.277 -24.125 2.141 0.0000000000
34519 -21.488 -23.889 1.822 0.0000000000
34520 -21.895 -23.544 2.059 0.0000000000
34521 -22.009 -23.382 2.558 0.0000000000
34522 -22.260 -23.162 2.291 0.0000000000
34523 -20.844 -24.546 2.773 0.0000000000
34524 -21.075 -24.356 2.463 0.0000000000
34525 -20.605 -24.719 3.080 0.0000000000
34526 -20.975 -24.333 3.292 0.0000000000
34527 -21.274 -23.912 3.468 0.0000000000
34528 -21.775 -23.583 2.856 0.0000000000
34529 -22.082 -23.182 3.036 0.0000000000
34530 -21.443 -23.974 2.667 0.0000000000
34531 -21.533 -23.758 3.164 0.0000000000
34532 -21.561 -23.507 3.632 0.0000000000
34534 -22.341 -22.802 3.171 0.0000000000
34547 -21.437 -26.659 -7.474 0.0000000000
34548 -21.280 -26.729 -7.735 0.0000000000
34564 -21.663 -26.513 -6.861 0.0000000000
34565 -21.577 -26.593 -7.200 0.0000000000
34566 -21.779 -26.356 -6.038 0.0000000000
34567 -21.733 -26.438 -6.480 0.0000000000
34568 -21.956 -26.140 -6.591 0.0000000000
34569 -22.230 -25.756 -6.337 0.0000000000
34570 -22.149 -25.828 -6.675 0.0000000000
34571 -21.814 -26.112 -5.040 0.0000000000
34572 -21.799 -26.243 -5.554 0.0000000000
34573 -21.819 -25.764 -4.014 0.0000000000
34574 -21.825 -25.957 -4.520 0.0000000000
34575 -22.073 -25.703 -4.765 0.0000000000
34576 -22.336 -25.290 -4.510 0.0000000000
34577 -22.334 -25.447 -5.005 0.0000000000
34578 -22.272 -25.668 -5.932 0.0000000000
34579 -22.498 -25.373 -6.075 0.0000000000
34580 -22.035 -25.956 -5.760 0.0000000000
34581 -22.308 -25.569 -5.481 0.0000000000
34582 -22.573 -25.163 -5.237 0.0000000000
34583 -22.765 -24.976 -5.846 0.0000000000
34584 -22.702 -25.066 -6.195 0.0000000000
34585 -22.832 -24.752 -5.012 0.0000000000
34586 -22.801 -24.867 -5.457 0.0000000000
34587 -23.009 -24.561 -5.663 0.0000000000
34588 -23.261 -24.160 -5.484 0.0000000000
34589 -23.214 -24.263 -5.841 0.0000000000
34595 -22.700 -24.736 -6.759 0.0000000000
34597 -21.899 -26.029 -7.235 0.0000000000
34599 -21.769 -26.308 -7.215 0.0000000000
34600 -22.051 -25.909 -6.973 0.0000000000
34601 -22.313 -25.515 -6.717 0.0000000000
34602 -22.579 -24.988 -6.761 0.0000000000
34603 -22.909 -24.586 -6.609 0.0000000000
34604 -22.261 -25.378 -6.976 0.0000000000
34605 -22.473 -25.225 -6.735 0.0000000000
34606 -22.594 -25.145 -6.472 0.0000000000
34607 -23.051 -24.480 -6.383 0.0000000000
34608 -23.219 -24.222 -6.441 0.0000000000
34609 -22.871 -24.760 -6.290 0.0000000000
34610 -23.146 -24.365 -6.149 0.0000000000
34611 -23.414 -23.966 -5.968 0.0000000000
34619 -23.470 -23.810 -6.285 0.0000000000
34621 -23.638 -23.552 -5.792 0.0000000000
34622 -23.585 -23.669 -6.055 0.0000000000
34623 -23.696 -23.381 -6.108 0.0000000000
34624 -23.962 -22.968 -5.869 0.0000000000
34625 -23.793 -23.095 -6.072 0.0000000000
34638 -21.757 -25.263 -3.046 0.0000000000
34639 -21.797 -25.536 -3.519 0.0000000000
34640 -21.602 -24.537 -2.086 0.0000000000
34641 -21.688 -24.931 -2.569 0.0000000000
34642 -22.001 -24.812 -2.785 0.0000000000
34643 -22.245 -24.358 -2.533 0.0000000000
34644 -22.290 -24.660 -3.019 0.0000000000
34645 -21.442 -23.562 -1.050 0.0000000000
34646 -21.510 -24.087 -1.583 0.0000000000
34647 -21.921 -23.239 0.312 0.0000000000
34648 -21.583 -23.238 -0.389 0.0000000000
34649 -21.848 -23.170 -0.691 0.0000000000
34650 -22.317 -22.882 -0.325 0.0000000000
34651 -22.109 -23.124 -0.987 0.0000000000
34652 -22.173 -23.991 -2.052 0.0000000000
34653 -22.474 -23.891 -2.302 0.0000000000
34654 -21.850 -24.056 -1.822 0.0000000000
34655 -22.096 -23.557 -1.555 0.0000000000
34656 -22.366 -23.073 -1.270 0.0000000000
34657 -22.684 -23.406 -2.069 0.0000000000
34658 -22.758 -23.764 -2.545 0.0000000000
34659 -22.692 -22.626 -0.937 0.0000000000
34660 -22.630 -23.010 -1.542 0.0000000000
34661 -22.900 -22.921 -1.797 0.0000000000
34662 -23.162 -22.459 -1.513 0.0000000000
34663 -23.158 -22.805 -2.068 0.0000000000
34664 -22.395 -23.130 1.511 0.0000000000
34665 -22.191 -23.246 0.926 0.0000000000
34666 -22.577 -22.765 2.496 0.0000000000
34667 -22.499 -22.947 2.025 0.0000000000
34668 -22.741 -22.744 1.765 0.0000000000
34669 -23.062 -22.369 1.991 0.0000000000
34670 -22.973 -22.551 1.494 0.0000000000
34671 -22.591 -22.439 3.281 0.0000000000
34672 -22.607 -22.591 2.912 0.0000000000
34676 -23.107 -22.184 2.428 0.0000000000
34677 -23.337 -22.027 2.172 0.0000000000
34678 -22.864 -22.385 2.671 0.0000000000
34682 -23.556 -21.867 1.887 0.0000000000
34686 -23.308 -22.189 -0.896 0.0000000000
34687 -23.482 -22.066 -1.217 0.0000000000
34688 -22.971 -22.472 -0.273 0.0000000000
34689 -23.135 -22.321 -0.581 0.0000000000
34690 -23.576 -22.053 -0.262 0.0000000000
34691 -23.801 -21.923 0.332 0.0000000000
34692 -23.981 -21.790 0.009 0.0000000000
34693 -22.617 -22.811 0.345 0.0000000000
34694 -22.802 -22.638 0.037 0.0000000000
34695 -22.418 -23.026 0.641 0.0000000000
34696 -22.833 -22.707 0.948 0.0000000000
34697 -23.210 -22.368 1.236 0.0000000000
34698 -23.617 -22.061 0.656 0.0000000000
34699 -23.920 -21.742 0.866 0.0000000000
34700 -23.259 -22.380 0.378 0.0000000000
34701 -23.437 -22.213 0.964 0.0000000000
34702 -23.537 -22.018 1.481 0.0000000000
34703 -24.005 -21.554 1.315 0.0000000000
34704 -24.206 -21.440 1.002 0.0000000000
34705 -23.801 -21.686 1.621 0.0000000000
34708 -23.859 -21.740 -0.919 0.0000000000
34709 -23.660 -21.924 -1.526 0.0000000000
34710 -24.319 -21.501 0.211 0.0000000000
34711 -24.147 -21.667 -0.337 0.0000000000
34712 -24.268 -21.512 -0.697 0.0000000000
34713 -24.599 -21.244 -0.558 0.0000000000
34714 -24.371 -21.334 -1.076 0.0000000000
34716 -24.416 -21.322 0.678 0.0000000000
34719 -24.967 -20.794 0.488 0.0000000000
34720 -24.766 -21.114 -0.107 0.0000000000
34721 -24.917 -20.995 -0.522 0.0000000000
34722 -24.591 -21.222 0.291 0.0000000000
34723 -24.874 -20.959 0.247 0.0000000000
34724 -25.182 -20.658 0.083 0.0000000000
34725 -25.228 -20.707 -0.601 0.0000000000
34726 -25.071 -20.831 -0.934 0.0000000000
34727 -25.357 -20.560 -0.381 0.0000000000
34728 -25.546 -20.325 -0.820 0.0000000000
34729 -25.673 -20.107 -1.284 0.0000000000
34732 -24.386 -22.255 -5.632 0.0000000000
34733 -24.453 -21.944 -5.600 0.0000000000
34735 -24.838 -21.354 -5.252 0.0000000000
34737 -24.089 -22.883 -5.602 0.0000000000
34738 -24.259 -22.578 -5.626 0.0000000000
34739 -23.718 -23.473 -5.457 0.0000000000
34740 -23.911 -23.176 -5.552 0.0000000000
34741 -24.162 -22.792 -5.312 0.0000000000
34742 -24.184 -22.697 -4.969 0.0000000000
34743 -24.380 -22.385 -5.089 0.0000000000
34744 -24.722 -21.690 -5.212 0.0000000000
34745 -24.910 -21.258 -5.013 0.0000000000
34746 -24.503 -22.146 -5.421 0.0000000000
34747 -24.556 -22.052 -5.175 0.0000000000
34748 -24.576 -21.952 -4.893 0.0000000000
34749 -24.943 -21.176 -4.756 0.0000000000
34750 -25.111 -20.833 -4.842 0.0000000000
34751 -24.586 -21.851 -4.562 0.0000000000
34752 -24.768 -21.516 -4.677 0.0000000000
34753 -24.966 -21.086 -4.489 0.0000000000
34754 -24.975 -20.982 -4.177 0.0000000000
34755 -25.168 -20.665 -4.321 0.0000000000
34756 -23.298 -24.057 -5.060 0.0000000000
34757 -23.513 -23.772 -5.285 0.0000000000
34758 -22.833 -24.610 -4.544 0.0000000000
34759 -23.072 -24.336 -4.811 0.0000000000
34760 -23.315 -23.941 -4.604 0.0000000000
34761 -23.318 -23.812 -4.113 0.0000000000
34762 -23.550 -23.558 -4.386 0.0000000000
34763 -22.328 -25.110 -4.017 0.0000000000
34764 -22.586 -24.866 -4.278 0.0000000000
34765 -22.070 -25.332 -3.765 0.0000000000
34766 -22.317 -24.908 -3.520 0.0000000000
34767 -22.562 -24.481 -3.277 0.0000000000
34768 -23.073 -24.053 -3.830 0.0000000000
34769 -23.300 -23.630 -3.606 0.0000000000
34770 -22.816 -24.450 -4.060 0.0000000000
34771 -22.821 -24.278 -3.550 0.0000000000
34772 -22.803 -24.050 -3.042 0.0000000000
34773 -23.264 -23.408 -3.098 0.0000000000
34774 -23.504 -23.194 -3.384 0.0000000000
34775 -23.016 -23.600 -2.818 0.0000000000
34776 -23.205 -23.134 -2.597 0.0000000000
34777 -23.410 -22.661 -2.339 0.0000000000
34778 -24.758 -21.293 -3.998 0.0000000000
34779 -24.980 -20.877 -3.826 0.0000000000
34780 -24.378 -22.154 -4.376 0.0000000000
34781 -24.570 -21.728 -4.170 0.0000000000
34782 -24.539 -21.590 -3.774 0.0000000000
34783 -24.335 -21.848 -3.483 0.0000000000
34784 -24.517 -21.415 -3.304 0.0000000000
34785 -23.970 -22.994 -4.822 0.0000000000
34786 -24.183 -22.577 -4.594 0.0000000000
34787 -23.750 -23.384 -5.062 0.0000000000
34788 -23.756 -23.280 -4.633 0.0000000000
34789 -23.752 -23.137 -4.149 0.0000000000
34790 -24.144 -22.281 -3.689 0.0000000000
34791 -24.101 -22.075 -3.194 0.0000000000
34792 -24.167 -22.440 -4.155 0.0000000000
34793 -23.952 -22.714 -3.922 0.0000000000
34794 -23.729 -22.961 -3.652 0.0000000000
34795 -23.872 -22.291 -2.913 0.0000000000
34796 -24.059 -21.839 -2.684 0.0000000000
34797 -23.687 -22.750 -3.141 0.0000000000
34798 -23.646 -22.484 -2.612 0.0000000000
34799 -23.621 -22.197 -2.082 0.0000000000
34800 -24.970 -20.752 -3.433 0.0000000000
34801 -25.194 -20.463 -3.700 0.0000000000
34802 -24.504 -21.224 -2.811 0.0000000000
34803 -24.732 -21.003 -3.136 0.0000000000
34804 -24.965 -20.624 -3.042 0.0000000000
34805 -25.017 -20.510 -2.596 0.0000000000
34806 -25.210 -20.241 -2.974 0.0000000000
34807 -24.044 -21.598 -2.162 0.0000000000
34808 -24.289 -21.427 -2.472 0.0000000000
34809 -23.833 -21.765 -1.852 0.0000000000
34810 -24.137 -21.416 -1.617 0.0000000000
34811 -24.500 -21.142 -1.440 0.0000000000
34812 -24.833 -20.736 -2.198 0.0000000000
34813 -25.133 -20.429 -2.170 0.0000000000
34814 -24.536 -21.052 -2.302 0.0000000000
34815 -24.663 -20.949 -1.814 0.0000000000
34816 -24.855 -20.888 -1.353 0.0000000000
34817 -25.310 -20.387 -1.789 0.0000000000
34818 -25.403 -20.111 -2.244 0.0000000000
34819 -25.203 -20.623 -1.337 0.0000000000
34820 -25.527 -20.284 -1.468 0.0000000000
34821 -25.756 -19.872 -1.775 0.0000000000
34829 -25.328 -20.402 -4.666 0.0000000000
34831 -25.359 -20.229 -4.187 0.0000000000
34832 -25.343 -20.321 -4.436 0.0000000000
34848 -25.388 -20.032 -3.629 0.0000000000
34849 -25.369 -20.131 -3.922 0.0000000000
34850 -25.456 -19.852 -3.008 0.0000000000
34851 -25.416 -19.934 -3.312 0.0000000000
34852 -25.570 -19.569 -3.600 0.0000000000
34853 -25.809 -19.071 -3.526 0.0000000000
34854 -25.761 -19.177 -3.748 0.0000000000
34855 -25.668 -19.679 -2.454 0.0000000000
34856 -25.511 -19.770 -2.714 0.0000000000
34857 -25.784 -19.558 -2.287 0.0000000000
34858 -25.810 -19.072 -2.734 0.0000000000
34860 -25.869 -18.907 -3.327 0.0000000000
34862 -25.672 -19.357 -3.106 0.0000000000
34863 -25.891 -18.716 -3.132 0.0000000000
34879 -25.512 -19.769 -4.075 0.0000000000
35447 -5.028 -30.172 -2.890 0.0000000000
35453 -5.041 -30.836 -2.694 0.0000000000
35454 -4.627 -31.474 -2.651 0.0000000000
35455 -4.735 -31.237 -2.714 0.0000000000
35456 -4.919 -31.445 -2.499 0.0000000000
35457 -4.587 -31.664 -2.586 0.0000000000
37896 -11.069 -25.399 -3.026 0.0000000000
37902 -10.065 -26.281 -3.205 0.0000000000
37905 -10.123 -26.805 -3.056 0.0000000000
37906 -9.558 -26.910 -3.221 0.0000000000
37907 -9.010 -27.486 -3.253 0.0000000000
37908 -8.961 -27.974 -3.123 0.0000000000
37909 -8.408 -27.993 -3.210 0.0000000000
37916 -6.004 -28.652 -3.367 0.0000000000
37931 -7.850 -28.454 -3.100 0.0000000000
37932 -5.325 -29.375 -3.200 0.0000000000
37933 -6.009 -28.928 -3.167 0.0000000000
37934 -5.633 -29.096 -3.185 0.0000000000
37935 -5.291 -29.577 -3.024 0.0000000000
37936 -5.289 -29.853 -2.877 0.0000000000
37937 -6.843 -28.882 -3.060 0.0000000000
37938 -6.417 -28.878 -3.121 0.0000000000
37939 -7.777 -28.942 -2.904 0.0000000000
37940 -7.306 -28.915 -2.986 0.0000000000
37941 -6.816 -29.345 -2.880 0.0000000000
37942 -6.776 -29.832 -2.713 0.0000000000
37943 -6.359 -29.759 -2.760 0.0000000000
37944 -5.623 -29.734 -2.848 0.0000000000
37945 -5.325 -30.220 -2.750 0.0000000000
37946 -5.990 -29.273 -2.970 0.0000000000
37947 -5.987 -29.720 -2.808 0.0000000000
37948 -5.982 -30.188 -2.669 0.0000000000
37949 -5.325 -30.665 -2.659 0.0000000000
37950 -5.932 -30.658 -2.574 0.0000000000
37951 -5.616 -30.617 -2.618 0.0000000000
37952 -5.268 -31.070 -2.558 0.0000000000
37953 -5.166 -31.396 -2.448 0.0000000000
38148 -9.223 -13.993 -0.081 0.0000000000
38149 -9.389 -13.523 -0.494 0.0000000000
38154 -9.930 -13.319 -0.735 0.0000000000
38155 -10.618 -12.887 -1.688 0.0000000000
38157 -10.364 -13.498 -0.540 0.0000000000
38158 -10.503 -13.145 -1.088 0.0000000000
38159 -11.044 -13.027 -1.541 0.0000000000
38160 -11.478 -13.156 -1.408 0.0000000000
38161 -11.544 -12.935 -1.998 0.0000000000
38252 -11.542 -12.759 -2.608 0.0000000000
38253 -11.963 -12.882 -2.483 0.0000000000
38283 -12.349 -12.671 -3.615 0.0000000000
38285 -12.367 -13.004 -2.372 0.0000000000
38286 -12.371 -12.864 -2.967 0.0000000000
38287 -12.813 -12.816 -3.582 0.0000000000
38288 -13.282 -12.957 -3.592 0.0000000000
38289 -13.298 -12.694 -4.460 0.0000000000
38433 -8.547 -19.932 -1.234 0.0000000000
38434 -8.595 -19.525 -1.203 0.0000000000
38435 -7.996 -20.836 -1.930 0.0000000000
38437 -7.673 -21.767 -1.881 0.0000000000
38438 -7.873 -21.302 -1.896 0.0000000000
38439 -8.098 -21.301 -1.583 0.0000000000
38440 -8.112 -21.702 -1.167 0.0000000000
38441 -8.283 -21.256 -1.194 0.0000000000
38442 -8.471 -20.352 -1.235 0.0000000000
38443 -8.709 -20.325 -0.787 0.0000000000
38444 -8.284 -20.380 -1.624 0.0000000000
38445 -8.399 -20.801 -1.230 0.0000000000
38446 -8.498 -21.191 -0.769 0.0000000000
38447 -8.914 -20.693 -0.310 0.0000000000
38448 -9.013 -20.274 -0.290 0.0000000000
38449 -8.644 -21.579 -0.317 0.0000000000
38450 -8.769 -21.112 -0.327 0.0000000000
38451 -9.200 -21.061 0.127 0.0000000000
38452 -9.645 -21.487 0.569 0.0000000000
38453 -9.829 -21.030 0.647 0.0000000000
38482 -5.619 -25.209 -1.746 0.0000000000
38483 -5.782 -24.463 -2.052 0.0000000000
38509 -3.848 -27.202 -1.434 0.0000000000
38510 -5.459 -25.520 -1.663 0.0000000000
38511 -5.585 -25.449 -1.558 0.0000000000
38514 -5.194 -25.785 -1.664 0.0000000000
38515 -4.865 -26.173 -1.570 0.0000000000
38516 -5.087 -26.178 -1.410 0.0000000000
38522 -4.788 -25.951 -1.671 0.0000000000
38523 -4.571 -26.510 -1.501 0.0000000000
38527 -4.314 -26.807 -1.483 0.0000000000
38528 -4.457 -26.916 -1.325 0.0000000000
38529 -4.252 -26.546 -1.517 0.0000000000
38530 -4.062 -27.036 -1.460 0.0000000000
38531 -3.944 -27.436 -1.358 0.0000000000
38532 -5.538 -25.689 -1.388 0.0000000000
38533 -5.739 -25.357 -1.445 0.0000000000
38534 -5.008 -26.575 -1.176 0.0000000000
38535 -5.273 -26.168 -1.273 0.0000000000
38536 -5.545 -26.164 -1.086 0.0000000000
38537 -5.634 -26.648 -0.843 0.0000000000
38538 -5.870 -26.231 -0.871 0.0000000000
38539 -4.387 -27.274 -1.170 0.0000000000
38540 -4.659 -26.932 -1.167 0.0000000000
38541 -4.124 -27.564 -1.205 0.0000000000
38542 -4.364 -27.651 -1.022 0.0000000000
38543 -4.754 -27.827 -0.795 0.0000000000
38544 -5.346 -27.074 -0.810 0.0000000000
38545 -5.802 -27.195 -0.600 0.0000000000
38546 -4.955 -26.984 -0.994 0.0000000000
38547 -5.054 -27.466 -0.799 0.0000000000
38548 -5.250 -27.965 -0.581 0.0000000000
38549 -6.057 -27.739 -0.362 0.0000000000
38550 -6.309 -27.336 -0.367 0.0000000000
38551 -5.784 -28.112 -0.359 0.0000000000
38552 -6.327 -28.236 -0.132 0.0000000000
38553 -6.860 -28.333 0.093 0.0000000000
38554 -9.494 -21.969 0.541 0.0000000000
38555 -10.128 -21.835 1.083 0.0000000000
38556 -8.520 -22.052 -0.313 0.0000000000
38557 -8.967 -22.015 0.096 0.0000000000
38558 -9.325 -22.472 0.475 0.0000000000
38559 -9.147 -22.958 0.423 0.0000000000
38560 -9.646 -22.899 0.885 0.0000000000
38561 -7.916 -22.153 -1.165 0.0000000000
38562 -8.185 -22.099 -0.739 0.0000000000
38563 -7.461 -22.234 -1.881 0.0000000000
38564 -7.669 -22.204 -1.558 0.0000000000
38565 -7.672 -22.588 -1.165 0.0000000000
38566 -7.425 -23.038 -1.178 0.0000000000
38567 -7.743 -22.981 -0.745 0.0000000000
38568 -8.626 -22.965 0.030 0.0000000000
38569 -8.939 -23.439 0.380 0.0000000000
38570 -8.353 -22.511 -0.331 0.0000000000
38571 -8.149 -22.961 -0.339 0.0000000000
38572 -7.904 -23.395 -0.381 0.0000000000
38573 -8.733 -23.907 0.346 0.0000000000
38574 -9.239 -23.903 0.739 0.0000000000
38575 -7.684 -23.831 -0.408 0.0000000000
38576 -8.208 -23.874 -0.032 0.0000000000
38577 -8.539 -24.376 0.289 0.0000000000
38578 -8.367 -24.841 0.235 0.0000000000
38579 -8.859 -24.890 0.590 0.0000000000
38586 -6.840 -23.068 -2.200 0.0000000000
38598 -6.388 -23.825 -2.196 0.0000000000
38601 -5.935 -24.618 -1.941 0.0000000000
38602 -7.819 -24.745 -0.090 0.0000000000
38603 -8.200 -25.306 0.211 0.0000000000
38604 -7.231 -23.809 -0.818 0.0000000000
38605 -7.447 -24.229 -0.465 0.0000000000
38606 -7.296 -24.639 -0.454 0.0000000000
38607 -6.846 -24.534 -0.859 0.0000000000
38608 -7.126 -25.050 -0.468 0.0000000000
38609 -7.172 -23.120 -1.569 0.0000000000
38610 -7.147 -23.435 -1.228 0.0000000000
38611 -7.221 -22.680 -1.902 0.0000000000
38612 -6.999 -23.139 -1.900 0.0000000000
38613 -6.747 -23.528 -1.953 0.0000000000
38614 -6.641 -24.140 -1.291 0.0000000000
38615 -6.509 -24.527 -1.205 0.0000000000
38616 -6.875 -23.809 -1.231 0.0000000000
38617 -6.637 -23.855 -1.619 0.0000000000
38618 -6.509 -23.891 -1.931 0.0000000000
38619 -6.271 -24.549 -1.515 0.0000000000
38620 -6.364 -24.869 -1.145 0.0000000000
38621 -6.302 -24.212 -1.889 0.0000000000
38622 -6.085 -24.570 -1.769 0.0000000000
38623 -5.895 -24.965 -1.591 0.0000000000
38624 -8.068 -25.781 0.190 0.0000000000
38625 -8.561 -25.854 0.482 0.0000000000
38626 -7.071 -25.529 -0.416 0.0000000000
38627 -7.567 -25.643 -0.120 0.0000000000
38628 -7.925 -26.243 0.163 0.0000000000
38629 -7.773 -26.712 0.132 0.0000000000
38630 -8.256 -26.791 0.406 0.0000000000
38631 -6.268 -25.346 -0.990 0.0000000000
38632 -6.633 -25.417 -0.712 0.0000000000
38633 -5.970 -25.328 -1.235 0.0000000000
38634 -6.105 -25.786 -0.920 0.0000000000
38635 -6.285 -26.353 -0.637 0.0000000000
38636 -7.284 -26.611 -0.130 0.0000000000
38637 -7.586 -27.155 0.099 0.0000000000
38638 -6.947 -26.011 -0.387 0.0000000000
38639 -6.771 -26.486 -0.390 0.0000000000
38640 -6.552 -26.924 -0.385 0.0000000000
38641 -7.356 -27.565 0.084 0.0000000000
38642 -7.861 -27.650 0.335 0.0000000000
38643 -6.837 -27.462 -0.135 0.0000000000
38644 -7.111 -27.957 0.086 0.0000000000
38645 -7.369 -28.408 0.322 0.0000000000
38646 -10.587 -22.070 1.566 0.0000000000
38647 -10.838 -21.536 1.683 0.0000000000
38648 -9.956 -23.304 1.257 0.0000000000
38649 -10.222 -22.736 1.379 0.0000000000
38650 -10.842 -22.430 1.803 0.0000000000
38651 -11.138 -22.833 2.003 0.0000000000
38652 -11.387 -22.150 2.038 0.0000000000
38653 -9.514 -24.362 1.082 0.0000000000
38654 -9.727 -23.840 1.171 0.0000000000
38655 -9.175 -25.377 0.877 0.0000000000
38656 -9.324 -24.879 0.978 0.0000000000
38657 -9.841 -24.808 1.356 0.0000000000
38658 -10.173 -25.244 1.626 0.0000000000
38659 -10.404 -24.692 1.751 0.0000000000
38660 -10.888 -23.502 1.949 0.0000000000
38661 -11.543 -23.279 2.196 0.0000000000
38662 -10.274 -23.707 1.582 0.0000000000
38663 -10.640 -24.114 1.858 0.0000000000
38664 -11.067 -24.510 2.097 0.0000000000
38665 -12.080 -23.688 2.226 0.0000000000
38666 -12.307 -23.139 2.229 0.0000000000
38667 -11.540 -24.878 2.186 0.0000000000
38668 -11.822 -24.280 2.212 0.0000000000
38669 -12.567 -24.020 2.157 0.0000000000
38670 -12.986 -24.340 2.065 0.0000000000
38671 -13.231 -23.793 2.053 0.0000000000
38672 -8.898 -26.357 0.740 0.0000000000
38673 -9.042 -25.872 0.799 0.0000000000
38674 -8.557 -27.278 0.634 0.0000000000
38675 -8.735 -26.830 0.686 0.0000000000
38676 -9.224 -26.823 0.964 0.0000000000
38677 -9.520 -27.245 1.176 0.0000000000
38678 -9.719 -26.777 1.250 0.0000000000
38679 -8.098 -28.086 0.588 0.0000000000
38680 -8.335 -27.701 0.609 0.0000000000
38681 -7.853 -28.458 0.573 0.0000000000
38682 -8.333 -28.479 0.826 0.0000000000
38683 -8.838 -28.471 1.025 0.0000000000
38684 -9.314 -27.691 1.106 0.0000000000
38685 -9.816 -27.616 1.326 0.0000000000
38686 -8.827 -27.711 0.866 0.0000000000
38687 -9.099 -28.099 1.036 0.0000000000
38688 -9.365 -28.434 1.196 0.0000000000
38689 -10.119 -27.916 1.425 0.0000000000
38690 -10.342 -27.468 1.553 0.0000000000
38691 -9.890 -28.326 1.382 0.0000000000
38692 -10.402 -28.132 1.587 0.0000000000
38693 -10.933 -27.872 1.807 0.0000000000
38694 -12.702 -24.945 2.077 0.0000000000
38695 -13.355 -24.711 1.961 0.0000000000
38696 -11.285 -25.440 2.108 0.0000000000
38697 -12.004 -25.214 2.154 0.0000000000
38698 -12.416 -25.521 2.088 0.0000000000
38699 -12.129 -26.059 2.076 0.0000000000
38700 -12.813 -25.812 2.038 0.0000000000
38701 -10.017 -25.766 1.527 0.0000000000
38702 -10.596 -25.633 1.883 0.0000000000
38703 -9.519 -25.842 1.144 0.0000000000
38704 -9.883 -26.279 1.398 0.0000000000
38705 -10.231 -26.674 1.578 0.0000000000
38706 -11.449 -26.303 2.047 0.0000000000
38707 -11.835 -26.569 2.018 0.0000000000
38708 -11.032 -25.992 2.013 0.0000000000
38709 -10.787 -26.531 1.876 0.0000000000
38710 -10.572 -27.005 1.715 0.0000000000
38711 -11.544 -27.057 1.898 0.0000000000
38712 -12.222 -26.825 2.006 0.0000000000
38713 -10.922 -27.279 1.753 0.0000000000
38714 -11.273 -27.496 1.794 0.0000000000
38715 -11.508 -27.622 2.040 0.0000000000
38716 -13.725 -25.088 1.881 0.0000000000
38717 -13.956 -24.546 1.808 0.0000000000
38718 -13.178 -26.119 2.011 0.0000000000
38719 -13.464 -25.620 1.958 0.0000000000
38720 -14.070 -25.468 1.829 0.0000000000
38721 -14.379 -25.851 1.850 0.0000000000
38722 -14.652 -25.356 1.703 0.0000000000
38723 -12.542 -27.035 2.070 0.0000000000
38724 -12.878 -26.593 2.035 0.0000000000
38725 -12.113 -27.369 2.259 0.0000000000
38726 -12.748 -27.179 2.405 0.0000000000
38727 -13.351 -27.096 2.502 0.0000000000
38728 -14.085 -26.325 2.006 0.0000000000
38729 -14.655 -26.237 1.986 0.0000000000
38730 -13.496 -26.438 2.040 0.0000000000
38731 -13.744 -26.753 2.232 0.0000000000
38732 -13.948 -27.067 2.525 0.0000000000
38733 -14.913 -26.639 2.237 0.0000000000
38734 -15.231 -26.150 1.969 0.0000000000
38735 -14.547 -27.096 2.537 0.0000000000
38736 -15.194 -27.161 2.531 0.0000000000
38737 -15.889 -27.333 2.422 0.0000000000
38766 -14.156 -13.276 -4.874 0.0000000000
38767 -13.806 -13.561 -5.844 0.0000000000
38769 -14.443 -14.296 -4.993 0.0000000000
38771 -13.278 -13.149 -2.869 0.0000000000
38772 -13.775 -13.167 -3.706 0.0000000000
38773 -12.359 -13.211 -1.800 0.0000000000
38774 -12.784 -13.156 -2.278 0.0000000000
38775 -13.239 -13.360 -2.220 0.0000000000
38776 -13.255 -13.584 -1.635 0.0000000000
38777 -13.769 -13.601 -2.245 0.0000000000
38778 -14.709 -13.962 -3.982 0.0000000000
38779 -15.190 -14.464 -4.009 0.0000000000
38780 -14.271 -13.484 -3.932 0.0000000000
38781 -14.351 -13.655 -3.048 0.0000000000
38782 -14.388 -13.802 -2.319 0.0000000000
38783 -15.736 -14.479 -3.466 0.0000000000
38785 -14.447 -13.860 -1.609 0.0000000000
38786 -15.103 -13.991 -2.495 0.0000000000
38787 -15.834 -14.441 -2.870 0.0000000000
38788 -15.602 -14.778 -2.188 0.0000000000
38789 -16.301 -14.989 -3.353 0.0000000000
38803 -14.290 -15.878 -4.302 0.0000000000
38806 -14.269 -15.110 -4.735 0.0000000000
38807 -15.312 -15.613 -4.408 0.0000000000
38808 -15.154 -15.978 -4.298 0.0000000000
38810 -16.172 -15.381 -4.206 0.0000000000
38811 -16.391 -15.485 -3.565 0.0000000000
38816 -13.333 -17.328 -3.226 0.0000000000
38817 -13.742 -17.714 -3.575 0.0000000000
38818 -13.274 -17.802 -2.978 0.0000000000
38819 -15.822 -16.205 -4.297 0.0000000000
38820 -14.917 -16.462 -4.180 0.0000000000
38821 -16.300 -15.777 -2.654 0.0000000000
38822 -16.444 -16.005 -3.684 0.0000000000
38823 -16.360 -16.545 -3.826 0.0000000000
38824 -16.711 -16.735 -3.083 0.0000000000
38825 -16.232 -17.062 -3.916 0.0000000000
38826 -14.518 -17.583 -3.965 0.0000000000
38827 -14.284 -18.074 -3.837 0.0000000000
38828 -14.724 -17.080 -4.039 0.0000000000
38829 -15.404 -17.389 -4.122 0.0000000000
38830 -16.129 -17.750 -3.998 0.0000000000
38831 -15.008 -18.510 -3.994 0.0000000000
38832 -14.120 -18.685 -3.697 0.0000000000
38833 -16.717 -18.097 -3.528 0.0000000000
38834 -15.944 -18.339 -4.030 0.0000000000
38835 -15.728 -18.961 -4.015 0.0000000000
38836 -16.415 -19.416 -3.841 0.0000000000
38837 -15.467 -19.596 -4.000 0.0000000000
38838 -11.380 -13.465 -0.799 0.0000000000
38839 -11.900 -13.308 -1.292 0.0000000000
38840 -10.226 -13.952 -0.056 0.0000000000
38841 -10.806 -13.692 -0.370 0.0000000000
38842 -11.248 -13.887 -0.171 0.0000000000
38843 -11.098 -14.365 0.449 0.0000000000
38844 -11.696 -13.989 0.042 0.0000000000
38851 -9.411 -15.685 0.388 0.0000000000
38852 -10.496 -14.806 0.579 0.0000000000
38853 -10.951 -14.964 0.864 0.0000000000
38854 -10.071 -14.582 0.322 0.0000000000
38855 -9.950 -15.270 0.533 0.0000000000
38856 -9.833 -15.976 0.569 0.0000000000
38857 -10.817 -15.657 1.024 0.0000000000
38858 -11.445 -15.139 0.988 0.0000000000
38859 -9.702 -16.640 0.537 0.0000000000
38860 -10.235 -16.182 0.824 0.0000000000
38861 -10.695 -16.345 1.060 0.0000000000
38862 -10.577 -16.993 1.079 0.0000000000
38863 -11.214 -16.490 1.242 0.0000000000
38886 -10.006 -17.429 0.737 0.0000000000
38887 -10.442 -17.600 1.050 0.0000000000
38888 -9.129 -16.986 0.254 0.0000000000
38889 -9.562 -17.233 0.470 0.0000000000
38890 -9.431 -17.766 0.342 0.0000000000
38891 -8.907 -17.964 -0.122 0.0000000000
38892 -9.336 -18.234 0.200 0.0000000000
38894 -8.675 -16.645 0.111 0.0000000000
38898 -8.563 -17.613 -0.436 0.0000000000
38899 -8.559 -17.997 -0.692 0.0000000000
38900 -8.589 -17.176 -0.141 0.0000000000
38901 -8.194 -17.197 -0.643 0.0000000000
38903 -8.298 -17.933 -1.202 0.0000000000
38904 -8.576 -18.371 -0.882 0.0000000000
38908 -10.330 -18.150 1.014 0.0000000000
38909 -10.952 -17.737 1.359 0.0000000000
38910 -9.261 -18.665 0.070 0.0000000000
38911 -9.768 -18.466 0.563 0.0000000000
38912 -10.199 -18.682 0.904 0.0000000000
38913 -10.125 -19.165 0.817 0.0000000000
38914 -10.747 -18.881 1.267 0.0000000000
38915 -8.602 -18.742 -1.028 0.0000000000
38916 -8.867 -18.747 -0.474 0.0000000000
38918 -8.614 -19.126 -1.132 0.0000000000
38919 -8.818 -19.518 -0.683 0.0000000000
38920 -9.564 -19.357 0.361 0.0000000000
38921 -10.078 -19.623 0.765 0.0000000000
38922 -9.174 -19.073 -0.036 0.0000000000
38923 -9.117 -19.472 -0.134 0.0000000000
38924 -9.077 -19.869 -0.214 0.0000000000
38925 -10.031 -20.107 0.742 0.0000000000
38926 -10.684 -19.977 1.301 0.0000000000
38927 -9.435 -20.203 0.221 0.0000000000
38928 -9.951 -20.574 0.708 0.0000000000
38929 -10.528 -20.916 1.318 0.0000000000
38930 -16.919 -19.135 -3.118 0.0000000000
38931 -16.822 -19.893 -3.358 0.0000000000
38932 -16.874 -17.805 -2.603 0.0000000000
38933 -16.928 -18.477 -2.860 0.0000000000
38934 -17.072 -18.827 -2.248 0.0000000000
38935 -16.934 -18.665 -1.418 0.0000000000
38936 -17.120 -19.227 -1.706 0.0000000000
38937 -16.392 -16.557 -2.143 0.0000000000
38938 -16.687 -17.122 -2.348 0.0000000000
38939 -15.802 -15.679 -1.786 0.0000000000
38940 -16.128 -16.092 -2.007 0.0000000000
38941 -16.029 -16.534 -1.383 0.0000000000
38942 -15.522 -16.563 -0.613 0.0000000000
38943 -15.937 -17.018 -0.808 0.0000000000
38944 -16.678 -18.116 -1.162 0.0000000000
38945 -16.625 -18.639 -0.681 0.0000000000
38946 -16.693 -17.543 -1.757 0.0000000000
38947 -16.322 -17.526 -0.961 0.0000000000
38948 -15.878 -17.586 -0.277 0.0000000000
38949 -16.226 -18.654 -0.028 0.0000000000
38950 -16.588 -19.130 -0.272 0.0000000000
38951 -15.368 -17.688 0.352 0.0000000000
38952 -15.824 -18.159 0.161 0.0000000000
38953 -15.764 -18.708 0.508 0.0000000000
38954 -15.288 -18.800 0.977 0.0000000000
38955 -15.716 -19.278 0.795 0.0000000000
38956 -14.830 -14.647 -1.220 0.0000000000
38957 -15.369 -15.185 -1.468 0.0000000000
38958 -13.830 -13.908 -0.952 0.0000000000
38959 -14.342 -14.202 -1.023 0.0000000000
38960 -14.167 -14.685 -0.586 0.0000000000
38961 -13.593 -14.903 -0.082 0.0000000000
38962 -14.034 -15.233 -0.155 0.0000000000
38963 -12.765 -13.607 -1.073 0.0000000000
38964 -13.286 -13.729 -0.973 0.0000000000
38965 -12.320 -13.462 -1.184 0.0000000000
38966 -12.258 -13.782 -0.515 0.0000000000
38967 -12.186 -14.135 0.170 0.0000000000
38968 -13.152 -14.610 0.035 0.0000000000
38969 -13.040 -15.195 0.389 0.0000000000
38970 -13.267 -14.065 -0.384 0.0000000000
38971 -12.684 -14.349 0.139 0.0000000000
38972 -12.069 -14.698 0.637 0.0000000000
38973 -12.477 -15.550 0.831 0.0000000000
38974 -12.985 -15.776 0.743 0.0000000000
38975 -11.954 -15.348 0.929 0.0000000000
38976 -11.873 -15.989 1.154 0.0000000000
38977 -11.787 -16.619 1.325 0.0000000000
38978 -14.810 -18.347 1.111 0.0000000000
38979 -14.767 -18.921 1.369 0.0000000000
38980 -14.899 -17.215 0.448 0.0000000000
38981 -14.861 -17.789 0.820 0.0000000000
38982 -14.327 -17.938 1.218 0.0000000000
38983 -13.832 -17.556 1.262 0.0000000000
38984 -13.754 -18.146 1.568 0.0000000000
38985 -15.024 -16.121 -0.416 0.0000000000
38986 -14.948 -16.644 0.016 0.0000000000
38987 -15.153 -15.618 -0.924 0.0000000000
38988 -14.530 -15.665 -0.285 0.0000000000
38989 -13.978 -15.813 0.232 0.0000000000
38990 -13.882 -16.983 0.924 0.0000000000
38991 -13.346 -17.256 1.283 0.0000000000
38992 -14.412 -16.789 0.503 0.0000000000
38993 -13.927 -16.392 0.585 0.0000000000
38994 -13.471 -16.051 0.663 0.0000000000
38995 -12.867 -16.983 1.298 0.0000000000
38996 -12.745 -17.617 1.574 0.0000000000
38997 -12.940 -16.379 1.026 0.0000000000
38998 -12.345 -16.770 1.337 0.0000000000
38999 -11.668 -17.248 1.467 0.0000000000
39000 -14.176 -19.103 1.724 0.0000000000
39001 -14.689 -19.532 1.603 0.0000000000
39002 -13.103 -18.514 1.859 0.0000000000
39003 -13.630 -18.784 1.824 0.0000000000
39004 -13.429 -19.479 2.047 0.0000000000
39005 -12.520 -20.010 2.160 0.0000000000
39006 -13.131 -20.153 2.200 0.0000000000
39007 -12.057 -18.063 1.715 0.0000000000
39008 -12.583 -18.276 1.814 0.0000000000
39009 -11.512 -17.890 1.544 0.0000000000
39010 -11.360 -18.499 1.600 0.0000000000
39011 -11.287 -19.141 1.630 0.0000000000
39012 -12.127 -19.819 2.054 0.0000000000
39013 -11.907 -20.404 2.079 0.0000000000
39014 -12.354 -19.017 1.988 0.0000000000
39015 -11.744 -19.501 1.888 0.0000000000
39016 -11.237 -19.806 1.688 0.0000000000
39017 -11.516 -20.650 1.970 0.0000000000
39018 -11.773 -20.817 2.073 0.0000000000
39019 -11.221 -20.430 1.787 0.0000000000
39020 -11.161 -20.814 1.809 0.0000000000
39021 -11.018 -21.151 1.758 0.0000000000
39022 -17.074 -20.298 -2.813 0.0000000000
39023 -16.694 -20.613 -3.537 0.0000000000
39024 -17.173 -19.659 -1.266 0.0000000000
39025 -17.227 -19.910 -2.021 0.0000000000
39026 -17.258 -20.717 -2.347 0.0000000000
39027 -17.420 -21.122 -1.972 0.0000000000
39028 -17.246 -21.515 -2.620 0.0000000000
39029 -16.549 -19.660 0.048 0.0000000000
39030 -16.906 -19.638 -0.567 0.0000000000
39031 -15.644 -19.898 1.022 0.0000000000
39032 -16.103 -19.767 0.559 0.0000000000
39033 -16.495 -20.241 0.333 0.0000000000
39034 -16.383 -20.870 0.559 0.0000000000
39035 -16.832 -20.728 0.066 0.0000000000
39036 -17.465 -20.798 -1.263 0.0000000000
39037 -17.612 -21.571 -1.618 0.0000000000
39038 -17.210 -20.160 -0.899 0.0000000000
39039 -17.206 -20.693 -0.569 0.0000000000
39040 -17.142 -21.273 -0.238 0.0000000000
39041 -17.840 -22.068 -1.229 0.0000000000
39042 -17.628 -22.398 -1.895 0.0000000000
39043 -17.057 -21.869 0.095 0.0000000000
39044 -17.571 -21.891 -0.518 0.0000000000
39045 -17.998 -22.579 -0.805 0.0000000000
39046 -18.013 -23.137 -0.353 0.0000000000
39047 -18.095 -23.384 -1.130 0.0000000000
39048 -14.549 -20.195 1.804 0.0000000000
39049 -15.151 -20.025 1.428 0.0000000000
39050 -12.888 -20.769 2.216 0.0000000000
39051 -13.768 -20.468 2.110 0.0000000000
39052 -14.358 -20.927 1.930 0.0000000000
39053 -14.099 -21.720 1.961 0.0000000000
39054 -14.803 -21.391 1.685 0.0000000000
39055 -11.661 -21.167 2.046 0.0000000000
39056 -12.103 -21.025 2.174 0.0000000000
39057 -11.272 -21.340 1.898 0.0000000000
39058 -11.533 -21.578 2.035 0.0000000000
39059 -11.915 -21.998 2.199 0.0000000000
39060 -13.364 -21.879 2.170 0.0000000000
39061 -13.830 -22.348 2.004 0.0000000000
39062 -12.645 -21.345 2.232 0.0000000000
39063 -12.560 -21.922 2.259 0.0000000000
39064 -12.486 -22.564 2.251 0.0000000000
39065 -13.634 -22.837 2.021 0.0000000000
39066 -14.143 -22.717 1.857 0.0000000000
39067 -13.069 -23.014 2.147 0.0000000000
39068 -13.456 -23.295 2.030 0.0000000000
39069 -13.782 -23.647 1.905 0.0000000000
39070 -17.331 -23.003 0.242 0.0000000000
39071 -17.847 -23.662 0.064 0.0000000000
39072 -16.551 -21.978 0.539 0.0000000000
39073 -16.905 -22.468 0.362 0.0000000000
39074 -16.719 -23.024 0.612 0.0000000000
39075 -16.185 -23.126 0.934 0.0000000000
39076 -16.506 -23.574 0.846 0.0000000000
39077 -15.895 -21.029 0.950 0.0000000000
39078 -16.234 -21.501 0.732 0.0000000000
39079 -15.572 -20.547 1.201 0.0000000000
39080 -15.392 -21.194 1.316 0.0000000000
39081 -15.197 -21.827 1.434 0.0000000000
39082 -15.874 -22.685 1.066 0.0000000000
39083 -15.660 -23.254 1.209 0.0000000000
39084 -16.070 -22.104 0.912 0.0000000000
39085 -15.554 -22.250 1.222 0.0000000000
39086 -14.945 -22.441 1.553 0.0000000000
39087 -15.044 -23.393 1.448 0.0000000000
39088 -15.413 -23.809 1.328 0.0000000000
39089 -14.626 -23.016 1.652 0.0000000000
39090 -14.316 -23.530 1.734 0.0000000000
39091 -14.156 -23.998 1.762 0.0000000000
39092 -17.581 -24.114 0.453 0.0000000000
39093 -18.230 -24.389 -0.182 0.0000000000
39094 -16.289 -24.117 1.050 0.0000000000
39095 -16.881 -24.036 0.824 0.0000000000
39096 -17.329 -24.617 0.811 0.0000000000
39097 -17.042 -25.104 1.137 0.0000000000
39098 -17.749 -25.400 0.688 0.0000000000
39099 -15.156 -24.340 1.454 0.0000000000
39100 -15.730 -24.216 1.262 0.0000000000
39101 -14.549 -24.447 1.633 0.0000000000
39102 -14.903 -24.848 1.573 0.0000000000
39103 -15.219 -25.245 1.605 0.0000000000
39104 -16.399 -25.089 1.328 0.0000000000
39105 -16.786 -25.689 1.419 0.0000000000
39106 -16.038 -24.634 1.250 0.0000000000
39107 -15.799 -25.148 1.464 0.0000000000
39108 -15.524 -25.635 1.713 0.0000000000
39109 -16.510 -26.240 1.736 0.0000000000
39110 -17.197 -26.492 1.437 0.0000000000
39111 -15.833 -26.129 1.885 0.0000000000
39112 -16.211 -26.784 2.075 0.0000000000
39113 -16.530 -27.609 2.130 0.0000000000
39138 -13.283 -18.367 -2.709 0.0000000000
39143 -13.944 -19.305 -3.481 0.0000000000
39144 -13.548 -18.842 -3.098 0.0000000000
39145 -15.133 -20.193 -3.917 0.0000000000
39146 -14.459 -19.772 -3.761 0.0000000000
39147 -13.769 -19.879 -3.278 0.0000000000
39148 -13.625 -20.373 -3.040 0.0000000000
39149 -13.486 -19.959 -2.710 0.0000000000
39152 -13.302 -18.967 -2.470 0.0000000000
39153 -13.339 -19.514 -2.316 0.0000000000
39154 -13.329 -20.066 -2.180 0.0000000000
39155 -13.208 -19.724 -1.450 0.0000000000
39157 -13.307 -20.626 -1.986 0.0000000000
39158 -13.285 -20.194 -1.681 0.0000000000
39159 -13.253 -20.351 -1.302 0.0000000000
39160 -13.201 -20.938 -1.130 0.0000000000
39161 -13.089 -20.490 -1.051 0.0000000000
39182 -12.894 -19.965 -1.038 0.0000000000
39183 -12.870 -20.640 -0.975 0.0000000000
39191 -12.856 -21.122 -0.976 0.0000000000
39206 -16.532 -21.307 -3.663 0.0000000000
39207 -15.938 -20.763 -3.911 0.0000000000
39208 -17.141 -22.290 -2.794 0.0000000000
39209 -16.881 -21.806 -3.211 0.0000000000
39210 -16.289 -21.999 -3.746 0.0000000000
39211 -15.994 -22.638 -3.787 0.0000000000
39212 -15.306 -22.069 -3.874 0.0000000000
39213 -17.509 -23.216 -2.110 0.0000000000
39214 -17.311 -22.750 -2.435 0.0000000000
39215 -17.968 -24.239 -1.397 0.0000000000
39216 -17.731 -23.715 -1.760 0.0000000000
39217 -17.329 -23.985 -2.255 0.0000000000
39218 -17.114 -24.685 -2.367 0.0000000000
39219 -16.945 -24.209 -2.688 0.0000000000
39220 -16.487 -23.218 -3.443 0.0000000000
39221 -15.685 -23.207 -3.822 0.0000000000
39222 -16.967 -23.038 -2.911 0.0000000000
39223 -16.753 -23.723 -3.036 0.0000000000
39224 -16.498 -24.334 -3.149 0.0000000000
39225 -15.352 -23.800 -3.802 0.0000000000
39226 -14.688 -23.156 -3.728 0.0000000000
39227 -16.221 -24.915 -3.299 0.0000000000
39228 -15.895 -24.397 -3.659 0.0000000000
39229 -14.986 -24.372 -3.770 0.0000000000
39230 -14.637 -24.930 -3.735 0.0000000000
39231 -14.155 -24.309 -3.600 0.0000000000
39232 -18.229 -25.269 -0.503 0.0000000000
39233 -18.162 -24.750 -0.995 0.0000000000
39234 -17.895 -26.301 0.443 0.0000000000
39235 -18.116 -25.777 -0.002 0.0000000000
39236 -17.903 -26.096 -0.767 0.0000000000
39237 -17.521 -26.789 -0.978 0.0000000000
39238 -17.580 -26.276 -1.400 0.0000000000
39239 -17.281 -27.407 1.225 0.0000000000
39240 -17.613 -26.878 0.852 0.0000000000
39241 -16.891 -27.950 1.548 0.0000000000
39242 -16.949 -28.237 0.819 0.0000000000
39243 -16.904 -28.398 0.137 0.0000000000
39244 -17.402 -27.316 -0.568 0.0000000000
39245 -17.130 -27.418 -1.169 0.0000000000
39246 -17.605 -27.173 0.132 0.0000000000
39247 -17.197 -27.841 -0.200 0.0000000000
39248 -16.776 -28.458 -0.472 0.0000000000
39249 -16.725 -28.014 -1.391 0.0000000000
39250 -16.824 -27.498 -1.717 0.0000000000
39251 -16.587 -28.533 -1.058 0.0000000000
39252 -16.298 -28.595 -1.626 0.0000000000
39253 -15.991 -28.691 -2.216 0.0000000000
39254 -15.135 -25.499 -3.793 0.0000000000
39255 -14.235 -25.500 -3.711 0.0000000000
39256 -16.438 -25.404 -2.939 0.0000000000
39257 -15.905 -25.482 -3.432 0.0000000000
39258 -15.546 -26.063 -3.576 0.0000000000
39259 -15.807 -26.565 -3.259 0.0000000000
39260 -15.097 -26.637 -3.722 0.0000000000
39261 -17.290 -25.209 -2.089 0.0000000000
39262 -16.879 -25.325 -2.493 0.0000000000
39263 -17.719 -25.030 -1.600 0.0000000000
39264 -17.459 -25.753 -1.761 0.0000000000
39265 -17.171 -26.380 -1.898 0.0000000000
39266 -16.356 -26.497 -2.793 0.0000000000
39267 -16.000 -27.082 -2.983 0.0000000000
39268 -16.634 -25.921 -2.640 0.0000000000
39269 -16.785 -26.449 -2.350 0.0000000000
39270 -16.851 -26.977 -2.039 0.0000000000
39271 -16.115 -27.624 -2.746 0.0000000000
39272 -15.582 -27.661 -3.226 0.0000000000
39273 -16.518 -27.576 -2.259 0.0000000000
39274 -16.124 -28.169 -2.512 0.0000000000
39275 -15.658 -28.777 -2.803 0.0000000000
39276 -13.774 -26.063 -3.710 0.0000000000
39277 -13.363 -25.495 -3.496 0.0000000000
39278 -14.615 -27.160 -3.865 0.0000000000
39279 -14.190 -26.628 -3.826 0.0000000000
39280 -13.319 -26.617 -3.650 0.0000000000
39281 -12.826 -27.196 -3.615 0.0000000000
39282 -12.555 -26.699 -3.364 0.0000000000
39283 -15.100 -28.231 -3.502 0.0000000000
39284 -14.919 -27.695 -3.707 0.0000000000
39285 -15.195 -28.798 -3.329 0.0000000000
39286 -14.573 -28.797 -3.808 0.0000000000
39287 -13.740 -28.800 -4.129 0.0000000000
39288 -13.138 -27.708 -3.835 0.0000000000
39289 -12.258 -27.839 -3.578 0.0000000000
39290 -14.035 -27.710 -3.966 0.0000000000
39291 -13.436 -28.254 -4.044 0.0000000000
39292 -12.793 -28.781 -4.109 0.0000000000
39293 -11.674 -28.451 -3.579 0.0000000000
39294 -11.613 -28.061 -3.283 0.0000000000
39295 -11.872 -28.857 -3.878 0.0000000000
39296 -11.148 -29.045 -3.559 0.0000000000
39297 -10.544 -29.311 -3.244 0.0000000000
39307 -13.021 -21.569 -1.014 0.0000000000
39308 -12.868 -21.720 -0.982 0.0000000000
39309 -12.833 -22.436 -1.033 0.0000000000
39310 -13.003 -22.982 -1.119 0.0000000000
39311 -12.775 -23.227 -1.069 0.0000000000
39316 -12.714 -24.009 -1.179 0.0000000000
39317 -12.375 -25.059 -1.467 0.0000000000
39318 -12.227 -25.373 -1.752 0.0000000000
39319 -12.791 -24.603 -1.374 0.0000000000
39320 -12.593 -24.840 -1.375 0.0000000000
39321 -12.289 -25.659 -1.617 0.0000000000
39322 -12.099 -26.263 -1.834 0.0000000000
39323 -11.805 -26.558 -1.880 0.0000000000
39324 -13.341 -21.363 -1.408 0.0000000000
39325 -13.213 -21.495 -1.138 0.0000000000
39326 -13.353 -21.053 -2.372 0.0000000000
39327 -13.304 -21.197 -1.846 0.0000000000
39328 -13.353 -21.795 -1.776 0.0000000000
39329 -13.185 -22.231 -2.174 0.0000000000
39330 -13.300 -22.417 -1.692 0.0000000000
39331 -13.984 -20.868 -3.391 0.0000000000
39332 -13.554 -20.951 -2.916 0.0000000000
39333 -14.816 -20.846 -3.811 0.0000000000
39334 -14.550 -21.442 -3.720 0.0000000000
39335 -14.315 -22.019 -3.625 0.0000000000
39336 -13.300 -22.095 -2.683 0.0000000000
39337 -13.163 -22.680 -2.543 0.0000000000
39338 -13.420 -21.499 -2.790 0.0000000000
39339 -13.662 -22.026 -3.201 0.0000000000
39340 -14.091 -22.545 -3.553 0.0000000000
39341 -13.313 -23.176 -2.982 0.0000000000
39342 -13.007 -23.315 -2.468 0.0000000000
39343 -13.863 -23.116 -3.464 0.0000000000
39344 -13.631 -23.700 -3.370 0.0000000000
39345 -13.339 -24.302 -3.266 0.0000000000
39346 -12.323 -26.012 -1.911 0.0000000000
39347 -11.872 -26.819 -1.980 0.0000000000
39348 -12.979 -24.326 -1.369 0.0000000000
39349 -12.702 -25.170 -1.696 0.0000000000
39350 -12.441 -25.679 -1.989 0.0000000000
39351 -12.496 -25.315 -2.095 0.0000000000
39352 -12.186 -26.143 -2.244 0.0000000000
39353 -13.196 -22.779 -1.214 0.0000000000
39354 -13.124 -23.539 -1.261 0.0000000000
39355 -13.219 -22.062 -1.154 0.0000000000
39356 -13.328 -22.593 -1.382 0.0000000000
39357 -13.198 -23.091 -1.689 0.0000000000
39358 -12.807 -24.532 -1.879 0.0000000000
39359 -12.537 -24.980 -2.259 0.0000000000
39360 -13.102 -24.053 -1.538 0.0000000000
39361 -13.038 -23.794 -1.737 0.0000000000
39362 -12.917 -23.547 -2.072 0.0000000000
39363 -12.636 -24.690 -2.519 0.0000000000
39364 -12.449 -25.422 -2.567 0.0000000000
39365 -12.834 -23.995 -2.473 0.0000000000
39366 -12.853 -24.452 -2.850 0.0000000000
39367 -13.030 -24.953 -3.208 0.0000000000
39368 -11.748 -27.234 -2.138 0.0000000000
39369 -11.496 -27.487 -1.966 0.0000000000
39370 -12.014 -26.548 -2.463 0.0000000000
39371 -11.897 -26.908 -2.304 0.0000000000
39372 -11.587 -27.622 -2.284 0.0000000000
39373 -11.349 -27.983 -2.404 0.0000000000
39374 -11.178 -28.257 -2.212 0.0000000000
39375 -12.376 -25.829 -2.829 0.0000000000
39376 -12.153 -26.181 -2.632 0.0000000000
39377 -12.678 -25.572 -3.095 0.0000000000
39378 -12.360 -26.247 -3.079 0.0000000000
39379 -12.051 -26.976 -3.049 0.0000000000
39380 -11.496 -27.674 -2.594 0.0000000000
39381 -11.103 -28.330 -2.537 0.0000000000
39382 -11.848 -26.951 -2.641 0.0000000000
39383 -11.731 -27.323 -2.814 0.0000000000
39384 -11.630 -27.691 -3.014 0.0000000000
39385 -10.818 -28.695 -2.709 0.0000000000
39386 -10.630 -28.954 -2.505 0.0000000000
39387 -11.129 -28.406 -2.955 0.0000000000
39388 -10.640 -28.986 -2.962 0.0000000000
39389 -10.102 -29.563 -2.954 0.0000000000
39394 -11.147 -25.904 -2.790 0.0000000000
39395 -11.871 -26.255 -2.053 0.0000000000
39396 -12.040 -25.708 -2.102 0.0000000000
39397 -11.259 -27.488 -2.035 0.0000000000
39398 -11.533 -26.902 -2.046 0.0000000000
39399 -11.256 -27.235 -2.237 0.0000000000
39400 -10.587 -28.185 -2.313 0.0000000000
39401 -10.896 -27.548 -2.424 0.0000000000
39402 -11.221 -26.376 -2.632 0.0000000000
39403 -10.677 -26.644 -2.870 0.0000000000
39404 -11.701 -26.048 -2.384 0.0000000000
39405 -11.153 -26.910 -2.522 0.0000000000
39406 -10.461 -27.778 -2.608 0.0000000000
39407 -10.104 -27.325 -2.918 0.0000000000
39408 -9.804 -28.498 -2.676 0.0000000000
39409 -9.976 -27.901 -2.808 0.0000000000
39410 -9.487 -27.952 -2.986 0.0000000000
39411 -8.846 -28.490 -2.932 0.0000000000
39412 -11.116 -28.164 -2.010 0.0000000000
39413 -11.182 -27.862 -2.010 0.0000000000
39414 -10.770 -28.815 -2.203 0.0000000000
39415 -10.947 -28.458 -2.053 0.0000000000
39416 -10.621 -28.750 -2.006 0.0000000000
39417 -10.178 -29.310 -2.057 0.0000000000
39418 -10.235 -29.119 -2.027 0.0000000000
39419 -10.084 -29.510 -2.513 0.0000000000
39420 -10.460 -29.185 -2.338 0.0000000000
39421 -9.757 -29.806 -2.719 0.0000000000
39422 -9.458 -30.042 -2.523 0.0000000000
39423 -9.193 -30.256 -2.393 0.0000000000
39424 -10.018 -29.573 -2.179 0.0000000000
39425 -9.702 -29.807 -2.144 0.0000000000
39426 -10.284 -29.360 -2.242 0.0000000000
39427 -9.657 -29.921 -2.286 0.0000000000
39428 -8.913 -30.446 -2.313 0.0000000000
39429 -9.026 -30.342 -2.212 0.0000000000
39430 -9.242 -30.167 -2.166 0.0000000000
39431 -8.615 -30.620 -2.265 0.0000000000
39432 -8.213 -30.860 -2.250 0.0000000000
39433 -7.782 -31.108 -2.236 0.0000000000
39434 -8.711 -29.031 -2.734 0.0000000000
39435 -8.243 -28.978 -2.815 0.0000000000
39436 -9.583 -29.082 -2.476 0.0000000000
39437 -9.162 -29.077 -2.629 0.0000000000
39438 -8.581 -29.600 -2.549 0.0000000000
39439 -8.444 -30.126 -2.369 0.0000000000
39440 -8.036 -30.078 -2.469 0.0000000000
39441 -10.361 -28.681 -2.179 0.0000000000
39442 -9.971 -28.966 -2.311 0.0000000000
39443 -10.799 -28.265 -2.085 0.0000000000
39444 -10.288 -28.942 -2.067 0.0000000000
39445 -9.751 -29.587 -2.101 0.0000000000
39446 -8.855 -30.084 -2.269 0.0000000000
39447 -8.308 -30.529 -2.245 0.0000000000
39448 -9.407 -29.572 -2.280 0.0000000000
39449 -9.269 -29.930 -2.172 0.0000000000
39450 -9.245 -30.097 -2.153 0.0000000000
39451 -8.151 -30.802 -2.203 0.0000000000
39452 -7.748 -30.916 -2.231 0.0000000000
39453 -8.673 -30.526 -2.185 0.0000000000
39454 -8.031 -30.930 -2.202 0.0000000000
39455 -7.321 -31.339 -2.230 0.0000000000
39456 -7.697 -29.466 -2.721 0.0000000000
39457 -7.503 -30.522 -2.430 0.0000000000
39458 -7.614 -30.007 -2.570 0.0000000000
39459 -7.199 -29.915 -2.643 0.0000000000
39460 -6.712 -30.345 -2.571 0.0000000000
39461 -7.179 -31.264 -2.228 0.0000000000
39462 -7.369 -30.935 -2.296 0.0000000000
39463 -6.905 -31.511 -2.229 0.0000000000
39464 -6.550 -31.605 -2.239 0.0000000000
39465 -6.257 -31.584 -2.266 0.0000000000
39466 -6.618 -30.841 -2.443 0.0000000000
39467 -6.272 -30.752 -2.517 0.0000000000
39468 -6.995 -30.905 -2.370 0.0000000000
39469 -6.473 -31.271 -2.336 0.0000000000
39470 -5.961 -31.538 -2.308 0.0000000000
39471 -5.830 -31.102 -2.473 0.0000000000
39472 -5.654 -31.485 -2.359 0.0000000000
39473 -5.404 -31.434 -2.404 0.0000000000
