#!ascii label , from subject sub-NMT2Sym vox2ras=TkReg; CHARM level-2 'V1' within cortex.label
4714
7 5.240 -29.749 -2.808 0.0000000000
35 2.937 -29.379 9.346 0.0000000000
36 11.002 -34.331 -2.835 0.0000000000
37 15.622 -29.096 1.418 0.0000000000
128 2.508 -31.685 1.019 0.0000000000
132 7.130 -32.675 4.093 0.0000000000
133 6.773 -28.298 0.238 0.0000000000
134 11.888 -30.323 5.563 0.0000000000
135 6.183 -34.391 2.542 0.0000000000
136 6.693 -35.249 -4.429 0.0000000000
137 4.620 -32.175 -6.634 0.0000000000
138 9.724 -29.362 -2.700 0.0000000000
139 14.324 -32.140 -8.643 0.0000000000
141 16.417 -29.119 1.058 0.0000000000
142 20.626 -26.560 -3.920 0.0000000000
155 11.326 -13.048 -1.855 0.0000000000
157 9.584 -21.014 0.886 0.0000000000
158 16.218 -19.747 -3.528 0.0000000000
494 2.132 -29.220 4.766 0.0000000000
506 5.181 -29.046 10.998 0.0000000000
510 4.398 -30.580 0.249 0.0000000000
511 3.671 -27.055 -1.443 0.0000000000
512 4.620 -31.683 6.789 0.0000000000
513 4.772 -28.847 4.012 0.0000000000
514 7.841 -28.402 3.151 0.0000000000
515 11.243 -31.871 2.505 0.0000000000
516 11.052 -27.603 2.256 0.0000000000
517 7.629 -31.024 7.296 0.0000000000
518 5.250 -32.329 6.536 0.0000000000
519 12.185 -27.569 9.888 0.0000000000
520 10.035 -29.844 8.663 0.0000000000
521 9.379 -32.783 3.828 0.0000000000
522 11.393 -33.016 1.173 0.0000000000
523 7.982 -35.174 -0.465 0.0000000000
524 7.511 -34.609 -0.302 0.0000000000
525 12.043 -32.752 -1.505 0.0000000000
526 4.458 -34.255 2.633 0.0000000000
527 4.977 -35.658 -1.240 0.0000000000
528 7.293 -35.830 -4.046 0.0000000000
529 8.653 -31.953 -5.635 0.0000000000
530 14.882 -28.693 -3.201 0.0000000000
531 8.965 -33.740 -6.555 0.0000000000
532 5.706 -34.070 -7.044 0.0000000000
533 4.568 -32.443 -3.203 0.0000000000
535 7.505 -30.782 -2.223 0.0000000000
538 12.706 -32.314 -5.797 0.0000000000
539 9.929 -32.674 -9.442 0.0000000000
541 16.366 -30.166 -9.682 0.0000000000
543 14.230 -30.230 3.339 0.0000000000
544 13.891 -32.073 -1.031 0.0000000000
545 14.402 -27.811 7.790 0.0000000000
546 16.860 -27.228 5.516 0.0000000000
547 19.141 -25.614 3.571 0.0000000000
548 18.142 -29.933 -6.484 0.0000000000
549 20.128 -27.694 -7.806 0.0000000000
550 15.538 -30.340 -4.358 0.0000000000
551 17.714 -27.269 -1.952 0.0000000000
552 20.679 -23.859 0.913 0.0000000000
553 22.646 -24.379 -5.902 0.0000000000
555 22.486 -22.820 -1.820 0.0000000000
556 24.416 -21.001 -3.956 0.0000000000
601 8.545 -27.027 -3.361 0.0000000000
613 5.770 -24.072 -2.128 0.0000000000
614 8.350 -25.005 0.590 0.0000000000
615 13.090 -24.700 1.907 0.0000000000
616 14.981 -15.502 -1.433 0.0000000000
618 11.018 -16.883 1.374 0.0000000000
619 14.810 -20.307 1.361 0.0000000000
620 17.824 -24.238 -0.611 0.0000000000
621 12.640 -20.452 -1.125 0.0000000000
622 12.763 -24.396 -3.254 0.0000000000
623 11.704 -25.675 -1.771 0.0000000000
1517 20.216 -23.248 6.104 0.0000000000
1520 17.953 -24.835 7.913 0.0000000000
1938 2.138 -30.747 2.832 0.0000000000
1943 2.159 -29.028 7.302 0.0000000000
1967 2.280 -28.235 9.640 0.0000000000
1988 3.436 -28.119 11.244 0.0000000000
1989 4.134 -29.488 10.350 0.0000000000
1992 4.731 -27.654 12.111 0.0000000000
1994 6.384 -28.467 11.486 0.0000000000
2012 3.336 -31.382 0.459 0.0000000000
2013 2.729 -29.897 -0.704 0.0000000000
2014 3.632 -28.746 -0.722 0.0000000000
2015 5.684 -29.557 0.240 0.0000000000
2016 4.826 -27.515 -0.691 0.0000000000
2017 3.030 -29.135 4.245 0.0000000000
2018 3.363 -30.790 2.213 0.0000000000
2019 4.416 -30.515 8.564 0.0000000000
2020 3.737 -28.871 7.378 0.0000000000
2021 5.671 -29.512 7.077 0.0000000000
2022 5.405 -32.333 5.244 0.0000000000
2023 7.188 -30.605 6.165 0.0000000000
2024 6.430 -30.126 1.616 0.0000000000
2025 7.679 -29.573 1.302 0.0000000000
2026 5.037 -30.523 1.889 0.0000000000
2027 6.389 -28.688 3.699 0.0000000000
2028 8.910 -30.882 5.284 0.0000000000
2029 9.373 -28.013 2.527 0.0000000000
2030 8.774 -28.466 1.160 0.0000000000
2031 9.174 -32.512 3.120 0.0000000000
2032 10.668 -30.378 4.693 0.0000000000
2033 12.297 -29.249 4.125 0.0000000000
2034 13.463 -30.779 1.908 0.0000000000
2035 13.834 -27.946 3.132 0.0000000000
2036 5.630 -30.687 8.828 0.0000000000
2037 4.744 -31.023 8.575 0.0000000000
2038 7.785 -29.643 10.079 0.0000000000
2039 6.683 -30.203 9.443 0.0000000000
2040 6.493 -31.853 6.726 0.0000000000
2041 7.188 -32.976 4.783 0.0000000000
2042 5.676 -33.540 4.459 0.0000000000
2043 10.030 -28.134 10.616 0.0000000000
2044 8.939 -29.079 10.311 0.0000000000
2047 11.104 -28.743 9.382 0.0000000000
2048 12.091 -29.131 7.963 0.0000000000
2049 10.961 -30.131 7.154 0.0000000000
2050 8.486 -32.076 5.388 0.0000000000
2051 7.840 -33.722 3.025 0.0000000000
2052 8.818 -30.474 7.965 0.0000000000
2053 9.715 -30.980 6.108 0.0000000000
2054 10.721 -31.655 4.598 0.0000000000
2055 8.678 -34.087 1.557 0.0000000000
2056 6.869 -34.974 0.853 0.0000000000
2057 11.796 -31.855 3.365 0.0000000000
2058 10.317 -33.021 2.418 0.0000000000
2059 9.774 -34.209 0.266 0.0000000000
2060 11.152 -33.923 -0.915 0.0000000000
2061 9.489 -34.931 -1.614 0.0000000000
2062 11.717 -32.349 0.592 0.0000000000
2063 13.984 -31.006 -0.096 0.0000000000
2064 7.330 -33.766 1.877 0.0000000000
2065 9.418 -33.385 1.005 0.0000000000
2066 9.929 -33.910 -1.017 0.0000000000
2067 7.458 -35.105 -2.374 0.0000000000
2068 9.540 -34.361 -3.293 0.0000000000
2069 4.258 -33.246 4.714 0.0000000000
2070 5.236 -33.693 3.172 0.0000000000
2071 4.436 -32.332 6.653 0.0000000000
2072 4.527 -33.559 4.691 0.0000000000
2073 4.830 -34.506 2.534 0.0000000000
2074 5.434 -35.254 -1.164 0.0000000000
2075 5.509 -35.700 -3.112 0.0000000000
2076 5.499 -34.509 0.981 0.0000000000
2077 4.653 -34.977 0.464 0.0000000000
2078 5.195 -35.258 0.537 0.0000000000
2079 5.837 -36.096 -2.849 0.0000000000
2080 5.899 -35.881 -4.514 0.0000000000
2081 6.082 -35.766 -1.051 0.0000000000
2082 7.583 -35.742 -2.271 0.0000000000
2083 9.260 -35.184 -3.395 0.0000000000
2084 13.859 -31.054 -2.313 0.0000000000
2085 15.803 -29.035 -0.937 0.0000000000
2086 8.101 -34.023 -5.568 0.0000000000
2087 11.330 -32.952 -3.922 0.0000000000
2088 12.188 -30.850 -4.544 0.0000000000
2089 8.850 -30.670 -3.925 0.0000000000
2090 11.729 -28.730 -3.945 0.0000000000
2091 6.906 -35.400 -5.734 0.0000000000
2092 6.164 -34.905 -6.094 0.0000000000
2093 10.338 -34.292 -4.719 0.0000000000
2094 8.573 -35.000 -5.230 0.0000000000
2095 7.149 -34.173 -6.975 0.0000000000
2096 6.892 -32.929 -7.624 0.0000000000
2097 5.003 -33.081 -7.068 0.0000000000
2098 6.107 -32.058 -4.139 0.0000000000
2099 7.233 -31.230 -2.687 0.0000000000
2100 5.906 -32.607 -6.392 0.0000000000
2101 4.270 -32.549 -5.130 0.0000000000
2102 3.491 -32.592 -4.931 0.0000000000
2103 5.797 -31.839 -2.277 0.0000000000
2104 9.025 -29.978 -2.165 0.0000000000
2105 3.229 -32.008 -4.971 0.0000000000
2106 3.359 -32.587 -3.227 0.0000000000
2107 4.869 -31.871 -2.254 0.0000000000
2108 4.285 -31.459 -2.534 0.0000000000
2109 6.205 -30.325 -2.574 0.0000000000
2112 5.108 -31.464 -7.040 0.0000000000
2117 9.400 -32.810 -8.019 0.0000000000
2118 7.732 -32.419 -8.487 0.0000000000
2119 12.028 -33.381 -4.141 0.0000000000
2120 10.903 -33.007 -6.184 0.0000000000
2121 11.572 -32.938 -7.969 0.0000000000
2122 13.607 -32.564 -7.453 0.0000000000
2123 12.144 -32.637 -9.209 0.0000000000
2126 8.038 -32.129 -9.626 0.0000000000
2127 10.743 -32.131 -10.195 0.0000000000
2128 12.974 -31.863 -9.972 0.0000000000
2131 15.239 -31.194 -9.385 0.0000000000
2136 12.649 -32.689 0.069 0.0000000000
2137 12.531 -33.301 -2.069 0.0000000000
2138 13.023 -30.391 4.396 0.0000000000
2139 12.918 -31.727 2.254 0.0000000000
2140 14.097 -31.300 1.202 0.0000000000
2141 15.429 -29.788 2.234 0.0000000000
2142 15.224 -30.693 0.014 0.0000000000
2143 13.228 -27.743 8.895 0.0000000000
2144 13.132 -29.125 6.752 0.0000000000
2145 13.305 -26.489 10.429 0.0000000000
2146 14.456 -26.517 9.589 0.0000000000
2147 15.662 -26.488 8.599 0.0000000000
2148 15.356 -28.554 4.327 0.0000000000
2149 16.531 -27.964 3.269 0.0000000000
2150 14.206 -28.919 5.517 0.0000000000
2151 15.633 -27.663 6.637 0.0000000000
2152 16.907 -26.172 7.610 0.0000000000
2153 18.107 -26.467 4.560 0.0000000000
2154 17.485 -27.161 2.262 0.0000000000
2155 18.128 -25.567 6.600 0.0000000000
2156 19.290 -24.626 5.754 0.0000000000
2157 20.387 -23.874 4.578 0.0000000000
2158 18.460 -29.080 -8.777 0.0000000000
2160 16.384 -31.171 -7.710 0.0000000000
2161 17.358 -30.197 -8.505 0.0000000000
2162 19.151 -28.943 -7.327 0.0000000000
2163 19.519 -28.339 -5.177 0.0000000000
2164 20.576 -27.331 -6.100 0.0000000000
2165 14.219 -31.455 -5.215 0.0000000000
2166 15.432 -31.700 -6.676 0.0000000000
2167 13.495 -32.340 -3.339 0.0000000000
2168 14.776 -31.170 -2.450 0.0000000000
2169 15.969 -29.805 -1.384 0.0000000000
2170 18.320 -28.891 -4.283 0.0000000000
2171 19.320 -27.056 -3.060 0.0000000000
2172 17.027 -30.485 -5.573 0.0000000000
2173 16.697 -28.921 -3.207 0.0000000000
2174 17.125 -28.235 -0.191 0.0000000000
2175 18.656 -25.146 -0.427 0.0000000000
2176 20.104 -24.968 -1.877 0.0000000000
2177 18.138 -26.221 1.107 0.0000000000
2178 19.985 -24.782 2.337 0.0000000000
2179 21.449 -23.255 3.210 0.0000000000
2182 21.697 -25.590 -4.972 0.0000000000
2183 21.477 -26.069 -6.790 0.0000000000
2184 22.170 -24.778 -6.816 0.0000000000
2185 23.327 -23.074 -6.035 0.0000000000
2187 21.445 -23.099 -0.589 0.0000000000
2188 21.583 -24.764 -2.845 0.0000000000
2189 22.429 -22.510 1.996 0.0000000000
2190 23.278 -21.891 0.788 0.0000000000
2191 23.966 -21.364 -0.574 0.0000000000
2192 23.628 -22.761 -4.915 0.0000000000
2193 24.368 -21.312 -5.177 0.0000000000
2194 22.695 -23.919 -3.988 0.0000000000
2195 23.489 -22.072 -2.893 0.0000000000
2196 24.551 -20.519 -2.061 0.0000000000
2199 25.249 -19.182 -3.449 0.0000000000
2240 5.301 -28.817 -3.375 0.0000000000
2385 6.550 -28.627 -3.164 0.0000000000
2400 9.263 -13.392 -0.620 0.0000000000
2408 12.743 -12.776 -4.143 0.0000000000
2419 8.015 -20.986 -0.845 0.0000000000
2420 8.352 -19.298 -0.588 0.0000000000
2426 4.845 -25.755 -1.534 0.0000000000
2427 5.772 -25.920 -0.778 0.0000000000
2428 7.373 -22.793 -0.700 0.0000000000
2429 9.001 -22.980 0.757 0.0000000000
2430 6.607 -22.589 -2.144 0.0000000000
2431 6.459 -24.350 -0.840 0.0000000000
2432 7.651 -26.777 0.333 0.0000000000
2433 10.414 -24.967 2.020 0.0000000000
2434 11.185 -22.811 2.167 0.0000000000
2435 9.666 -26.910 1.513 0.0000000000
2436 12.297 -26.534 2.016 0.0000000000
2437 14.808 -26.256 2.013 0.0000000000
2440 13.237 -13.839 -1.086 0.0000000000
2441 14.251 -14.066 -4.161 0.0000000000
2442 14.617 -15.778 -4.360 0.0000000000
2443 16.247 -17.291 -2.485 0.0000000000
2444 13.685 -17.984 -3.813 0.0000000000
2445 9.056 -15.360 0.449 0.0000000000
2446 11.337 -14.429 0.574 0.0000000000
2448 8.670 -17.678 0.188 0.0000000000
2449 10.277 -19.115 1.290 0.0000000000
2450 15.111 -17.717 0.128 0.0000000000
2451 16.406 -19.698 -0.538 0.0000000000
2452 13.294 -16.036 0.457 0.0000000000
2453 13.085 -18.364 1.694 0.0000000000
2454 12.439 -20.810 2.212 0.0000000000
2455 16.054 -22.236 0.578 0.0000000000
2456 17.062 -21.936 -1.956 0.0000000000
2457 13.696 -22.459 1.861 0.0000000000
2458 15.423 -24.401 1.234 0.0000000000
2459 17.194 -26.759 0.708 0.0000000000
2461 13.023 -20.126 -2.930 0.0000000000
2465 16.145 -24.278 -3.008 0.0000000000
2466 14.725 -22.226 -3.868 0.0000000000
2467 16.518 -26.547 -2.032 0.0000000000
2468 14.306 -26.456 -3.797 0.0000000000
2469 11.424 -26.903 -2.851 0.0000000000
2470 12.353 -22.708 -1.075 0.0000000000
2472 12.702 -22.315 -2.121 0.0000000000
2473 12.131 -24.901 -1.865 0.0000000000
2474 10.875 -27.850 -2.110 0.0000000000
2475 10.598 -26.533 -2.663 0.0000000000
2476 9.642 -28.931 -2.222 0.0000000000
2477 8.273 -28.868 -2.790 0.0000000000
6012 19.632 -23.643 6.616 0.0000000000
6024 17.395 -25.105 8.350 0.0000000000
7635 2.456 -31.484 0.119 0.0000000000
7663 2.180 -31.554 1.412 0.0000000000
7685 2.286 -31.354 1.939 0.0000000000
7690 2.049 -29.904 3.663 0.0000000000
7704 2.139 -29.025 6.023 0.0000000000
7707 1.742 -28.770 7.240 0.0000000000
7708 2.008 -28.703 8.461 0.0000000000
7709 2.441 -29.122 8.447 0.0000000000
7802 1.794 -28.264 8.539 0.0000000000
7803 2.550 -28.779 9.520 0.0000000000
7806 1.690 -27.962 8.681 0.0000000000
7894 3.174 -28.814 10.306 0.0000000000
7895 3.556 -29.489 9.953 0.0000000000
7896 2.705 -27.776 10.696 0.0000000000
7897 2.873 -28.209 10.554 0.0000000000
7898 3.732 -28.728 10.918 0.0000000000
7899 4.324 -28.508 11.319 0.0000000000
7900 4.646 -29.285 10.691 0.0000000000
7908 4.060 -27.905 11.749 0.0000000000
7909 4.912 -28.263 11.641 0.0000000000
7913 5.585 -28.034 11.891 0.0000000000
7914 5.770 -28.788 11.279 0.0000000000
7917 6.270 -27.694 12.126 0.0000000000
7919 7.011 -28.142 11.691 0.0000000000
7993 2.450 -30.302 -0.637 0.0000000000
7995 2.913 -31.608 0.683 0.0000000000
7996 2.714 -31.240 -0.061 0.0000000000
7997 2.940 -30.834 -0.190 0.0000000000
7998 3.817 -31.007 0.312 0.0000000000
7999 3.410 -30.303 -0.242 0.0000000000
8000 3.025 -28.349 -1.138 0.0000000000
8001 3.524 -27.826 -1.137 0.0000000000
8002 2.672 -28.778 -1.077 0.0000000000
8003 3.136 -29.333 -0.726 0.0000000000
8004 4.014 -29.751 -0.271 0.0000000000
8005 4.194 -28.173 -0.715 0.0000000000
8006 4.090 -27.223 -1.071 0.0000000000
8007 5.045 -30.085 0.229 0.0000000000
8008 4.629 -29.185 -0.250 0.0000000000
8009 5.219 -28.601 -0.238 0.0000000000
8010 6.243 -28.959 0.249 0.0000000000
8011 5.783 -27.941 -0.237 0.0000000000
8012 2.634 -30.854 2.505 0.0000000000
8013 2.813 -31.394 1.564 0.0000000000
8014 2.484 -29.195 4.516 0.0000000000
8015 2.475 -30.013 3.399 0.0000000000
8016 3.149 -30.024 3.156 0.0000000000
8017 3.860 -28.981 4.097 0.0000000000
8018 4.011 -29.934 2.990 0.0000000000
8019 2.888 -28.932 7.321 0.0000000000
8020 2.600 -28.904 5.904 0.0000000000
8021 3.624 -29.893 9.136 0.0000000000
8022 3.304 -29.359 8.462 0.0000000000
8023 4.352 -29.635 8.392 0.0000000000
8024 4.605 -31.215 7.645 0.0000000000
8025 5.006 -30.332 7.912 0.0000000000
8026 4.075 -28.399 5.800 0.0000000000
8027 5.142 -28.200 5.816 0.0000000000
8028 3.199 -28.683 5.798 0.0000000000
8029 4.729 -28.906 7.423 0.0000000000
8030 5.316 -30.936 7.093 0.0000000000
8031 6.418 -30.189 6.576 0.0000000000
8032 6.162 -28.264 5.880 0.0000000000
8033 4.836 -32.076 5.947 0.0000000000
8034 5.692 -31.403 6.270 0.0000000000
8035 6.339 -31.703 5.643 0.0000000000
8036 6.191 -32.552 4.632 0.0000000000
8037 7.150 -31.885 5.118 0.0000000000
8038 6.669 -29.727 0.761 0.0000000000
8039 7.210 -29.133 0.747 0.0000000000
8040 5.530 -30.590 0.860 0.0000000000
8041 6.080 -30.217 0.771 0.0000000000
8042 7.073 -29.900 1.469 0.0000000000
8043 7.081 -29.394 2.337 0.0000000000
8044 7.779 -29.131 2.094 0.0000000000
8045 4.283 -31.091 1.129 0.0000000000
8046 4.924 -30.861 0.975 0.0000000000
8047 3.503 -31.293 1.279 0.0000000000
8048 4.209 -30.686 2.010 0.0000000000
8049 4.878 -29.856 2.867 0.0000000000
8050 6.412 -29.588 2.572 0.0000000000
8051 7.135 -28.577 3.463 0.0000000000
8052 5.779 -30.334 1.759 0.0000000000
8053 5.685 -29.743 2.739 0.0000000000
8054 5.609 -28.786 3.864 0.0000000000
8055 8.034 -28.656 5.396 0.0000000000
8056 8.774 -28.679 4.934 0.0000000000
8057 7.237 -28.509 5.685 0.0000000000
8058 8.048 -30.849 5.714 0.0000000000
8059 8.068 -31.973 4.647 0.0000000000
8060 8.233 -29.081 1.194 0.0000000000
8061 7.725 -28.476 0.765 0.0000000000
8062 8.597 -28.209 2.791 0.0000000000
8063 8.533 -28.884 1.890 0.0000000000
8064 9.267 -28.631 1.720 0.0000000000
8065 10.216 -27.801 2.401 0.0000000000
8066 9.890 -28.187 1.574 0.0000000000
8067 9.808 -30.686 4.951 0.0000000000
8068 9.443 -28.570 4.470 0.0000000000
8069 8.151 -32.665 3.576 0.0000000000
8070 9.044 -31.913 4.239 0.0000000000
8071 10.019 -31.697 3.866 0.0000000000
8072 10.181 -32.250 2.756 0.0000000000
8073 11.010 -31.405 3.557 0.0000000000
8074 10.735 -27.871 3.469 0.0000000000
8075 11.531 -27.724 3.185 0.0000000000
8076 10.112 -28.181 3.912 0.0000000000
8077 11.518 -29.881 4.471 0.0000000000
8078 12.046 -30.972 3.314 0.0000000000
8079 13.106 -28.648 3.677 0.0000000000
8080 12.368 -27.493 2.862 0.0000000000
8081 12.355 -31.382 2.205 0.0000000000
8082 13.106 -30.440 3.094 0.0000000000
8083 14.144 -29.690 2.893 0.0000000000
8084 14.571 -30.055 1.648 0.0000000000
8085 15.113 -28.671 2.686 0.0000000000
8086 4.503 -30.229 9.553 0.0000000000
8087 4.040 -30.173 9.425 0.0000000000
8088 5.475 -29.901 10.060 0.0000000000
8089 4.971 -30.099 9.774 0.0000000000
8090 5.143 -30.919 8.649 0.0000000000
8091 5.568 -31.534 7.618 0.0000000000
8092 5.054 -31.724 7.569 0.0000000000
8093 6.558 -29.369 10.620 0.0000000000
8094 5.998 -29.643 10.350 0.0000000000
8095 7.707 -28.702 11.062 0.0000000000
8096 7.124 -29.024 10.863 0.0000000000
8097 7.232 -29.945 9.797 0.0000000000
8098 7.761 -30.362 8.746 0.0000000000
8099 7.192 -30.619 8.385 0.0000000000
8100 6.122 -31.272 7.760 0.0000000000
8101 5.865 -32.158 6.574 0.0000000000
8102 6.148 -30.443 9.111 0.0000000000
8103 6.652 -30.941 8.024 0.0000000000
8104 7.069 -31.440 6.981 0.0000000000
8105 6.158 -32.772 5.547 0.0000000000
8106 5.443 -32.966 5.476 0.0000000000
8107 7.464 -32.011 5.998 0.0000000000
8108 6.841 -32.438 5.730 0.0000000000
8109 6.455 -33.309 4.559 0.0000000000
8110 6.745 -33.765 3.631 0.0000000000
8111 5.934 -34.002 3.487 0.0000000000
8112 8.897 -28.154 11.159 0.0000000000
8113 8.316 -28.455 11.124 0.0000000000
8114 10.024 -27.262 11.369 0.0000000000
8115 9.469 -27.751 11.252 0.0000000000
8116 9.494 -28.660 10.453 0.0000000000
8117 10.041 -29.098 9.716 0.0000000000
8118 9.511 -29.573 9.492 0.0000000000
8124 12.220 -26.873 10.585 0.0000000000
8125 11.648 -27.329 10.412 0.0000000000
8126 10.560 -28.445 10.033 0.0000000000
8127 10.582 -29.328 9.068 0.0000000000
8128 10.565 -27.548 10.832 0.0000000000
8129 11.109 -27.870 10.227 0.0000000000
8130 11.638 -28.160 9.618 0.0000000000
8131 11.070 -29.505 8.376 0.0000000000
8132 10.521 -30.011 7.917 0.0000000000
8133 12.140 -28.376 9.004 0.0000000000
8134 11.609 -28.984 8.670 0.0000000000
8135 11.536 -29.689 7.559 0.0000000000
8136 12.012 -29.751 6.815 0.0000000000
8137 11.389 -30.233 6.289 0.0000000000
8138 7.509 -33.408 3.870 0.0000000000
8139 7.029 -34.112 2.733 0.0000000000
8140 8.046 -31.525 6.299 0.0000000000
8141 7.860 -32.581 5.083 0.0000000000
8142 8.239 -32.999 4.217 0.0000000000
8143 8.936 -32.510 4.589 0.0000000000
8144 8.624 -33.269 3.421 0.0000000000
8145 8.345 -30.120 9.074 0.0000000000
8146 8.214 -30.696 7.676 0.0000000000
8147 8.357 -29.363 10.228 0.0000000000
8148 8.935 -29.903 9.250 0.0000000000
8149 9.437 -30.203 8.317 0.0000000000
8150 9.105 -31.515 5.718 0.0000000000
8151 9.587 -31.952 4.931 0.0000000000
8152 8.633 -31.081 6.595 0.0000000000
8153 9.263 -30.707 6.989 0.0000000000
8154 9.908 -30.391 7.453 0.0000000000
8155 10.200 -31.360 5.301 0.0000000000
8156 10.083 -32.257 4.204 0.0000000000
8157 10.341 -30.543 6.594 0.0000000000
8158 10.786 -30.748 5.782 0.0000000000
8159 11.301 -30.982 5.043 0.0000000000
8160 7.358 -34.377 1.888 0.0000000000
8161 6.473 -34.705 1.646 0.0000000000
8162 9.040 -33.436 2.678 0.0000000000
8163 8.226 -33.941 2.256 0.0000000000
8164 7.805 -34.586 1.166 0.0000000000
8165 8.312 -34.709 0.512 0.0000000000
8166 7.375 -35.140 0.160 0.0000000000
8167 10.581 -32.412 3.526 0.0000000000
8168 9.827 -32.923 3.097 0.0000000000
8169 11.872 -31.131 4.434 0.0000000000
8170 11.256 -31.809 3.962 0.0000000000
8171 11.094 -32.485 2.887 0.0000000000
8172 11.618 -32.471 2.279 0.0000000000
8173 10.837 -33.061 1.777 0.0000000000
8174 9.195 -34.197 0.902 0.0000000000
8175 8.889 -34.707 -0.121 0.0000000000
8176 9.507 -33.541 1.977 0.0000000000
8177 10.033 -33.640 1.320 0.0000000000
8178 10.608 -33.644 0.696 0.0000000000
8179 9.590 -34.662 -0.704 0.0000000000
8180 8.701 -35.105 -1.042 0.0000000000
8181 11.240 -33.539 0.103 0.0000000000
8182 10.435 -34.122 -0.332 0.0000000000
8183 10.348 -34.460 -1.285 0.0000000000
8184 11.101 -34.171 -1.886 0.0000000000
8185 10.290 -34.681 -2.204 0.0000000000
8186 13.761 -30.910 0.906 0.0000000000
8187 14.847 -30.116 0.562 0.0000000000
8188 11.461 -32.136 1.528 0.0000000000
8189 12.613 -31.579 1.231 0.0000000000
8190 12.862 -31.743 0.276 0.0000000000
8191 11.942 -32.549 -0.409 0.0000000000
8192 13.029 -31.886 -0.758 0.0000000000
8193 9.273 -32.980 2.019 0.0000000000
8194 10.348 -32.629 1.726 0.0000000000
8195 7.234 -33.285 3.011 0.0000000000
8196 8.263 -33.187 2.464 0.0000000000
8197 8.330 -33.656 1.349 0.0000000000
8198 7.438 -34.215 0.759 0.0000000000
8199 8.547 -34.064 0.291 0.0000000000
8200 10.853 -33.114 -0.169 0.0000000000
8201 11.001 -33.359 -1.253 0.0000000000
8202 10.574 -32.906 0.795 0.0000000000
8203 9.714 -33.643 0.023 0.0000000000
8204 8.728 -34.337 -0.715 0.0000000000
8205 9.903 -34.168 -2.135 0.0000000000
8206 10.930 -33.584 -2.403 0.0000000000
8207 7.545 -34.884 -1.334 0.0000000000
8208 8.798 -34.592 -1.755 0.0000000000
8209 8.544 -34.805 -2.862 0.0000000000
8210 7.076 -35.264 -3.428 0.0000000000
8211 8.011 -34.888 -3.971 0.0000000000
8212 5.254 -33.077 4.239 0.0000000000
8213 6.179 -33.231 3.583 0.0000000000
8214 4.321 -32.549 5.691 0.0000000000
8215 4.619 -32.854 4.933 0.0000000000
8216 4.560 -33.512 3.908 0.0000000000
8217 4.324 -33.795 3.737 0.0000000000
8218 4.627 -34.061 2.772 0.0000000000
8219 4.457 -31.633 7.604 0.0000000000
8220 4.321 -32.137 6.638 0.0000000000
8221 4.466 -30.885 8.591 0.0000000000
8222 4.683 -31.769 7.582 0.0000000000
8223 4.775 -32.371 6.618 0.0000000000
8224 4.244 -33.400 4.840 0.0000000000
8225 4.395 -33.965 3.828 0.0000000000
8226 4.221 -32.777 5.744 0.0000000000
8227 4.453 -32.935 5.749 0.0000000000
8228 4.847 -33.028 5.564 0.0000000000
8229 4.673 -34.094 3.592 0.0000000000
8230 4.496 -34.377 2.651 0.0000000000
8231 4.989 -33.638 4.501 0.0000000000
8232 5.182 -34.125 3.464 0.0000000000
8233 5.407 -34.531 2.464 0.0000000000
8234 6.212 -35.435 -2.835 0.0000000000
8235 6.033 -35.520 -3.809 0.0000000000
8236 6.371 -34.985 -0.807 0.0000000000
8237 6.331 -35.268 -1.819 0.0000000000
8238 5.468 -35.500 -2.172 0.0000000000
8239 5.014 -35.465 -1.325 0.0000000000
8240 5.145 -35.754 -2.214 0.0000000000
8241 6.369 -34.184 1.398 0.0000000000
8242 6.463 -34.616 0.298 0.0000000000
8243 6.272 -33.780 2.490 0.0000000000
8244 5.339 -34.136 2.074 0.0000000000
8245 4.766 -34.466 1.666 0.0000000000
8246 4.912 -35.148 -0.386 0.0000000000
8247 4.777 -35.370 -0.387 0.0000000000
8248 5.529 -34.901 -0.110 0.0000000000
8249 4.902 -34.754 0.595 0.0000000000
8250 4.572 -34.689 1.397 0.0000000000
8251 4.707 -35.163 0.518 0.0000000000
8252 4.973 -35.526 -0.343 0.0000000000
8253 4.637 -34.763 1.533 0.0000000000
8254 4.994 -34.914 1.481 0.0000000000
8255 5.634 -34.888 1.503 0.0000000000
8256 5.639 -35.826 -3.886 0.0000000000
8257 5.944 -35.498 -4.667 0.0000000000
8258 5.353 -35.980 -2.057 0.0000000000
8259 5.448 -35.992 -3.003 0.0000000000
8260 5.859 -36.062 -3.708 0.0000000000
8261 6.547 -36.036 -3.475 0.0000000000
8262 6.429 -35.970 -4.310 0.0000000000
8263 5.549 -35.563 -0.289 0.0000000000
8264 5.362 -35.816 -1.178 0.0000000000
8265 5.944 -35.181 0.630 0.0000000000
8266 6.412 -35.442 -0.122 0.0000000000
8267 7.017 -35.558 -0.786 0.0000000000
8268 6.620 -35.990 -2.604 0.0000000000
8269 7.468 -35.836 -3.163 0.0000000000
8270 5.880 -36.002 -1.966 0.0000000000
8271 6.752 -35.832 -1.708 0.0000000000
8272 7.750 -35.525 -1.378 0.0000000000
8273 8.476 -35.525 -2.814 0.0000000000
8274 8.292 -35.548 -3.711 0.0000000000
8275 8.574 -35.385 -1.935 0.0000000000
8276 9.409 -35.124 -2.496 0.0000000000
8277 10.162 -34.782 -3.116 0.0000000000
8278 15.010 -30.123 -0.507 0.0000000000
8279 15.819 -29.173 0.221 0.0000000000
8280 13.019 -32.009 -1.884 0.0000000000
8281 14.060 -31.070 -1.192 0.0000000000
8282 14.903 -30.024 -1.633 0.0000000000
8283 14.512 -29.901 -2.751 0.0000000000
8284 15.481 -28.820 -2.089 0.0000000000
8285 10.522 -33.726 -3.587 0.0000000000
8286 11.859 -32.889 -2.685 0.0000000000
8287 7.432 -34.762 -5.004 0.0000000000
8288 8.958 -34.348 -4.407 0.0000000000
8289 9.774 -33.626 -4.825 0.0000000000
8290 8.381 -33.024 -5.928 0.0000000000
8291 10.294 -32.664 -5.215 0.0000000000
8292 13.340 -31.019 -3.462 0.0000000000
8293 13.675 -29.835 -3.864 0.0000000000
8294 12.683 -32.050 -3.035 0.0000000000
8295 11.956 -31.982 -4.311 0.0000000000
8296 10.481 -31.524 -5.199 0.0000000000
8297 12.039 -29.728 -4.404 0.0000000000
8298 13.540 -28.670 -4.051 0.0000000000
8299 8.788 -31.189 -4.778 0.0000000000
8300 10.379 -30.530 -4.667 0.0000000000
8301 10.276 -29.785 -3.977 0.0000000000
8302 9.198 -30.026 -3.244 0.0000000000
8303 10.396 -28.981 -3.287 0.0000000000
8304 6.008 -35.579 -5.311 0.0000000000
8305 6.389 -35.120 -5.320 0.0000000000
8306 7.098 -35.704 -4.890 0.0000000000
8307 6.379 -35.789 -5.107 0.0000000000
8308 6.332 -35.389 -5.925 0.0000000000
8309 6.572 -34.894 -6.520 0.0000000000
8310 6.052 -34.597 -6.682 0.0000000000
8311 8.973 -35.164 -4.316 0.0000000000
8312 8.018 -35.482 -4.616 0.0000000000
8313 10.745 -34.354 -3.777 0.0000000000
8314 9.889 -34.787 -4.043 0.0000000000
8315 9.460 -34.684 -4.975 0.0000000000
8316 9.747 -34.093 -5.653 0.0000000000
8317 8.858 -34.423 -5.913 0.0000000000
8318 7.230 -34.836 -6.372 0.0000000000
8319 6.420 -34.264 -7.064 0.0000000000
8320 7.694 -35.245 -5.501 0.0000000000
8321 8.001 -34.672 -6.164 0.0000000000
8322 8.011 -33.997 -6.782 0.0000000000
8323 6.067 -33.641 -7.378 0.0000000000
8324 5.272 -33.591 -7.151 0.0000000000
8325 7.977 -33.330 -7.297 0.0000000000
8326 6.921 -33.520 -7.396 0.0000000000
8327 5.814 -33.064 -7.426 0.0000000000
8328 5.602 -32.556 -7.368 0.0000000000
8329 4.782 -32.642 -6.872 0.0000000000
8330 7.881 -30.923 -3.240 0.0000000000
8331 8.548 -30.348 -2.632 0.0000000000
8332 7.205 -31.786 -4.879 0.0000000000
8333 7.527 -31.425 -4.008 0.0000000000
8334 6.602 -31.662 -3.376 0.0000000000
8335 5.260 -32.271 -3.613 0.0000000000
8336 5.841 -31.947 -2.875 0.0000000000
8337 6.991 -33.342 -6.500 0.0000000000
8338 6.891 -32.246 -6.043 0.0000000000
8339 6.887 -34.429 -5.993 0.0000000000
8340 6.272 -33.786 -6.719 0.0000000000
8341 5.399 -33.230 -6.702 0.0000000000
8342 4.929 -32.383 -4.537 0.0000000000
8343 4.240 -32.532 -4.107 0.0000000000
8344 5.842 -32.211 -5.188 0.0000000000
8345 4.923 -32.467 -5.662 0.0000000000
8346 4.629 -33.091 -6.445 0.0000000000
8347 3.795 -32.633 -4.917 0.0000000000
8348 3.760 -32.684 -3.866 0.0000000000
8349 4.285 -32.869 -6.226 0.0000000000
8350 4.139 -32.663 -6.149 0.0000000000
8351 3.933 -32.345 -5.929 0.0000000000
8352 8.124 -30.649 -2.325 0.0000000000
8353 9.376 -29.725 -2.316 0.0000000000
8354 5.129 -32.175 -2.580 0.0000000000
8355 6.614 -31.501 -2.355 0.0000000000
8356 7.529 -30.972 -2.231 0.0000000000
8357 6.761 -31.315 -2.186 0.0000000000
8358 8.219 -30.505 -2.177 0.0000000000
8359 3.319 -32.703 -3.932 0.0000000000
8360 3.937 -32.540 -3.099 0.0000000000
8361 3.827 -31.963 -5.798 0.0000000000
8362 3.294 -32.365 -4.888 0.0000000000
8363 2.960 -32.474 -4.055 0.0000000000
8366 5.169 -31.977 -2.255 0.0000000000
8367 6.267 -31.440 -2.226 0.0000000000
8368 4.398 -32.327 -2.591 0.0000000000
8369 3.912 -32.301 -2.646 0.0000000000
8370 3.736 -32.151 -2.679 0.0000000000
8371 5.748 -31.248 -2.348 0.0000000000
8372 6.857 -30.645 -2.400 0.0000000000
8373 3.445 -32.088 -2.931 0.0000000000
8374 4.610 -31.659 -2.341 0.0000000000
8375 5.244 -30.886 -2.522 0.0000000000
8376 4.907 -30.488 -2.661 0.0000000000
8377 5.628 -29.980 -2.703 0.0000000000
8378 4.146 -31.280 -2.725 0.0000000000
8379 4.727 -30.087 -2.784 0.0000000000
8387 4.762 -31.739 -6.726 0.0000000000
8390 5.613 -31.317 -7.325 0.0000000000
8404 7.242 -32.514 -7.898 0.0000000000
8405 5.851 -32.172 -7.415 0.0000000000
8406 9.099 -33.090 -7.209 0.0000000000
8407 8.199 -32.770 -7.776 0.0000000000
8408 8.594 -32.630 -8.538 0.0000000000
8409 9.654 -32.805 -8.839 0.0000000000
8410 8.788 -32.556 -9.267 0.0000000000
8411 10.644 -33.679 -5.402 0.0000000000
8412 9.943 -33.399 -6.355 0.0000000000
8413 11.575 -33.899 -3.480 0.0000000000
8414 11.199 -33.857 -4.447 0.0000000000
8415 11.535 -33.235 -5.164 0.0000000000
8416 12.382 -32.789 -4.891 0.0000000000
8417 11.822 -32.638 -6.024 0.0000000000
8418 10.507 -32.955 -8.082 0.0000000000
8419 10.756 -32.906 -8.820 0.0000000000
8420 10.201 -32.870 -7.186 0.0000000000
8421 11.239 -32.760 -7.119 0.0000000000
8422 12.226 -32.638 -6.954 0.0000000000
8423 11.846 -32.873 -8.656 0.0000000000
8424 11.044 -32.711 -9.377 0.0000000000
8425 13.169 -32.410 -6.708 0.0000000000
8426 12.610 -32.792 -7.734 0.0000000000
8427 12.917 -32.735 -8.405 0.0000000000
8428 13.961 -32.450 -8.089 0.0000000000
8429 13.231 -32.423 -8.951 0.0000000000
8437 6.774 -31.962 -8.108 0.0000000000
8439 6.491 -32.057 -7.664 0.0000000000
8440 7.766 -32.340 -9.079 0.0000000000
8441 9.077 -32.393 -9.753 0.0000000000
8442 9.916 -31.807 -10.324 0.0000000000
8443 11.143 -31.781 -10.508 0.0000000000
8445 9.532 -32.113 -10.084 0.0000000000
8446 10.293 -32.402 -9.854 0.0000000000
8447 11.847 -32.048 -10.131 0.0000000000
8448 12.350 -31.671 -10.391 0.0000000000
8449 11.399 -32.380 -9.801 0.0000000000
8450 12.510 -32.265 -9.641 0.0000000000
8451 13.621 -32.025 -9.415 0.0000000000
8459 13.544 -31.438 -10.195 0.0000000000
8461 14.745 -31.696 -9.068 0.0000000000
8462 14.130 -31.580 -9.719 0.0000000000
8463 14.691 -31.111 -9.929 0.0000000000
8464 15.799 -30.698 -9.586 0.0000000000
8465 15.245 -30.646 -10.053 0.0000000000
8473 16.879 -29.686 -9.670 0.0000000000
8478 11.883 -33.661 -1.491 0.0000000000
8479 11.793 -33.836 -2.497 0.0000000000
8480 12.001 -32.899 0.599 0.0000000000
8481 11.904 -33.320 -0.472 0.0000000000
8482 12.598 -33.059 -1.010 0.0000000000
8483 13.288 -32.410 -0.461 0.0000000000
8484 13.230 -32.726 -1.567 0.0000000000
8485 12.352 -31.833 2.793 0.0000000000
8486 12.165 -32.381 1.693 0.0000000000
8487 12.441 -30.379 4.949 0.0000000000
8488 12.447 -31.169 3.872 0.0000000000
8489 13.024 -31.132 3.329 0.0000000000
8490 13.619 -30.335 3.871 0.0000000000
8491 13.623 -31.025 2.820 0.0000000000
8492 13.375 -32.003 0.646 0.0000000000
8493 13.976 -31.713 0.095 0.0000000000
8494 12.759 -32.223 1.162 0.0000000000
8495 13.506 -31.544 1.741 0.0000000000
8496 14.200 -30.822 2.283 0.0000000000
8497 14.685 -31.023 0.628 0.0000000000
8498 14.555 -31.387 -0.496 0.0000000000
8499 14.836 -30.037 2.793 0.0000000000
8500 14.805 -30.596 1.725 0.0000000000
8501 15.358 -30.297 1.136 0.0000000000
8502 15.950 -29.470 1.647 0.0000000000
8503 15.843 -29.948 0.520 0.0000000000
8504 12.603 -29.173 7.329 0.0000000000
8505 12.501 -29.723 6.135 0.0000000000
8506 12.704 -27.699 9.387 0.0000000000
8507 12.647 -28.474 8.418 0.0000000000
8508 13.191 -28.494 7.880 0.0000000000
8509 13.801 -27.769 8.378 0.0000000000
8510 13.761 -28.468 7.331 0.0000000000
8511 12.738 -26.434 10.696 0.0000000000
8512 12.749 -26.998 10.180 0.0000000000
8516 13.845 -27.074 9.330 0.0000000000
8517 14.443 -27.113 8.799 0.0000000000
8518 13.297 -27.046 9.800 0.0000000000
8519 13.886 -26.522 10.058 0.0000000000
8520 14.441 -26.075 10.056 0.0000000000
8521 15.055 -26.520 9.109 0.0000000000
8522 15.051 -27.146 8.235 0.0000000000
8523 15.048 -26.047 9.683 0.0000000000
8524 15.642 -25.989 9.283 0.0000000000
8525 16.260 -25.871 8.866 0.0000000000
8526 15.972 -28.889 2.727 0.0000000000
8527 16.485 -28.543 2.185 0.0000000000
8528 14.773 -29.375 3.815 0.0000000000
8529 15.380 -29.163 3.265 0.0000000000
8530 15.963 -28.297 3.787 0.0000000000
8531 16.111 -27.906 4.931 0.0000000000
8532 16.706 -27.584 4.393 0.0000000000
8533 13.570 -29.582 4.955 0.0000000000
8534 14.159 -29.500 4.377 0.0000000000
8535 13.019 -29.660 5.530 0.0000000000
8536 13.660 -29.028 6.160 0.0000000000
8537 14.326 -28.423 6.687 0.0000000000
8538 15.521 -28.148 5.499 0.0000000000
8539 16.245 -27.480 6.079 0.0000000000
8540 14.784 -28.768 4.915 0.0000000000
8541 14.925 -28.324 6.083 0.0000000000
8542 15.002 -27.777 7.183 0.0000000000
8543 16.304 -26.935 7.179 0.0000000000
8544 16.908 -26.732 6.606 0.0000000000
8545 15.681 -27.088 7.704 0.0000000000
8546 16.287 -26.354 8.125 0.0000000000
8547 16.880 -25.697 8.395 0.0000000000
8548 17.061 -27.596 2.767 0.0000000000
8549 16.948 -28.174 1.637 0.0000000000
8550 17.482 -26.885 4.999 0.0000000000
8551 17.281 -27.188 3.897 0.0000000000
8552 17.822 -26.770 3.435 0.0000000000
8553 18.648 -26.023 4.098 0.0000000000
8554 18.269 -26.334 2.931 0.0000000000
8555 17.507 -25.924 7.064 0.0000000000
8556 17.531 -26.449 6.065 0.0000000000
8557 17.440 -25.459 7.878 0.0000000000
8558 18.025 -25.131 7.401 0.0000000000
8559 18.598 -24.720 7.014 0.0000000000
8560 18.771 -25.573 5.205 0.0000000000
8561 19.319 -25.148 4.718 0.0000000000
8562 18.170 -26.043 5.620 0.0000000000
8563 18.719 -25.081 6.198 0.0000000000
8564 19.164 -24.264 6.576 0.0000000000
8565 19.843 -24.246 5.207 0.0000000000
8566 19.837 -24.764 4.142 0.0000000000
8567 19.748 -23.851 6.078 0.0000000000
8568 20.334 -23.514 5.494 0.0000000000
8572 17.456 -29.648 -9.254 0.0000000000
8573 17.951 -29.145 -9.253 0.0000000000
8574 18.874 -28.574 -8.823 0.0000000000
8575 19.319 -28.435 -8.296 0.0000000000
8576 19.804 -27.888 -8.338 0.0000000000
8577 16.317 -30.720 -8.982 0.0000000000
8578 16.854 -30.167 -9.198 0.0000000000
8579 15.378 -31.703 -8.221 0.0000000000
8580 15.828 -31.242 -8.635 0.0000000000
8581 16.850 -30.712 -8.184 0.0000000000
8582 17.301 -30.577 -7.164 0.0000000000
8583 17.809 -30.146 -7.564 0.0000000000
8584 18.836 -29.030 -8.166 0.0000000000
8585 19.643 -28.317 -7.607 0.0000000000
8586 17.909 -29.650 -8.698 0.0000000000
8587 18.317 -29.626 -7.919 0.0000000000
8588 18.647 -29.487 -6.934 0.0000000000
8589 19.906 -28.171 -6.702 0.0000000000
8590 20.365 -27.529 -7.055 0.0000000000
8591 18.863 -29.173 -5.822 0.0000000000
8592 19.396 -28.728 -6.284 0.0000000000
8593 20.052 -27.877 -5.631 0.0000000000
8594 20.097 -27.451 -4.522 0.0000000000
8595 20.636 -26.989 -5.009 0.0000000000
8596 14.550 -32.183 -7.100 0.0000000000
8597 14.963 -32.047 -7.714 0.0000000000
8598 13.498 -31.919 -5.532 0.0000000000
8599 14.042 -32.046 -6.404 0.0000000000
8600 14.856 -31.607 -6.027 0.0000000000
8601 14.920 -30.971 -4.817 0.0000000000
8602 15.619 -31.089 -5.586 0.0000000000
8603 12.784 -32.862 -3.765 0.0000000000
8604 13.151 -32.315 -4.556 0.0000000000
8605 12.364 -33.417 -3.114 0.0000000000
8606 13.084 -32.875 -2.671 0.0000000000
8607 13.761 -32.295 -2.175 0.0000000000
8608 14.481 -31.265 -3.823 0.0000000000
8609 15.098 -30.676 -3.383 0.0000000000
8610 13.843 -31.809 -4.200 0.0000000000
8611 14.157 -31.780 -2.906 0.0000000000
8612 14.398 -31.658 -1.672 0.0000000000
8613 15.373 -30.509 -1.943 0.0000000000
8614 15.697 -30.029 -2.843 0.0000000000
8615 15.042 -31.002 -1.172 0.0000000000
8616 15.669 -30.300 -0.654 0.0000000000
8617 16.267 -29.551 -0.119 0.0000000000
8618 19.537 -27.806 -4.075 0.0000000000
8619 20.021 -26.875 -3.448 0.0000000000
8620 18.332 -29.539 -5.363 0.0000000000
8621 18.959 -28.686 -4.721 0.0000000000
8622 18.853 -27.992 -3.670 0.0000000000
8623 18.031 -28.060 -3.245 0.0000000000
8624 18.456 -27.107 -2.678 0.0000000000
8625 16.814 -30.942 -6.671 0.0000000000
8626 17.612 -30.280 -6.044 0.0000000000
8627 15.915 -31.520 -7.241 0.0000000000
8628 16.270 -31.142 -6.169 0.0000000000
8629 16.311 -30.455 -5.054 0.0000000000
8630 17.517 -28.907 -3.865 0.0000000000
8631 17.218 -28.126 -2.580 0.0000000000
8632 17.705 -29.735 -4.923 0.0000000000
8633 16.937 -29.704 -4.483 0.0000000000
8634 16.150 -29.673 -3.794 0.0000000000
8635 16.835 -28.553 -1.625 0.0000000000
8636 17.370 -27.734 -0.998 0.0000000000
8637 16.241 -29.292 -2.241 0.0000000000
8638 16.560 -29.059 -0.801 0.0000000000
8639 16.826 -28.720 0.462 0.0000000000
8640 19.703 -26.037 -2.449 0.0000000000
8641 20.458 -25.936 -2.878 0.0000000000
8642 18.153 -26.263 -1.249 0.0000000000
8643 18.832 -26.054 -2.053 0.0000000000
8644 19.238 -24.894 -1.319 0.0000000000
8645 19.511 -24.268 0.301 0.0000000000
8646 19.958 -23.906 -0.585 0.0000000000
8647 17.613 -27.256 0.444 0.0000000000
8648 17.834 -26.747 -0.331 0.0000000000
8649 17.312 -27.739 1.073 0.0000000000
8650 17.854 -26.728 1.706 0.0000000000
8651 18.644 -25.883 2.384 0.0000000000
8652 19.255 -24.859 1.102 0.0000000000
8653 20.332 -24.317 1.645 0.0000000000
8654 18.363 -25.664 0.419 0.0000000000
8655 18.976 -25.387 1.790 0.0000000000
8656 19.595 -25.210 2.982 0.0000000000
8657 20.843 -24.089 2.818 0.0000000000
8658 21.258 -23.682 2.147 0.0000000000
8659 20.340 -24.397 3.505 0.0000000000
8660 20.911 -23.553 3.885 0.0000000000
8664 20.526 -27.093 -7.847 0.0000000000
8669 21.032 -26.706 -6.523 0.0000000000
8670 20.819 -26.893 -7.282 0.0000000000
8671 21.164 -26.106 -4.433 0.0000000000
8672 21.138 -26.441 -5.532 0.0000000000
8673 21.622 -25.841 -5.984 0.0000000000
8674 22.200 -25.012 -5.494 0.0000000000
8675 22.081 -25.212 -6.299 0.0000000000
8678 21.223 -26.282 -7.363 0.0000000000
8679 21.834 -25.394 -6.860 0.0000000000
8680 22.487 -24.553 -6.484 0.0000000000
8683 23.066 -23.725 -6.035 0.0000000000
8684 22.886 -23.964 -6.476 0.0000000000
8688 20.899 -24.957 -2.355 0.0000000000
8689 21.095 -25.655 -3.363 0.0000000000
8690 21.040 -23.365 0.166 0.0000000000
8691 20.644 -23.934 -1.295 0.0000000000
8692 21.401 -23.992 -1.814 0.0000000000
8693 21.922 -22.983 -1.264 0.0000000000
8694 22.051 -23.833 -2.358 0.0000000000
8695 21.953 -22.904 2.584 0.0000000000
8696 21.673 -23.277 1.487 0.0000000000
8698 22.471 -22.186 2.853 0.0000000000
8700 22.468 -22.547 0.157 0.0000000000
8701 22.782 -22.234 -0.523 0.0000000000
8702 22.100 -22.904 0.827 0.0000000000
8703 22.877 -22.172 1.408 0.0000000000
8705 23.661 -21.658 0.128 0.0000000000
8706 23.100 -21.906 -1.173 0.0000000000
8708 24.234 -21.061 0.367 0.0000000000
8709 24.640 -20.786 -0.438 0.0000000000
8710 23.927 -22.215 -5.587 0.0000000000
8712 23.157 -23.560 -5.442 0.0000000000
8713 23.575 -22.914 -5.608 0.0000000000
8714 24.028 -22.066 -5.110 0.0000000000
8715 24.032 -21.879 -4.408 0.0000000000
8716 24.430 -21.177 -4.673 0.0000000000
8717 22.202 -24.746 -4.470 0.0000000000
8718 22.707 -24.181 -5.034 0.0000000000
8719 21.670 -25.253 -3.900 0.0000000000
8720 22.161 -24.396 -3.398 0.0000000000
8721 22.616 -23.499 -2.906 0.0000000000
8722 23.589 -22.496 -3.965 0.0000000000
8723 23.959 -21.583 -3.452 0.0000000000
8724 23.179 -23.372 -4.520 0.0000000000
8725 23.116 -23.036 -3.443 0.0000000000
8726 23.013 -22.503 -2.347 0.0000000000
8727 23.933 -21.184 -2.367 0.0000000000
8728 24.377 -20.746 -3.047 0.0000000000
8729 23.489 -21.564 -1.766 0.0000000000
8730 24.249 -20.974 -1.301 0.0000000000
8731 24.986 -20.384 -1.246 0.0000000000
8734 24.822 -20.307 -4.266 0.0000000000
8735 24.809 -20.401 -4.735 0.0000000000
8739 24.883 -19.957 -2.856 0.0000000000
8740 24.840 -20.144 -3.618 0.0000000000
8741 25.198 -19.786 -2.174 0.0000000000
8742 25.349 -18.897 -2.971 0.0000000000
8896 5.192 -29.253 -3.011 0.0000000000
8897 4.714 -29.710 -3.051 0.0000000000
9502 7.512 -27.909 -3.305 0.0000000000
9504 5.845 -28.604 -3.297 0.0000000000
9505 5.787 -29.228 -2.969 0.0000000000
9560 10.416 -13.236 -1.069 0.0000000000
9591 12.047 -12.958 -2.773 0.0000000000
9631 7.660 -20.925 -1.675 0.0000000000
9632 7.829 -19.967 -1.618 0.0000000000
9633 8.235 -20.114 -0.791 0.0000000000
9634 8.620 -21.027 0.041 0.0000000000
9635 8.875 -20.173 0.166 0.0000000000
9651 4.117 -26.115 -1.637 0.0000000000
9653 5.283 -24.871 -1.831 0.0000000000
9656 4.263 -26.439 -1.426 0.0000000000
9657 5.177 -25.700 -1.252 0.0000000000
9658 5.598 -24.909 -1.399 0.0000000000
9659 4.684 -26.473 -1.130 0.0000000000
9660 5.349 -26.719 -0.730 0.0000000000
9661 6.270 -27.181 -0.241 0.0000000000
9662 8.378 -21.945 0.011 0.0000000000
9663 9.269 -21.964 0.781 0.0000000000
9664 7.343 -21.852 -1.576 0.0000000000
9665 7.714 -21.885 -0.788 0.0000000000
9666 8.140 -22.918 0.028 0.0000000000
9667 7.777 -23.863 0.007 0.0000000000
9668 8.688 -24.019 0.710 0.0000000000
9673 6.200 -23.388 -2.153 0.0000000000
9674 6.917 -23.633 -0.724 0.0000000000
9675 7.361 -24.724 -0.078 0.0000000000
9676 6.909 -22.747 -1.485 0.0000000000
9677 6.405 -23.519 -1.521 0.0000000000
9678 5.933 -24.192 -1.549 0.0000000000
9679 7.001 -25.542 -0.170 0.0000000000
9680 8.003 -25.920 0.440 0.0000000000
9681 6.134 -25.087 -0.820 0.0000000000
9682 6.660 -26.383 -0.216 0.0000000000
9683 7.259 -27.575 0.255 0.0000000000
9684 9.902 -22.909 1.555 0.0000000000
9685 10.253 -21.842 1.672 0.0000000000
9686 9.281 -25.062 1.314 0.0000000000
9687 9.583 -23.984 1.483 0.0000000000
9688 10.778 -23.882 2.141 0.0000000000
9689 11.808 -24.829 2.145 0.0000000000
9690 12.217 -23.813 2.145 0.0000000000
9691 8.624 -26.959 0.904 0.0000000000
9692 8.969 -26.064 1.095 0.0000000000
9693 8.203 -27.761 0.812 0.0000000000
9694 9.226 -27.735 1.274 0.0000000000
9695 10.405 -27.505 1.684 0.0000000000
9696 11.405 -25.851 2.092 0.0000000000
9697 12.739 -25.675 1.982 0.0000000000
9698 10.028 -25.997 1.817 0.0000000000
9699 10.893 -26.729 1.955 0.0000000000
9700 11.744 -27.210 2.030 0.0000000000
9701 13.590 -26.398 2.031 0.0000000000
9702 13.950 -25.518 1.761 0.0000000000
9703 13.083 -27.058 2.451 0.0000000000
9704 14.389 -27.133 2.529 0.0000000000
9705 15.756 -27.478 2.290 0.0000000000
9713 13.549 -13.256 -4.203 0.0000000000
9715 12.219 -13.443 -1.511 0.0000000000
9716 12.953 -13.378 -2.458 0.0000000000
9717 13.898 -13.794 -2.291 0.0000000000
9718 14.121 -14.548 -1.064 0.0000000000
9719 14.985 -14.265 -2.420 0.0000000000
9724 15.804 -15.310 -3.207 0.0000000000
9725 14.256 -16.900 -4.061 0.0000000000
9727 15.696 -16.328 -1.925 0.0000000000
9728 15.906 -16.407 -3.741 0.0000000000
9729 15.557 -17.594 -4.033 0.0000000000
9730 16.384 -18.506 -3.006 0.0000000000
9731 15.059 -18.754 -4.031 0.0000000000
9732 10.285 -13.932 -0.050 0.0000000000
9733 11.368 -13.648 -0.634 0.0000000000
9736 10.120 -14.962 0.777 0.0000000000
9737 10.012 -16.241 0.999 0.0000000000
9738 11.180 -15.639 1.084 0.0000000000
9744 8.945 -16.604 0.428 0.0000000000
9745 9.771 -17.432 0.937 0.0000000000
9748 7.864 -17.585 -0.714 0.0000000000
9749 9.435 -18.434 0.701 0.0000000000
9750 10.635 -18.057 1.453 0.0000000000
9751 8.470 -18.524 -0.248 0.0000000000
9752 9.124 -19.341 0.411 0.0000000000
9753 9.920 -20.093 1.075 0.0000000000
9754 16.345 -18.515 -1.305 0.0000000000
9755 16.698 -19.666 -1.889 0.0000000000
9756 15.041 -16.639 -0.601 0.0000000000
9757 15.759 -17.527 -0.879 0.0000000000
9758 15.812 -18.672 -0.155 0.0000000000
9759 15.068 -18.934 0.790 0.0000000000
9760 15.750 -19.966 0.474 0.0000000000
9761 13.295 -14.891 -0.231 0.0000000000
9762 14.163 -15.748 -0.352 0.0000000000
9763 12.389 -14.065 -0.229 0.0000000000
9764 12.326 -15.203 0.519 0.0000000000
9765 12.254 -16.381 1.079 0.0000000000
9766 14.218 -18.012 1.012 0.0000000000
9767 14.003 -19.307 1.630 0.0000000000
9768 14.217 -16.859 0.338 0.0000000000
9769 13.241 -17.184 1.081 0.0000000000
9770 12.062 -17.557 1.562 0.0000000000
9771 12.733 -19.920 2.153 0.0000000000
9772 13.312 -20.797 2.108 0.0000000000
9773 11.729 -18.746 1.911 0.0000000000
9774 11.429 -19.931 2.013 0.0000000000
9775 10.871 -20.858 1.911 0.0000000000
9776 16.934 -20.740 -1.153 0.0000000000
9777 16.705 -20.866 -2.617 0.0000000000
9778 15.426 -21.327 0.926 0.0000000000
9779 16.358 -20.933 0.086 0.0000000000
9780 17.096 -21.913 -0.502 0.0000000000
9781 16.988 -23.164 0.199 0.0000000000
9782 17.510 -23.064 -1.325 0.0000000000
9783 13.026 -21.550 2.135 0.0000000000
9784 14.075 -21.629 1.805 0.0000000000
9785 12.035 -21.511 2.233 0.0000000000
9786 12.736 -22.467 2.170 0.0000000000
9787 13.428 -23.642 1.853 0.0000000000
9788 15.736 -23.386 0.941 0.0000000000
9789 16.705 -24.263 0.753 0.0000000000
9790 15.040 -22.550 1.237 0.0000000000
9791 14.621 -23.601 1.417 0.0000000000
9792 14.271 -24.571 1.571 0.0000000000
9793 16.381 -25.274 1.251 0.0000000000
9794 17.642 -25.545 0.104 0.0000000000
9795 15.125 -25.350 1.573 0.0000000000
9796 16.120 -26.337 1.723 0.0000000000
9797 16.528 -27.971 1.157 0.0000000000
9805 14.373 -20.024 -3.899 0.0000000000
9806 13.294 -19.094 -3.412 0.0000000000
9807 12.763 -19.187 -2.280 0.0000000000
9808 12.764 -20.250 -1.812 0.0000000000
9820 16.391 -22.128 -3.169 0.0000000000
9821 15.655 -21.005 -3.863 0.0000000000
9822 17.011 -24.295 -2.009 0.0000000000
9823 16.695 -23.174 -2.551 0.0000000000
9824 15.672 -23.294 -3.653 0.0000000000
9825 14.625 -24.411 -3.787 0.0000000000
9826 13.748 -23.308 -3.611 0.0000000000
9827 17.066 -26.803 -0.799 0.0000000000
9828 17.247 -25.552 -1.460 0.0000000000
9829 16.577 -28.033 -0.200 0.0000000000
9830 16.301 -27.803 -1.452 0.0000000000
9831 15.815 -27.583 -2.559 0.0000000000
9832 15.380 -25.344 -3.490 0.0000000000
9833 13.504 -25.481 -3.675 0.0000000000
9834 16.404 -25.338 -2.486 0.0000000000
9835 15.700 -26.387 -2.956 0.0000000000
9836 14.792 -27.490 -3.495 0.0000000000
9837 12.390 -26.617 -3.506 0.0000000000
9838 12.044 -25.580 -2.987 0.0000000000
9839 13.062 -27.613 -3.902 0.0000000000
9840 11.370 -27.794 -3.339 0.0000000000
9841 10.654 -28.228 -2.748 0.0000000000
9844 12.546 -21.499 -1.035 0.0000000000
9847 12.154 -24.068 -1.217 0.0000000000
9849 12.850 -21.186 -2.497 0.0000000000
9850 12.824 -21.345 -1.534 0.0000000000
9851 13.747 -21.124 -3.591 0.0000000000
9852 13.099 -22.196 -3.175 0.0000000000
9853 12.586 -23.330 -2.688 0.0000000000
9854 12.557 -23.784 -1.281 0.0000000000
9855 12.095 -25.307 -1.628 0.0000000000
9856 12.774 -22.485 -1.346 0.0000000000
9857 12.583 -23.540 -1.745 0.0000000000
9858 12.138 -24.540 -2.396 0.0000000000
9859 11.589 -26.481 -2.170 0.0000000000
9860 11.264 -26.867 -1.956 0.0000000000
9861 11.710 -25.938 -2.473 0.0000000000
9862 11.148 -27.383 -2.471 0.0000000000
9863 10.391 -28.674 -2.349 0.0000000000
9865 11.324 -26.112 -2.258 0.0000000000
9867 10.681 -25.500 -2.907 0.0000000000
9868 9.631 -26.829 -3.049 0.0000000000
9869 10.327 -28.352 -2.046 0.0000000000
9870 10.775 -27.355 -2.149 0.0000000000
9871 10.092 -28.999 -2.099 0.0000000000
9872 9.368 -29.534 -2.076 0.0000000000
9873 8.563 -29.995 -2.235 0.0000000000
9874 9.484 -27.869 -2.818 0.0000000000
9875 8.520 -27.930 -3.119 0.0000000000
9876 10.248 -27.722 -2.468 0.0000000000
9877 9.060 -28.998 -2.538 0.0000000000
9878 7.911 -29.899 -2.470 0.0000000000
9879 7.373 -28.739 -2.977 0.0000000000
9880 7.149 -29.649 -2.672 0.0000000000
9881 6.406 -29.402 -2.839 0.0000000000
23924 20.493 -23.082 5.825 0.0000000000
23933 19.935 -23.428 6.377 0.0000000000
23936 19.356 -23.849 6.865 0.0000000000
23981 17.671 -24.983 8.126 0.0000000000
23984 17.124 -25.257 8.579 0.0000000000
30420 2.386 -31.705 0.729 0.0000000000
30421 2.524 -31.689 0.557 0.0000000000
30523 2.341 -31.648 1.206 0.0000000000
30614 2.205 -31.464 1.673 0.0000000000
30615 2.383 -31.549 1.460 0.0000000000
30618 2.133 -31.251 2.182 0.0000000000
30619 2.040 -30.976 2.602 0.0000000000
30620 2.229 -31.089 2.418 0.0000000000
30629 1.977 -30.632 2.964 0.0000000000
30633 1.907 -30.250 3.308 0.0000000000
30634 2.060 -30.344 3.225 0.0000000000
30637 1.919 -29.838 3.700 0.0000000000
30638 1.991 -29.445 4.220 0.0000000000
30639 2.091 -29.485 4.151 0.0000000000
30667 1.976 -29.213 4.810 0.0000000000
30688 1.956 -29.073 5.421 0.0000000000
30689 2.139 -29.084 5.396 0.0000000000
30692 1.928 -28.993 6.024 0.0000000000
30693 1.904 -28.945 6.637 0.0000000000
30694 2.116 -29.003 6.663 0.0000000000
30702 1.751 -28.832 6.622 0.0000000000
30703 1.908 -28.931 7.265 0.0000000000
30706 1.668 -28.567 7.253 0.0000000000
30707 1.986 -28.909 7.873 0.0000000000
30708 2.270 -29.040 7.893 0.0000000000
30709 1.728 -28.504 7.873 0.0000000000
30710 1.842 -28.713 7.864 0.0000000000
30711 2.177 -28.921 8.444 0.0000000000
30712 2.432 -28.990 8.979 0.0000000000
30713 2.658 -29.258 8.941 0.0000000000
31090 2.250 -28.722 9.013 0.0000000000
31091 2.715 -29.079 9.440 0.0000000000
31092 1.641 -28.312 7.917 0.0000000000
31093 1.884 -28.475 8.501 0.0000000000
31094 2.133 -28.461 9.055 0.0000000000
31095 2.033 -28.233 9.098 0.0000000000
31096 2.401 -28.493 9.590 0.0000000000
31104 1.726 -28.091 8.604 0.0000000000
31105 1.954 -28.041 9.157 0.0000000000
31106 1.588 -28.155 7.993 0.0000000000
31107 1.567 -28.033 8.090 0.0000000000
31109 1.904 -27.893 9.232 0.0000000000
31110 2.191 -28.017 9.698 0.0000000000
31113 1.883 -27.788 9.277 0.0000000000
31466 3.020 -29.131 9.827 0.0000000000
31467 3.242 -29.450 9.684 0.0000000000
31468 2.697 -28.504 10.041 0.0000000000
31469 2.849 -28.809 9.937 0.0000000000
31470 3.354 -29.156 10.132 0.0000000000
31471 3.653 -29.146 10.414 0.0000000000
31472 3.857 -29.505 10.161 0.0000000000
31473 2.480 -28.011 10.208 0.0000000000
31474 2.569 -28.222 10.128 0.0000000000
31477 2.779 -27.978 10.640 0.0000000000
31478 3.051 -27.951 11.035 0.0000000000
31479 3.145 -28.197 10.931 0.0000000000
31480 3.452 -28.790 10.627 0.0000000000
31481 3.933 -29.104 10.665 0.0000000000
31482 3.013 -28.489 10.449 0.0000000000
31483 3.267 -28.467 10.801 0.0000000000
31484 3.560 -28.394 11.101 0.0000000000
31485 4.204 -29.005 10.862 0.0000000000
31486 4.383 -29.393 10.527 0.0000000000
31487 3.883 -28.299 11.336 0.0000000000
31488 4.043 -28.622 11.127 0.0000000000
31489 4.475 -28.879 11.037 0.0000000000
31490 4.748 -28.754 11.217 0.0000000000
31491 4.910 -29.181 10.847 0.0000000000
31518 4.613 -28.384 11.496 0.0000000000
31519 5.029 -28.625 11.356 0.0000000000
31520 3.750 -28.016 11.503 0.0000000000
31521 4.180 -28.184 11.550 0.0000000000
31522 4.488 -28.051 11.744 0.0000000000
31523 4.384 -27.771 11.953 0.0000000000
31524 4.818 -27.947 11.899 0.0000000000
31540 5.340 -28.506 11.486 0.0000000000
31541 5.458 -28.909 11.158 0.0000000000
31542 5.166 -27.854 12.034 0.0000000000
31543 5.244 -28.157 11.775 0.0000000000
31544 5.671 -28.392 11.597 0.0000000000
31545 5.998 -28.232 11.707 0.0000000000
31546 6.083 -28.636 11.379 0.0000000000
31548 5.100 -27.586 12.224 0.0000000000
31554 5.925 -27.856 12.003 0.0000000000
31555 6.317 -28.065 11.821 0.0000000000
31556 5.526 -27.734 12.154 0.0000000000
31557 5.871 -27.566 12.254 0.0000000000
31559 6.636 -27.914 11.935 0.0000000000
31560 6.693 -28.296 11.610 0.0000000000
31563 6.964 -27.762 12.014 0.0000000000
31565 7.317 -27.988 11.745 0.0000000000
31866 3.414 -27.279 -1.447 0.0000000000
31867 3.599 -26.818 -1.525 0.0000000000
31870 2.348 -30.404 -0.602 0.0000000000
31872 2.413 -29.679 -0.837 0.0000000000
31873 2.550 -30.153 -0.671 0.0000000000
31874 2.504 -29.565 -0.865 0.0000000000
31875 2.582 -31.372 0.016 0.0000000000
31876 2.473 -30.974 -0.310 0.0000000000
31877 2.686 -31.676 0.822 0.0000000000
31878 2.676 -31.614 0.409 0.0000000000
31879 2.816 -31.513 0.294 0.0000000000
31880 3.146 -31.504 0.569 0.0000000000
31881 2.949 -31.384 0.195 0.0000000000
31882 2.650 -30.653 -0.408 0.0000000000
31883 2.809 -30.390 -0.461 0.0000000000
31884 2.555 -30.845 -0.357 0.0000000000
31885 2.828 -31.065 -0.128 0.0000000000
31886 3.124 -31.183 0.108 0.0000000000
31887 3.157 -30.563 -0.221 0.0000000000
31888 3.029 -30.128 -0.492 0.0000000000
31889 3.575 -31.202 0.377 0.0000000000
31890 3.339 -30.949 0.046 0.0000000000
31891 3.587 -30.702 0.017 0.0000000000
31892 4.088 -30.797 0.267 0.0000000000
31893 3.888 -30.440 0.014 0.0000000000
31894 3.308 -27.697 -1.320 0.0000000000
31895 3.577 -27.442 -1.291 0.0000000000
31896 2.892 -28.084 -1.274 0.0000000000
31897 3.064 -27.918 -1.311 0.0000000000
31898 3.260 -28.109 -1.147 0.0000000000
31899 3.285 -28.542 -0.935 0.0000000000
31900 3.543 -28.269 -0.931 0.0000000000
31904 2.515 -28.929 -1.017 0.0000000000
31905 2.661 -29.337 -0.889 0.0000000000
31906 3.051 -28.819 -0.935 0.0000000000
31907 3.378 -29.040 -0.726 0.0000000000
31908 2.812 -28.591 -1.125 0.0000000000
31909 2.842 -29.106 -0.929 0.0000000000
31910 2.928 -29.622 -0.715 0.0000000000
31911 3.540 -29.549 -0.505 0.0000000000
31912 3.817 -29.253 -0.500 0.0000000000
31913 3.259 -29.840 -0.501 0.0000000000
31914 3.712 -30.036 -0.264 0.0000000000
31915 4.209 -30.192 0.002 0.0000000000
31916 3.811 -27.549 -1.097 0.0000000000
31917 3.853 -27.146 -1.264 0.0000000000
31918 3.928 -28.464 -0.712 0.0000000000
31919 3.810 -27.984 -0.934 0.0000000000
31920 4.113 -27.682 -0.897 0.0000000000
31921 4.510 -27.863 -0.697 0.0000000000
31922 4.411 -27.344 -0.881 0.0000000000
31923 4.311 -29.457 -0.264 0.0000000000
31924 4.107 -28.962 -0.488 0.0000000000
31925 4.720 -30.334 0.241 0.0000000000
31926 4.524 -29.927 -0.013 0.0000000000
31927 4.846 -29.663 -0.018 0.0000000000
31928 5.374 -29.824 0.239 0.0000000000
31929 5.161 -29.390 -0.009 0.0000000000
31930 4.686 -28.380 -0.482 0.0000000000
31931 4.991 -28.075 -0.473 0.0000000000
31932 4.404 -28.679 -0.484 0.0000000000
31933 4.931 -28.900 -0.244 0.0000000000
31934 5.460 -29.106 0.005 0.0000000000
31935 5.507 -28.285 -0.238 0.0000000000
31936 5.289 -27.727 -0.469 0.0000000000
31937 5.973 -29.271 0.251 0.0000000000
31938 5.743 -28.797 0.007 0.0000000000
31939 6.016 -28.478 0.005 0.0000000000
31940 6.515 -28.637 0.242 0.0000000000
31941 6.281 -28.138 -0.003 0.0000000000
31942 2.521 -31.397 1.731 0.0000000000
31943 2.622 -31.574 1.270 0.0000000000
31944 2.351 -30.825 2.670 0.0000000000
31945 2.447 -31.148 2.217 0.0000000000
31946 2.725 -31.158 2.031 0.0000000000
31947 2.958 -30.844 2.341 0.0000000000
31948 3.068 -31.129 1.875 0.0000000000
31949 2.222 -29.970 3.535 0.0000000000
31950 2.279 -30.413 3.101 0.0000000000
31951 2.298 -29.210 4.653 0.0000000000
31952 2.250 -29.528 4.033 0.0000000000
31953 2.452 -29.568 3.893 0.0000000000
31954 2.704 -29.188 4.357 0.0000000000
31955 2.715 -29.590 3.760 0.0000000000
31956 2.871 -30.471 2.813 0.0000000000
31957 3.261 -30.436 2.694 0.0000000000
31958 2.537 -30.470 2.946 0.0000000000
31959 2.783 -30.033 3.265 0.0000000000
31960 3.053 -29.577 3.639 0.0000000000
31961 3.573 -29.982 3.069 0.0000000000
31962 3.676 -30.391 2.589 0.0000000000
31963 3.420 -29.068 4.161 0.0000000000
31964 3.466 -29.527 3.565 0.0000000000
31965 3.916 -29.483 3.508 0.0000000000
31966 4.306 -28.936 4.037 0.0000000000
31967 4.364 -29.437 3.451 0.0000000000
31968 2.395 -28.971 5.976 0.0000000000
31969 2.327 -29.045 5.304 0.0000000000
31970 2.493 -29.006 7.315 0.0000000000
31971 2.437 -28.930 6.652 0.0000000000
31972 2.714 -28.841 6.626 0.0000000000
31973 3.308 -28.899 7.347 0.0000000000
31974 3.000 -28.761 6.604 0.0000000000
31975 2.828 -29.254 8.456 0.0000000000
31976 2.644 -29.094 7.919 0.0000000000
31977 3.236 -29.652 9.251 0.0000000000
31978 3.016 -29.459 8.903 0.0000000000
31979 3.480 -29.640 8.853 0.0000000000
31980 4.066 -30.168 8.915 0.0000000000
31981 4.001 -29.846 8.743 0.0000000000
31982 3.581 -29.103 7.959 0.0000000000
31983 4.071 -29.163 7.993 0.0000000000
31984 3.093 -29.103 7.938 0.0000000000
31985 3.846 -29.471 8.442 0.0000000000
31986 4.474 -30.168 8.507 0.0000000000
31987 4.749 -29.954 8.220 0.0000000000
31988 4.555 -29.322 7.961 0.0000000000
31989 4.576 -30.888 8.116 0.0000000000
31990 4.737 -30.525 8.173 0.0000000000
31991 4.836 -30.837 7.802 0.0000000000
31992 4.607 -31.473 7.224 0.0000000000
31993 4.883 -31.132 7.373 0.0000000000
31994 4.392 -28.430 4.858 0.0000000000
31995 4.845 -28.364 4.823 0.0000000000
31996 3.414 -28.707 4.889 0.0000000000
31997 3.864 -28.565 4.846 0.0000000000
31998 4.610 -28.254 5.808 0.0000000000
31999 4.931 -28.563 6.698 0.0000000000
32000 5.468 -28.654 6.633 0.0000000000
32001 2.740 -28.936 5.057 0.0000000000
32002 3.050 -28.833 4.969 0.0000000000
32003 2.527 -28.990 5.202 0.0000000000
32004 2.826 -28.819 5.830 0.0000000000
32005 3.369 -28.693 6.605 0.0000000000
32006 4.405 -28.560 6.731 0.0000000000
32007 5.244 -29.160 7.300 0.0000000000
32008 3.583 -28.558 5.769 0.0000000000
32009 3.874 -28.608 6.650 0.0000000000
32010 4.243 -28.841 7.422 0.0000000000
32011 5.333 -29.932 7.522 0.0000000000
32012 5.582 -30.310 7.153 0.0000000000
32013 4.998 -29.585 7.797 0.0000000000
32014 5.177 -30.646 7.526 0.0000000000
32015 4.944 -31.369 6.934 0.0000000000
32016 5.633 -28.211 5.861 0.0000000000
32017 5.269 -28.308 4.778 0.0000000000
32018 6.042 -29.859 6.801 0.0000000000
32019 5.994 -28.909 6.563 0.0000000000
32020 6.458 -29.203 6.472 0.0000000000
32021 6.791 -30.418 6.381 0.0000000000
32022 6.907 -29.455 6.329 0.0000000000
32023 5.469 -31.195 6.658 0.0000000000
32024 5.820 -30.643 6.767 0.0000000000
32025 4.684 -31.898 6.348 0.0000000000
32026 5.056 -31.593 6.499 0.0000000000
32027 5.251 -31.776 6.098 0.0000000000
32028 5.084 -32.212 5.582 0.0000000000
32029 5.529 -31.917 5.745 0.0000000000
32030 6.423 -31.104 6.139 0.0000000000
32031 6.796 -31.239 5.896 0.0000000000
32032 6.095 -30.912 6.425 0.0000000000
32033 5.987 -31.567 5.935 0.0000000000
32034 5.868 -32.038 5.421 0.0000000000
32035 6.730 -31.812 5.376 0.0000000000
32036 7.194 -31.364 5.647 0.0000000000
32037 5.781 -32.453 4.927 0.0000000000
32038 6.258 -32.143 5.143 0.0000000000
32039 6.674 -32.238 4.871 0.0000000000
32040 6.651 -32.623 4.353 0.0000000000
32041 7.124 -32.301 4.611 0.0000000000
32042 6.731 -29.071 0.495 0.0000000000
32043 6.995 -28.751 0.487 0.0000000000
32044 6.182 -29.674 0.506 0.0000000000
32045 6.460 -29.380 0.505 0.0000000000
32046 6.941 -29.438 0.757 0.0000000000
32047 7.169 -29.710 1.013 0.0000000000
32048 7.444 -29.440 0.989 0.0000000000
32049 5.562 -30.185 0.487 0.0000000000
32050 5.882 -29.934 0.503 0.0000000000
32051 4.955 -30.632 0.523 0.0000000000
32052 5.270 -30.420 0.502 0.0000000000
32053 5.810 -30.417 0.813 0.0000000000
32054 6.026 -30.417 1.241 0.0000000000
32055 6.317 -30.283 1.169 0.0000000000
32056 6.900 -29.943 1.066 0.0000000000
32057 7.392 -29.755 1.394 0.0000000000
32058 6.374 -29.989 0.767 0.0000000000
32059 6.599 -30.134 1.108 0.0000000000
32060 6.750 -30.014 1.541 0.0000000000
32061 7.453 -29.547 1.794 0.0000000000
32062 7.799 -29.423 1.706 0.0000000000
32063 6.769 -29.776 1.980 0.0000000000
32064 7.103 -29.673 1.886 0.0000000000
32065 7.432 -29.259 2.216 0.0000000000
32066 7.429 -28.921 2.712 0.0000000000
32067 7.779 -28.799 2.552 0.0000000000
32068 4.364 -30.986 0.623 0.0000000000
32069 4.650 -30.819 0.563 0.0000000000
32070 3.828 -31.273 0.779 0.0000000000
32071 4.104 -31.140 0.697 0.0000000000
32072 4.617 -30.976 1.053 0.0000000000
32073 4.683 -30.828 1.497 0.0000000000
32074 5.054 -30.725 1.427 0.0000000000
32075 3.178 -31.496 0.960 0.0000000000
32076 3.501 -31.392 0.857 0.0000000000
32077 2.881 -31.559 1.095 0.0000000000
32078 3.146 -31.362 1.405 0.0000000000
32079 3.459 -31.081 1.738 0.0000000000
32080 4.277 -30.940 1.554 0.0000000000
32081 4.646 -30.608 1.947 0.0000000000
32082 3.889 -31.204 1.190 0.0000000000
32083 3.854 -31.027 1.627 0.0000000000
32084 3.786 -30.737 2.106 0.0000000000
32085 4.552 -30.310 2.424 0.0000000000
32086 4.961 -30.240 2.361 0.0000000000
32087 4.115 -30.352 2.505 0.0000000000
32088 4.452 -29.899 2.930 0.0000000000
32089 4.795 -29.406 3.386 0.0000000000
32090 7.093 -29.018 2.871 0.0000000000
32091 7.513 -28.479 3.343 0.0000000000
32092 6.435 -29.888 2.071 0.0000000000
32093 6.755 -29.486 2.468 0.0000000000
32094 6.746 -29.095 3.005 0.0000000000
32095 6.374 -29.176 3.102 0.0000000000
32096 6.769 -28.621 3.596 0.0000000000
32097 5.727 -30.528 1.297 0.0000000000
32098 6.099 -30.232 1.677 0.0000000000
32099 5.233 -30.746 0.911 0.0000000000
32100 5.400 -30.627 1.359 0.0000000000
32101 5.420 -30.426 1.824 0.0000000000
32102 6.047 -29.681 2.655 0.0000000000
32103 5.999 -29.252 3.185 0.0000000000
32104 6.106 -29.997 2.163 0.0000000000
32105 5.752 -30.089 2.233 0.0000000000
32106 5.367 -30.163 2.305 0.0000000000
32107 5.623 -29.304 3.270 0.0000000000
32108 6.035 -28.704 3.823 0.0000000000
32109 5.282 -29.808 2.799 0.0000000000
32110 5.219 -29.362 3.332 0.0000000000
32111 5.172 -28.836 3.924 0.0000000000
32112 7.846 -28.142 4.189 0.0000000000
32113 8.179 -28.082 4.012 0.0000000000
32114 7.060 -28.170 4.512 0.0000000000
32115 7.498 -28.167 4.395 0.0000000000
32116 8.441 -28.721 5.170 0.0000000000
32117 8.602 -29.861 5.590 0.0000000000
32118 9.028 -29.839 5.381 0.0000000000
32119 6.241 -28.202 4.676 0.0000000000
32120 6.640 -28.170 4.595 0.0000000000
32121 5.759 -28.260 4.698 0.0000000000
32122 6.761 -28.424 5.827 0.0000000000
32123 7.387 -29.658 6.149 0.0000000000
32124 8.203 -29.818 5.785 0.0000000000
32125 8.465 -30.872 5.499 0.0000000000
32126 7.652 -28.573 5.553 0.0000000000
32127 7.802 -29.749 5.961 0.0000000000
32128 7.605 -30.765 5.928 0.0000000000
32129 8.055 -31.506 5.176 0.0000000000
32130 8.520 -31.501 4.969 0.0000000000
32131 7.616 -31.452 5.406 0.0000000000
32132 7.603 -31.948 4.883 0.0000000000
32133 7.604 -32.343 4.354 0.0000000000
32134 7.470 -28.812 0.745 0.0000000000
32135 7.250 -28.412 0.499 0.0000000000
32136 7.961 -29.349 1.232 0.0000000000
32137 7.707 -29.140 0.978 0.0000000000
32138 7.972 -28.822 0.984 0.0000000000
32139 8.518 -28.785 1.177 0.0000000000
32140 8.229 -28.500 0.986 0.0000000000
32141 8.158 -29.006 1.995 0.0000000000
32142 8.136 -29.281 1.605 0.0000000000
32143 8.201 -28.314 2.963 0.0000000000
32144 8.144 -28.669 2.414 0.0000000000
32145 8.530 -28.566 2.286 0.0000000000
32146 8.976 -28.135 2.637 0.0000000000
32147 8.921 -28.439 2.176 0.0000000000
32148 8.782 -28.923 1.436 0.0000000000
32149 9.062 -28.677 1.367 0.0000000000
32150 8.459 -29.134 1.501 0.0000000000
32151 8.920 -28.763 1.805 0.0000000000
32152 9.327 -28.312 2.102 0.0000000000
32153 9.627 -28.447 1.653 0.0000000000
32154 9.336 -28.369 1.345 0.0000000000
32155 9.775 -27.913 2.428 0.0000000000
32156 9.734 -28.191 2.037 0.0000000000
32157 10.103 -28.078 1.973 0.0000000000
32158 10.637 -27.700 2.340 0.0000000000
32159 10.463 -27.914 1.906 0.0000000000
32160 9.104 -28.643 4.708 0.0000000000
32161 8.531 -28.062 3.809 0.0000000000
32162 9.361 -30.798 5.107 0.0000000000
32163 9.435 -29.739 5.188 0.0000000000
32164 9.795 -29.616 4.998 0.0000000000
32165 10.240 -30.551 4.813 0.0000000000
32166 10.177 -29.477 4.802 0.0000000000
32167 8.553 -31.959 4.441 0.0000000000
32168 8.988 -31.466 4.773 0.0000000000
32169 7.637 -32.689 3.825 0.0000000000
32170 8.093 -32.344 4.113 0.0000000000
32171 8.599 -32.312 3.897 0.0000000000
32172 8.666 -32.602 3.342 0.0000000000
32173 9.106 -32.252 3.692 0.0000000000
32174 9.930 -31.274 4.419 0.0000000000
32175 10.401 -31.148 4.274 0.0000000000
32176 9.462 -31.388 4.583 0.0000000000
32177 9.530 -31.818 4.046 0.0000000000
32178 9.599 -32.143 3.483 0.0000000000
32179 10.508 -31.565 3.708 0.0000000000
32180 10.861 -31.001 4.129 0.0000000000
32181 9.675 -32.393 2.917 0.0000000000
32182 10.103 -32.010 3.309 0.0000000000
32183 10.609 -31.864 3.162 0.0000000000
32184 10.698 -32.075 2.624 0.0000000000
32185 11.136 -31.679 3.021 0.0000000000
32186 10.780 -27.587 2.769 0.0000000000
32187 11.242 -27.523 2.718 0.0000000000
32188 9.949 -27.752 2.966 0.0000000000
32189 10.362 -27.671 2.864 0.0000000000
32190 11.086 -27.785 3.310 0.0000000000
32191 11.533 -28.470 3.858 0.0000000000
32192 11.892 -28.286 3.660 0.0000000000
32193 9.237 -27.903 3.306 0.0000000000
32194 9.598 -27.831 3.128 0.0000000000
32195 8.876 -27.984 3.507 0.0000000000
32196 9.801 -28.391 4.207 0.0000000000
32197 10.555 -29.244 4.613 0.0000000000
32198 11.207 -28.689 4.110 0.0000000000
32199 11.908 -29.560 4.360 0.0000000000
32200 10.395 -27.993 3.677 0.0000000000
32201 10.906 -28.974 4.366 0.0000000000
32202 11.111 -30.197 4.584 0.0000000000
32203 11.857 -30.583 3.921 0.0000000000
32204 12.343 -30.292 3.855 0.0000000000
32205 11.355 -30.828 3.992 0.0000000000
32206 11.526 -31.209 3.432 0.0000000000
32207 11.672 -31.473 2.876 0.0000000000
32208 11.950 -27.621 3.022 0.0000000000
32209 11.679 -27.423 2.603 0.0000000000
32210 12.715 -28.944 3.905 0.0000000000
32211 12.292 -28.119 3.471 0.0000000000
32212 12.713 -27.920 3.235 0.0000000000
32213 13.477 -28.329 3.434 0.0000000000
32214 13.075 -27.675 3.019 0.0000000000
32215 12.574 -30.701 3.214 0.0000000000
32216 12.817 -29.954 3.786 0.0000000000
32217 11.799 -31.644 2.362 0.0000000000
32218 12.215 -31.222 2.739 0.0000000000
32219 12.759 -30.953 2.601 0.0000000000
32220 12.910 -31.089 2.055 0.0000000000
32221 13.304 -30.664 2.478 0.0000000000
32222 13.768 -29.212 3.517 0.0000000000
32223 14.180 -28.777 3.350 0.0000000000
32224 13.330 -29.605 3.676 0.0000000000
32225 13.633 -30.062 3.000 0.0000000000
32226 13.852 -30.309 2.350 0.0000000000
32227 14.648 -29.236 2.804 0.0000000000
32228 14.568 -28.284 3.087 0.0000000000
32229 14.022 -30.428 1.757 0.0000000000
32230 14.389 -29.924 2.242 0.0000000000
32231 14.915 -29.459 2.155 0.0000000000
32232 15.109 -29.603 1.529 0.0000000000
32233 15.448 -28.919 2.053 0.0000000000
32234 3.787 -29.846 9.711 0.0000000000
32235 3.489 -29.767 9.518 0.0000000000
32236 4.325 -29.839 9.999 0.0000000000
32237 4.066 -29.862 9.863 0.0000000000
32238 4.266 -30.235 9.482 0.0000000000
32239 4.644 -30.625 9.077 0.0000000000
32240 4.458 -30.597 9.061 0.0000000000
32241 4.816 -29.696 10.285 0.0000000000
32242 4.571 -29.785 10.127 0.0000000000
32243 5.334 -29.478 10.558 0.0000000000
32244 5.070 -29.596 10.418 0.0000000000
32245 5.218 -29.997 9.916 0.0000000000
32246 5.578 -30.286 9.453 0.0000000000
32247 5.321 -30.397 9.334 0.0000000000
32248 4.857 -30.590 9.125 0.0000000000
32249 4.928 -30.998 8.599 0.0000000000
32250 4.736 -30.183 9.649 0.0000000000
32251 5.081 -30.505 9.219 0.0000000000
32252 5.377 -30.805 8.734 0.0000000000
32253 5.143 -31.330 8.099 0.0000000000
32254 4.935 -31.400 8.073 0.0000000000
32255 5.633 -31.104 8.200 0.0000000000
32256 5.377 -31.227 8.141 0.0000000000
32257 5.299 -31.639 7.589 0.0000000000
32258 5.433 -31.944 7.069 0.0000000000
32259 5.159 -32.020 7.058 0.0000000000
32260 5.885 -29.221 10.850 0.0000000000
32261 5.597 -29.335 10.721 0.0000000000
32262 6.471 -28.908 11.099 0.0000000000
32263 6.180 -29.078 10.967 0.0000000000
32264 6.279 -29.517 10.473 0.0000000000
32265 6.635 -29.814 10.083 0.0000000000
32266 6.368 -29.946 9.920 0.0000000000
32267 7.065 -28.560 11.313 0.0000000000
32268 6.764 -28.716 11.239 0.0000000000
32269 7.665 -28.256 11.442 0.0000000000
32270 7.356 -28.401 11.392 0.0000000000
32271 7.413 -28.867 10.969 0.0000000000
32272 7.748 -29.173 10.606 0.0000000000
32273 7.466 -29.341 10.489 0.0000000000
32274 6.905 -29.625 10.250 0.0000000000
32275 6.950 -30.041 9.640 0.0000000000
32276 6.839 -29.175 10.770 0.0000000000
32277 7.180 -29.485 10.363 0.0000000000
32278 7.514 -29.806 9.958 0.0000000000
32279 7.225 -30.286 9.107 0.0000000000
32280 6.950 -30.404 8.924 0.0000000000
32281 7.792 -30.030 9.445 0.0000000000
32282 7.511 -30.168 9.285 0.0000000000
32283 7.474 -30.489 8.564 0.0000000000
32284 7.703 -30.673 8.015 0.0000000000
32285 7.415 -30.818 7.829 0.0000000000
32286 5.723 -31.847 7.094 0.0000000000
32287 5.551 -32.262 6.541 0.0000000000
32288 5.895 -30.978 8.299 0.0000000000
32289 5.844 -31.410 7.672 0.0000000000
32290 6.021 -31.716 7.145 0.0000000000
32291 6.312 -31.549 7.226 0.0000000000
32292 6.182 -32.023 6.636 0.0000000000
32293 5.835 -30.161 9.609 0.0000000000
32294 5.889 -30.564 8.955 0.0000000000
32295 5.728 -29.758 10.220 0.0000000000
32296 6.095 -30.049 9.779 0.0000000000
32297 6.415 -30.329 9.264 0.0000000000
32298 6.384 -31.104 7.878 0.0000000000
32299 6.594 -31.369 7.345 0.0000000000
32300 6.158 -30.848 8.432 0.0000000000
32301 6.418 -30.708 8.571 0.0000000000
32302 6.683 -30.563 8.735 0.0000000000
32303 6.862 -31.169 7.484 0.0000000000
32304 6.790 -31.659 6.846 0.0000000000
32305 6.919 -30.767 8.192 0.0000000000
32306 7.137 -30.983 7.659 0.0000000000
32307 7.349 -31.234 7.133 0.0000000000
32308 5.672 -32.577 6.013 0.0000000000
32309 5.341 -32.648 6.009 0.0000000000
32310 6.350 -32.322 6.139 0.0000000000
32311 6.013 -32.469 6.062 0.0000000000
32312 5.797 -32.893 5.489 0.0000000000
32313 5.928 -33.184 4.984 0.0000000000
32314 5.552 -33.272 4.959 0.0000000000
32315 6.972 -31.937 6.341 0.0000000000
32316 6.671 -32.146 6.234 0.0000000000
32317 7.551 -31.485 6.623 0.0000000000
32318 7.265 -31.717 6.475 0.0000000000
32319 7.161 -32.233 5.858 0.0000000000
32320 7.347 -32.516 5.385 0.0000000000
32321 7.018 -32.716 5.252 0.0000000000
32322 6.305 -33.052 5.044 0.0000000000
32323 6.064 -33.442 4.489 0.0000000000
32324 6.507 -32.619 5.626 0.0000000000
32325 6.669 -32.897 5.136 0.0000000000
32326 6.829 -33.153 4.660 0.0000000000
32327 6.201 -33.677 4.006 0.0000000000
32328 5.801 -33.780 3.963 0.0000000000
32329 6.986 -33.391 4.198 0.0000000000
32330 6.602 -33.548 4.091 0.0000000000
32331 6.341 -33.897 3.542 0.0000000000
32332 6.471 -34.095 3.076 0.0000000000
32333 6.059 -34.208 3.012 0.0000000000
32334 8.275 -28.002 11.484 0.0000000000
32335 7.970 -28.118 11.476 0.0000000000
32336 8.891 -27.741 11.511 0.0000000000
32337 8.583 -27.878 11.494 0.0000000000
32338 8.603 -28.318 11.136 0.0000000000
32339 8.918 -28.616 10.758 0.0000000000
32340 8.629 -28.782 10.718 0.0000000000
32342 9.186 -27.556 11.557 0.0000000000
32345 9.745 -27.511 11.304 0.0000000000
32346 10.021 -27.680 11.013 0.0000000000
32347 9.755 -27.952 10.928 0.0000000000
32348 9.201 -28.422 10.806 0.0000000000
32349 9.217 -28.891 10.377 0.0000000000
32350 9.190 -27.964 11.201 0.0000000000
32351 9.483 -28.199 10.859 0.0000000000
32352 9.771 -28.416 10.524 0.0000000000
32353 9.508 -29.128 9.999 0.0000000000
32354 9.231 -29.345 9.898 0.0000000000
32355 10.041 -28.619 10.185 0.0000000000
32356 9.775 -28.882 10.095 0.0000000000
32357 9.781 -29.347 9.607 0.0000000000
32358 10.054 -29.503 9.214 0.0000000000
32359 9.776 -29.719 9.076 0.0000000000
32380 11.385 -27.218 10.667 0.0000000000
32381 12.227 -26.618 10.833 0.0000000000
32383 11.935 -27.103 10.491 0.0000000000
32384 12.196 -27.197 10.264 0.0000000000
32385 11.917 -27.461 10.146 0.0000000000
32386 10.321 -29.242 9.381 0.0000000000
32387 10.315 -29.616 8.844 0.0000000000
32388 10.298 -28.300 10.313 0.0000000000
32389 10.301 -28.804 9.862 0.0000000000
32390 10.576 -28.917 9.575 0.0000000000
32391 10.831 -28.597 9.729 0.0000000000
32392 10.839 -29.017 9.268 0.0000000000
32393 10.296 -27.422 11.093 0.0000000000
32394 10.291 -27.841 10.720 0.0000000000
32398 10.830 -28.131 10.133 0.0000000000
32399 11.106 -28.310 9.820 0.0000000000
32400 10.562 -27.969 10.448 0.0000000000
32401 10.835 -27.706 10.526 0.0000000000
32402 11.111 -27.460 10.605 0.0000000000
32403 11.377 -28.022 9.922 0.0000000000
32404 11.371 -28.468 9.496 0.0000000000
32405 11.376 -27.602 10.312 0.0000000000
32406 11.645 -27.737 10.027 0.0000000000
32407 11.908 -27.860 9.751 0.0000000000
32408 10.566 -29.691 8.511 0.0000000000
32409 10.284 -29.941 8.276 0.0000000000
32410 11.103 -29.149 8.911 0.0000000000
32411 10.832 -29.402 8.751 0.0000000000
32412 10.801 -29.753 8.182 0.0000000000
32413 11.026 -29.837 7.793 0.0000000000
32414 10.747 -30.064 7.564 0.0000000000
32415 11.626 -28.585 9.175 0.0000000000
32416 11.364 -28.883 9.019 0.0000000000
32417 12.168 -27.963 9.469 0.0000000000
32418 11.892 -28.281 9.308 0.0000000000
32419 11.873 -28.690 8.828 0.0000000000
32420 12.119 -28.768 8.499 0.0000000000
32421 11.852 -29.081 8.315 0.0000000000
32422 11.305 -29.616 7.954 0.0000000000
32423 11.259 -29.941 7.367 0.0000000000
32424 11.342 -29.267 8.503 0.0000000000
32425 11.576 -29.350 8.130 0.0000000000
32426 11.811 -29.422 7.754 0.0000000000
32427 11.477 -29.984 6.946 0.0000000000
32428 11.172 -30.193 6.710 0.0000000000
32429 12.053 -29.453 7.403 0.0000000000
32430 11.771 -29.736 7.171 0.0000000000
32431 11.703 -30.002 6.547 0.0000000000
32432 11.940 -30.010 6.185 0.0000000000
32433 11.632 -30.284 5.906 0.0000000000
32434 6.882 -33.950 3.173 0.0000000000
32435 6.602 -34.261 2.618 0.0000000000
32436 7.350 -33.213 4.320 0.0000000000
32437 7.132 -33.599 3.737 0.0000000000
32438 7.285 -33.779 3.296 0.0000000000
32439 7.676 -33.585 3.445 0.0000000000
32440 7.440 -33.932 2.866 0.0000000000
32441 7.662 -32.299 5.530 0.0000000000
32442 7.530 -32.788 4.923 0.0000000000
32443 7.840 -31.256 6.796 0.0000000000
32444 7.758 -31.768 6.151 0.0000000000
32445 7.966 -32.066 5.681 0.0000000000
32446 8.263 -31.815 5.825 0.0000000000
32447 8.177 -32.344 5.239 0.0000000000
32448 7.876 -33.206 4.032 0.0000000000
32449 8.054 -33.366 3.616 0.0000000000
32450 7.703 -33.012 4.468 0.0000000000
32451 8.046 -32.798 4.634 0.0000000000
32452 8.383 -32.571 4.810 0.0000000000
32453 8.428 -33.145 3.810 0.0000000000
32454 8.235 -33.501 3.216 0.0000000000
32455 8.710 -32.311 4.979 0.0000000000
32456 8.590 -32.759 4.402 0.0000000000
32457 8.798 -32.911 4.011 0.0000000000
32458 9.158 -32.670 4.202 0.0000000000
32459 9.005 -33.031 3.627 0.0000000000
32460 7.997 -30.544 8.208 0.0000000000
32461 7.916 -30.848 7.470 0.0000000000
32462 8.077 -29.906 9.585 0.0000000000
32463 8.052 -30.241 8.920 0.0000000000
32464 8.295 -30.418 8.397 0.0000000000
32465 8.591 -30.321 8.514 0.0000000000
32466 8.514 -30.586 7.824 0.0000000000
32467 8.036 -29.041 10.660 0.0000000000
32468 8.066 -29.499 10.175 0.0000000000
32469 8.008 -28.575 11.100 0.0000000000
32470 8.337 -28.918 10.692 0.0000000000
32471 8.648 -29.243 10.258 0.0000000000
32472 8.641 -30.020 9.156 0.0000000000
32473 8.889 -30.207 8.620 0.0000000000
32474 8.371 -29.783 9.698 0.0000000000
32475 8.665 -29.667 9.751 0.0000000000
32476 8.949 -29.523 9.816 0.0000000000
32477 9.188 -30.075 8.761 0.0000000000
32478 9.130 -30.354 8.126 0.0000000000
32479 9.227 -29.758 9.366 0.0000000000
32480 9.485 -29.908 8.923 0.0000000000
32481 9.741 -30.032 8.503 0.0000000000
32482 9.268 -32.237 4.760 0.0000000000
32483 9.504 -32.397 4.385 0.0000000000
32484 8.795 -31.797 5.544 0.0000000000
32485 9.031 -32.034 5.152 0.0000000000
32486 9.341 -31.741 5.313 0.0000000000
32487 9.412 -31.240 5.908 0.0000000000
32488 9.648 -31.451 5.494 0.0000000000
32489 8.335 -31.294 6.442 0.0000000000
32490 8.559 -31.556 5.968 0.0000000000
32491 8.126 -31.053 6.954 0.0000000000
32492 8.418 -30.875 7.111 0.0000000000
32493 8.723 -30.724 7.271 0.0000000000
32494 9.174 -31.052 6.328 0.0000000000
32495 9.488 -30.823 6.550 0.0000000000
32496 8.863 -31.304 6.133 0.0000000000
32497 8.941 -30.884 6.769 0.0000000000
32498 9.040 -30.600 7.455 0.0000000000
32499 9.589 -30.545 7.232 0.0000000000
32500 9.804 -30.630 6.776 0.0000000000
32501 9.364 -30.463 7.673 0.0000000000
32502 9.681 -30.306 7.893 0.0000000000
32503 9.989 -30.139 8.080 0.0000000000
32504 9.838 -32.125 4.564 0.0000000000
32505 9.739 -32.529 4.018 0.0000000000
32506 9.949 -31.166 5.685 0.0000000000
32507 9.895 -31.655 5.099 0.0000000000
32508 10.152 -31.831 4.739 0.0000000000
32509 10.459 -31.519 4.949 0.0000000000
32510 10.411 -31.960 4.404 0.0000000000
32511 10.125 -30.458 7.012 0.0000000000
32512 10.022 -30.741 6.330 0.0000000000
32513 10.223 -30.222 7.670 0.0000000000
32514 10.443 -30.283 7.273 0.0000000000
32515 10.662 -30.330 6.897 0.0000000000
32516 10.499 -31.045 5.549 0.0000000000
32517 10.751 -31.203 5.162 0.0000000000
32518 10.253 -30.893 5.920 0.0000000000
32519 10.562 -30.624 6.204 0.0000000000
32520 10.861 -30.394 6.458 0.0000000000
32521 11.034 -30.866 5.393 0.0000000000
32522 11.016 -31.324 4.810 0.0000000000
32523 11.075 -30.457 6.026 0.0000000000
32524 11.325 -30.559 5.643 0.0000000000
32525 11.592 -30.649 5.294 0.0000000000
32526 6.754 -34.415 2.180 0.0000000000
32527 6.322 -34.547 2.087 0.0000000000
32528 7.609 -34.060 2.449 0.0000000000
32529 7.186 -34.252 2.303 0.0000000000
32530 6.921 -34.558 1.760 0.0000000000
32531 7.108 -34.683 1.356 0.0000000000
32532 6.649 -34.852 1.235 0.0000000000
32533 8.428 -33.605 2.834 0.0000000000
32534 8.024 -33.846 2.630 0.0000000000
32535 9.216 -33.107 3.253 0.0000000000
32536 8.822 -33.351 3.040 0.0000000000
32537 8.637 -33.689 2.465 0.0000000000
32538 8.856 -33.756 2.106 0.0000000000
32539 8.442 -34.022 1.898 0.0000000000
32540 7.572 -34.487 1.517 0.0000000000
32541 7.341 -34.794 0.998 0.0000000000
32542 7.800 -34.174 2.061 0.0000000000
32543 8.023 -34.273 1.705 0.0000000000
32544 8.252 -34.349 1.356 0.0000000000
32545 7.585 -34.882 0.655 0.0000000000
32546 7.108 -35.075 0.495 0.0000000000
32547 8.497 -34.418 1.026 0.0000000000
32548 8.052 -34.668 0.834 0.0000000000
32549 7.846 -34.927 0.325 0.0000000000
32550 8.131 -34.926 0.007 0.0000000000
32551 7.667 -35.166 -0.159 0.0000000000
32552 9.975 -32.618 3.660 0.0000000000
32553 9.600 -32.872 3.456 0.0000000000
32554 10.671 -32.062 4.068 0.0000000000
32555 10.333 -32.347 3.867 0.0000000000
32556 10.214 -32.676 3.316 0.0000000000
32557 10.461 -32.726 2.977 0.0000000000
32558 10.070 -32.977 2.757 0.0000000000
32559 11.287 -31.412 4.489 0.0000000000
32560 10.988 -31.749 4.272 0.0000000000
32561 11.872 -30.712 4.980 0.0000000000
32562 11.582 -31.068 4.723 0.0000000000
32563 11.569 -31.479 4.192 0.0000000000
32564 11.849 -31.510 3.901 0.0000000000
32565 11.525 -31.844 3.661 0.0000000000
32566 10.837 -32.460 3.200 0.0000000000
32567 10.713 -32.761 2.649 0.0000000000
32568 10.934 -32.131 3.744 0.0000000000
32569 11.191 -32.165 3.431 0.0000000000
32570 11.453 -32.179 3.124 0.0000000000
32571 10.967 -32.770 2.332 0.0000000000
32572 10.571 -33.046 2.089 0.0000000000
32573 11.722 -32.182 2.828 0.0000000000
32574 11.353 -32.487 2.580 0.0000000000
32575 11.232 -32.770 2.026 0.0000000000
32576 11.500 -32.742 1.724 0.0000000000
32577 11.112 -33.055 1.474 0.0000000000
32578 8.596 -34.712 0.197 0.0000000000
32579 8.437 -34.932 -0.300 0.0000000000
32580 8.928 -34.151 1.224 0.0000000000
32581 8.759 -34.461 0.703 0.0000000000
32582 9.044 -34.478 0.388 0.0000000000
32583 9.479 -34.218 0.584 0.0000000000
32584 9.341 -34.474 0.072 0.0000000000
32585 9.264 -33.487 2.319 0.0000000000
32586 9.096 -33.815 1.763 0.0000000000
32587 9.432 -33.172 2.883 0.0000000000
32588 9.669 -33.226 2.535 0.0000000000
32589 9.914 -33.275 2.196 0.0000000000
32590 9.621 -33.924 1.109 0.0000000000
32591 9.904 -33.949 0.791 0.0000000000
32592 9.350 -33.875 1.431 0.0000000000
32593 9.762 -33.595 1.642 0.0000000000
32594 10.167 -33.317 1.860 0.0000000000
32595 10.315 -33.660 1.005 0.0000000000
32596 10.197 -33.932 0.476 0.0000000000
32597 10.436 -33.349 1.540 0.0000000000
32598 10.717 -33.360 1.232 0.0000000000
32599 11.007 -33.338 0.929 0.0000000000
32600 8.785 -34.925 -0.585 0.0000000000
32601 8.324 -35.153 -0.759 0.0000000000
32602 9.669 -34.439 -0.231 0.0000000000
32603 9.236 -34.693 -0.409 0.0000000000
32604 9.150 -34.881 -0.875 0.0000000000
32605 9.528 -34.811 -1.165 0.0000000000
32606 9.081 -35.038 -1.333 0.0000000000
32607 10.507 -33.891 0.169 0.0000000000
32608 10.092 -34.170 -0.039 0.0000000000
32609 11.309 -33.295 0.635 0.0000000000
32610 10.914 -33.599 0.394 0.0000000000
32611 10.841 -33.834 -0.123 0.0000000000
32612 11.190 -33.755 -0.411 0.0000000000
32613 10.791 -34.037 -0.622 0.0000000000
32614 9.964 -34.577 -0.992 0.0000000000
32615 9.929 -34.712 -1.449 0.0000000000
32616 10.015 -34.393 -0.527 0.0000000000
32617 10.383 -34.311 -0.814 0.0000000000
32618 10.756 -34.200 -1.107 0.0000000000
32619 10.320 -34.581 -1.748 0.0000000000
32620 9.899 -34.820 -1.902 0.0000000000
32621 11.123 -34.059 -1.407 0.0000000000
32622 10.729 -34.329 -1.585 0.0000000000
32623 10.703 -34.433 -2.051 0.0000000000
32624 11.067 -34.263 -2.361 0.0000000000
32625 10.662 -34.512 -2.513 0.0000000000
32626 14.713 -30.096 1.089 0.0000000000
32627 15.224 -29.667 0.935 0.0000000000
32628 13.617 -30.853 1.397 0.0000000000
32629 14.175 -30.492 1.244 0.0000000000
32630 14.308 -30.534 0.740 0.0000000000
32631 13.881 -30.960 0.415 0.0000000000
32632 14.427 -30.572 0.234 0.0000000000
32633 12.481 -31.483 1.704 0.0000000000
32634 13.049 -31.182 1.548 0.0000000000
32635 11.347 -32.014 2.006 0.0000000000
32636 11.907 -31.760 1.863 0.0000000000
32637 12.023 -31.874 1.390 0.0000000000
32638 11.584 -32.246 1.060 0.0000000000
32639 12.163 -31.973 0.920 0.0000000000
32640 13.311 -31.318 0.587 0.0000000000
32641 13.427 -31.389 0.095 0.0000000000
32642 13.192 -31.259 1.069 0.0000000000
32643 12.736 -31.657 0.759 0.0000000000
32644 12.290 -32.058 0.440 0.0000000000
32645 12.964 -31.821 -0.227 0.0000000000
32646 13.511 -31.446 -0.421 0.0000000000
32647 11.838 -32.442 0.105 0.0000000000
32648 12.395 -32.135 -0.060 0.0000000000
32649 12.483 -32.223 -0.578 0.0000000000
32650 12.008 -32.646 -0.947 0.0000000000
32651 12.538 -32.314 -1.118 0.0000000000
32652 10.254 -32.449 2.216 0.0000000000
32653 10.793 -32.239 2.113 0.0000000000
32654 9.228 -32.747 2.555 0.0000000000
32655 9.732 -32.614 2.356 0.0000000000
32656 9.803 -32.825 1.848 0.0000000000
32657 9.332 -33.199 1.498 0.0000000000
32658 9.880 -33.011 1.347 0.0000000000
32659 8.215 -32.938 3.024 0.0000000000
32660 8.726 -32.857 2.784 0.0000000000
32661 7.182 -32.999 3.557 0.0000000000
32662 7.700 -32.984 3.280 0.0000000000
32663 7.759 -33.245 2.725 0.0000000000
32664 7.288 -33.530 2.447 0.0000000000
32665 7.795 -33.486 2.160 0.0000000000
32666 8.800 -33.331 1.686 0.0000000000
32667 8.861 -33.547 1.158 0.0000000000
32668 8.767 -33.102 2.233 0.0000000000
32669 8.289 -33.419 1.902 0.0000000000
32670 7.828 -33.731 1.593 0.0000000000
32671 8.425 -33.882 0.816 0.0000000000
32672 8.982 -33.742 0.643 0.0000000000
32673 7.376 -33.999 1.311 0.0000000000
32674 7.889 -33.969 1.034 0.0000000000
32675 7.982 -34.178 0.494 0.0000000000
32676 7.490 -34.420 0.225 0.0000000000
32677 8.056 -34.343 -0.025 0.0000000000
32678 11.481 -32.946 -0.803 0.0000000000
32679 11.527 -33.062 -1.362 0.0000000000
32680 11.280 -32.729 0.229 0.0000000000
32681 11.398 -32.838 -0.273 0.0000000000
32682 10.945 -33.227 -0.701 0.0000000000
32683 10.405 -33.501 -0.604 0.0000000000
32684 10.469 -33.640 -1.148 0.0000000000
32685 11.009 -32.517 1.168 0.0000000000
32686 11.144 -32.626 0.708 0.0000000000
32687 10.895 -32.390 1.633 0.0000000000
32688 10.444 -32.778 1.251 0.0000000000
32689 9.995 -33.169 0.880 0.0000000000
32690 10.298 -33.391 -0.085 0.0000000000
32691 9.853 -33.766 -0.487 0.0000000000
32692 10.717 -33.017 0.325 0.0000000000
32693 10.142 -33.292 0.406 0.0000000000
32694 9.554 -33.534 0.511 0.0000000000
32695 9.260 -33.998 -0.371 0.0000000000
32696 9.348 -34.132 -0.871 0.0000000000
32697 9.126 -33.884 0.130 0.0000000000
32698 8.647 -34.187 -0.223 0.0000000000
32699 8.103 -34.497 -0.532 0.0000000000
32700 10.999 -33.480 -1.822 0.0000000000
32701 11.520 -33.175 -1.938 0.0000000000
32702 9.951 -34.050 -1.564 0.0000000000
32703 10.479 -33.778 -1.709 0.0000000000
32704 10.419 -33.904 -2.287 0.0000000000
32705 9.771 -34.283 -2.712 0.0000000000
32706 10.280 -33.990 -2.860 0.0000000000
32707 8.797 -34.472 -1.217 0.0000000000
32708 9.389 -34.274 -1.395 0.0000000000
32709 7.530 -34.761 -0.822 0.0000000000
32710 8.160 -34.636 -1.037 0.0000000000
32711 8.187 -34.757 -1.552 0.0000000000
32712 7.544 -35.001 -1.844 0.0000000000
32713 8.150 -34.872 -2.082 0.0000000000
32714 9.267 -34.522 -2.518 0.0000000000
32715 9.047 -34.602 -3.093 0.0000000000
32716 9.376 -34.399 -1.946 0.0000000000
32717 8.734 -34.698 -2.300 0.0000000000
32718 8.021 -34.967 -2.623 0.0000000000
32719 8.280 -34.876 -3.424 0.0000000000
32720 8.763 -34.646 -3.657 0.0000000000
32721 7.296 -35.195 -2.902 0.0000000000
32722 7.792 -35.050 -3.165 0.0000000000
32723 7.536 -35.098 -3.706 0.0000000000
32724 6.877 -35.278 -3.943 0.0000000000
32725 7.285 -35.089 -4.229 0.0000000000
32726 6.167 -32.912 4.125 0.0000000000
32727 6.667 -32.976 3.841 0.0000000000
32728 5.316 -32.721 4.746 0.0000000000
32729 5.720 -32.830 4.426 0.0000000000
32730 5.687 -33.172 3.896 0.0000000000
32731 5.223 -33.401 3.712 0.0000000000
32732 5.694 -33.482 3.365 0.0000000000
32733 4.696 -32.487 5.431 0.0000000000
32734 4.975 -32.609 5.085 0.0000000000
32735 4.430 -32.140 6.231 0.0000000000
32736 4.513 -32.340 5.799 0.0000000000
32737 4.426 -32.733 5.280 0.0000000000
32738 4.266 -32.917 5.187 0.0000000000
32739 4.388 -33.082 4.789 0.0000000000
32740 4.848 -33.296 4.079 0.0000000000
32741 4.838 -33.609 3.531 0.0000000000
32742 4.898 -32.967 4.592 0.0000000000
32743 4.571 -33.193 4.433 0.0000000000
32744 4.372 -33.396 4.291 0.0000000000
32745 4.585 -33.803 3.338 0.0000000000
32746 4.872 -33.883 2.971 0.0000000000
32747 4.269 -33.534 4.225 0.0000000000
32748 4.400 -33.687 3.760 0.0000000000
32749 4.458 -33.966 3.223 0.0000000000
32750 4.400 -34.061 3.239 0.0000000000
32751 4.504 -34.189 2.635 0.0000000000
32752 4.431 -31.722 7.140 0.0000000000
32753 4.409 -31.937 6.683 0.0000000000
32754 4.491 -31.116 8.104 0.0000000000
32755 4.474 -31.460 7.618 0.0000000000
32756 4.374 -31.909 7.130 0.0000000000
32757 4.440 -32.012 7.136 0.0000000000
32758 4.341 -32.251 6.660 0.0000000000
32759 4.130 -30.358 9.019 0.0000000000
32760 4.393 -30.727 8.587 0.0000000000
32761 3.797 -30.062 9.313 0.0000000000
32762 4.286 -30.510 9.054 0.0000000000
32763 4.593 -30.994 8.572 0.0000000000
32764 4.550 -31.717 7.609 0.0000000000
32765 4.575 -32.077 7.107 0.0000000000
32766 4.501 -31.287 8.091 0.0000000000
32767 4.604 -31.378 8.087 0.0000000000
32768 4.751 -31.422 8.067 0.0000000000
32769 4.731 -32.084 7.099 0.0000000000
32770 4.588 -32.369 6.643 0.0000000000
32771 4.846 -31.774 7.564 0.0000000000
32772 4.924 -32.065 7.081 0.0000000000
32773 4.991 -32.362 6.573 0.0000000000
32774 4.310 -33.892 3.816 0.0000000000
32775 4.385 -34.109 3.287 0.0000000000
32776 4.214 -33.320 4.788 0.0000000000
32777 4.247 -33.618 4.287 0.0000000000
32778 4.305 -33.708 4.314 0.0000000000
32779 4.345 -33.494 4.771 0.0000000000
32780 4.436 -33.786 4.269 0.0000000000
32781 4.234 -32.675 5.692 0.0000000000
32782 4.207 -33.002 5.244 0.0000000000
32783 4.296 -32.336 6.163 0.0000000000
32784 4.259 -32.460 6.181 0.0000000000
32785 4.305 -32.557 6.193 0.0000000000
32786 4.320 -33.180 5.307 0.0000000000
32787 4.461 -33.258 5.214 0.0000000000
32788 4.216 -33.092 5.320 0.0000000000
32789 4.296 -32.867 5.770 0.0000000000
32790 4.425 -32.622 6.193 0.0000000000
32791 4.617 -33.001 5.650 0.0000000000
32792 4.665 -33.307 5.125 0.0000000000
32793 4.605 -32.658 6.182 0.0000000000
32794 4.803 -32.695 6.101 0.0000000000
32795 5.047 -32.688 6.043 0.0000000000
32796 4.445 -34.176 3.239 0.0000000000
32797 4.446 -34.312 2.677 0.0000000000
32798 4.621 -33.849 4.168 0.0000000000
32799 4.522 -34.042 3.724 0.0000000000
32800 4.554 -34.257 3.126 0.0000000000
32801 4.745 -34.305 3.047 0.0000000000
32802 4.618 -34.458 2.584 0.0000000000
32803 4.910 -33.338 5.034 0.0000000000
32804 4.735 -33.612 4.592 0.0000000000
32805 5.128 -33.008 5.509 0.0000000000
32806 5.210 -33.323 4.974 0.0000000000
32807 5.316 -33.605 4.463 0.0000000000
32808 4.896 -34.116 3.510 0.0000000000
32809 4.987 -34.335 2.992 0.0000000000
32810 4.813 -33.894 4.047 0.0000000000
32811 5.082 -33.891 3.976 0.0000000000
32812 5.425 -33.851 3.953 0.0000000000
32813 5.298 -34.337 2.962 0.0000000000
32814 5.088 -34.543 2.477 0.0000000000
32815 5.547 -34.079 3.462 0.0000000000
32816 5.668 -34.284 2.973 0.0000000000
32817 5.783 -34.480 2.491 0.0000000000
32818 6.468 -35.407 -3.645 0.0000000000
32819 6.351 -35.408 -4.138 0.0000000000
32820 6.788 -35.289 -2.622 0.0000000000
32821 6.634 -35.359 -3.146 0.0000000000
32822 6.109 -35.495 -3.337 0.0000000000
32823 5.781 -35.570 -3.001 0.0000000000
32824 5.752 -35.629 -3.472 0.0000000000
32825 6.922 -35.102 -1.590 0.0000000000
32826 6.889 -35.201 -2.105 0.0000000000
32827 6.946 -34.808 -0.569 0.0000000000
32828 6.921 -34.962 -1.087 0.0000000000
32829 6.338 -35.155 -1.315 0.0000000000
32830 5.847 -35.136 -0.999 0.0000000000
32831 5.827 -35.282 -1.512 0.0000000000
32832 5.813 -35.487 -2.507 0.0000000000
32833 5.484 -35.602 -2.646 0.0000000000
32834 6.291 -35.358 -2.325 0.0000000000
32835 5.828 -35.391 -2.013 0.0000000000
32836 5.440 -35.388 -1.674 0.0000000000
32837 5.240 -35.635 -2.256 0.0000000000
32838 5.289 -35.743 -2.699 0.0000000000
32839 5.155 -35.354 -1.282 0.0000000000
32840 5.200 -35.497 -1.783 0.0000000000
32841 5.087 -35.591 -1.781 0.0000000000
32842 4.965 -35.569 -1.282 0.0000000000
32843 5.053 -35.738 -1.732 0.0000000000
32844 6.956 -34.419 0.527 0.0000000000
32845 6.969 -34.631 -0.023 0.0000000000
32846 6.860 -34.003 1.618 0.0000000000
32847 6.902 -34.201 1.073 0.0000000000
32848 6.429 -34.395 0.852 0.0000000000
32849 5.907 -34.347 1.182 0.0000000000
32850 5.967 -34.554 0.627 0.0000000000
32851 6.767 -33.562 2.740 0.0000000000
32852 6.814 -33.790 2.178 0.0000000000
32853 6.704 -33.271 3.293 0.0000000000
32854 6.222 -33.535 3.041 0.0000000000
32855 5.731 -33.742 2.818 0.0000000000
32856 5.839 -34.161 1.729 0.0000000000
32857 5.415 -34.328 1.537 0.0000000000
32858 6.325 -33.999 1.939 0.0000000000
32859 5.785 -33.971 2.268 0.0000000000
32860 5.285 -33.936 2.614 0.0000000000
32861 4.992 -34.303 1.879 0.0000000000
32862 5.085 -34.482 1.342 0.0000000000
32863 4.924 -34.109 2.421 0.0000000000
32864 4.685 -34.279 2.214 0.0000000000
32865 4.569 -34.419 2.048 0.0000000000
32866 4.864 -35.422 -0.851 0.0000000000
32867 4.871 -35.526 -0.776 0.0000000000
32868 5.141 -35.205 -0.777 0.0000000000
32869 4.937 -35.303 -0.849 0.0000000000
32870 4.781 -35.270 -0.418 0.0000000000
32871 4.749 -35.060 0.008 0.0000000000
32872 4.700 -35.170 0.030 0.0000000000
32873 5.923 -34.961 -0.471 0.0000000000
32874 5.473 -35.090 -0.636 0.0000000000
32875 6.437 -34.808 -0.264 0.0000000000
32876 5.977 -34.771 0.075 0.0000000000
32877 5.540 -34.701 0.427 0.0000000000
32878 4.915 -34.937 0.083 0.0000000000
32879 4.743 -34.863 0.459 0.0000000000
32880 5.167 -35.022 -0.270 0.0000000000
32881 5.181 -34.820 0.243 0.0000000000
32882 5.158 -34.647 0.790 0.0000000000
32883 4.689 -34.719 0.947 0.0000000000
32884 4.618 -34.824 0.894 0.0000000000
32885 4.838 -34.609 1.133 0.0000000000
32886 4.641 -34.604 1.470 0.0000000000
32887 4.522 -34.486 2.009 0.0000000000
32888 4.837 -35.466 -0.329 0.0000000000
32889 4.986 -35.635 -0.755 0.0000000000
32890 4.644 -35.078 0.523 0.0000000000
32891 4.719 -35.273 0.091 0.0000000000
32892 4.805 -35.346 0.090 0.0000000000
32893 4.917 -35.226 0.529 0.0000000000
32894 5.050 -35.399 0.088 0.0000000000
32895 4.567 -34.718 1.462 0.0000000000
32896 4.612 -34.913 0.985 0.0000000000
32897 4.513 -34.519 2.047 0.0000000000
32898 4.562 -34.567 2.069 0.0000000000
32899 4.696 -34.645 2.069 0.0000000000
32900 4.832 -35.063 1.001 0.0000000000
32901 5.078 -35.085 0.987 0.0000000000
32902 4.687 -34.990 1.042 0.0000000000
32903 4.774 -34.853 1.522 0.0000000000
32904 4.919 -34.703 1.999 0.0000000000
32905 5.270 -34.917 1.465 0.0000000000
32906 5.381 -35.096 1.000 0.0000000000
32907 5.181 -34.733 1.965 0.0000000000
32908 5.518 -34.713 1.972 0.0000000000
32909 5.907 -34.645 2.018 0.0000000000
32910 5.985 -35.511 -4.256 0.0000000000
32911 6.251 -35.374 -4.588 0.0000000000
32912 5.543 -35.772 -3.525 0.0000000000
32913 5.753 -35.644 -3.904 0.0000000000
32914 5.769 -35.656 -4.296 0.0000000000
32915 5.732 -35.855 -4.216 0.0000000000
32916 5.803 -35.702 -4.626 0.0000000000
32917 5.270 -35.887 -2.612 0.0000000000
32918 5.382 -35.842 -3.098 0.0000000000
32919 5.132 -35.843 -1.664 0.0000000000
32920 5.186 -35.901 -2.113 0.0000000000
32921 5.368 -35.998 -2.542 0.0000000000
32922 5.538 -36.052 -2.497 0.0000000000
32923 5.597 -36.076 -2.929 0.0000000000
32924 5.694 -35.988 -3.795 0.0000000000
32925 5.875 -35.987 -4.115 0.0000000000
32926 5.536 -35.940 -3.454 0.0000000000
32927 5.659 -36.065 -3.359 0.0000000000
32928 5.855 -36.105 -3.277 0.0000000000
32929 6.134 -36.042 -4.015 0.0000000000
32930 6.100 -35.961 -4.413 0.0000000000
32931 6.187 -36.087 -3.184 0.0000000000
32932 6.161 -36.089 -3.610 0.0000000000
32933 6.491 -36.021 -3.901 0.0000000000
32934 6.920 -35.949 -3.764 0.0000000000
32935 6.838 -35.921 -4.188 0.0000000000
32936 5.167 -35.686 -0.769 0.0000000000
32937 5.108 -35.771 -1.213 0.0000000000
32938 5.345 -35.413 0.110 0.0000000000
32939 5.236 -35.559 -0.332 0.0000000000
32940 5.451 -35.709 -0.735 0.0000000000
32941 5.804 -35.689 -0.680 0.0000000000
32942 5.679 -35.815 -1.135 0.0000000000
32943 5.776 -35.037 1.054 0.0000000000
32944 5.536 -35.242 0.564 0.0000000000
32945 6.038 -34.814 1.564 0.0000000000
32946 6.199 -34.953 1.129 0.0000000000
32947 6.387 -35.103 0.725 0.0000000000
32948 5.968 -35.518 -0.218 0.0000000000
32949 6.228 -35.620 -0.593 0.0000000000
32950 5.727 -35.385 0.158 0.0000000000
32951 6.158 -35.325 0.242 0.0000000000
32952 6.628 -35.229 0.358 0.0000000000
32953 6.692 -35.509 -0.472 0.0000000000
32954 6.529 -35.686 -0.935 0.0000000000
32955 6.886 -35.312 0.004 0.0000000000
32956 7.184 -35.363 -0.319 0.0000000000
32957 7.509 -35.387 -0.624 0.0000000000
32958 6.988 -35.950 -3.327 0.0000000000
32959 7.394 -35.843 -3.609 0.0000000000
32960 6.196 -36.067 -2.738 0.0000000000
32961 6.590 -36.028 -3.043 0.0000000000
32962 7.041 -35.936 -2.887 0.0000000000
32963 7.088 -35.883 -2.450 0.0000000000
32964 7.535 -35.806 -2.719 0.0000000000
32965 5.561 -36.012 -2.036 0.0000000000
32966 5.843 -36.060 -2.408 0.0000000000
32967 5.331 -35.903 -1.613 0.0000000000
32968 5.597 -35.925 -1.583 0.0000000000
32969 5.965 -35.889 -1.507 0.0000000000
32970 6.669 -35.929 -2.164 0.0000000000
32971 7.147 -35.803 -1.998 0.0000000000
32972 6.230 -36.016 -2.301 0.0000000000
32973 6.295 -35.931 -1.850 0.0000000000
32974 6.398 -35.817 -1.394 0.0000000000
32975 7.253 -35.700 -1.546 0.0000000000
32976 7.656 -35.645 -1.824 0.0000000000
32977 6.873 -35.715 -1.254 0.0000000000
32978 7.370 -35.570 -1.085 0.0000000000
32979 7.852 -35.376 -0.924 0.0000000000
32980 7.885 -35.711 -3.435 0.0000000000
32981 7.789 -35.701 -3.881 0.0000000000
32982 8.031 -35.655 -2.540 0.0000000000
32983 7.968 -35.695 -2.986 0.0000000000
32984 8.391 -35.552 -3.262 0.0000000000
32985 8.883 -35.367 -3.096 0.0000000000
32986 8.783 -35.375 -3.549 0.0000000000
32987 8.162 -35.476 -1.656 0.0000000000
32988 8.079 -35.583 -2.096 0.0000000000
32989 8.236 -35.330 -1.209 0.0000000000
32990 8.629 -35.263 -1.494 0.0000000000
32991 9.039 -35.159 -1.775 0.0000000000
32992 8.950 -35.334 -2.650 0.0000000000
32993 9.352 -35.167 -2.943 0.0000000000
32994 8.515 -35.482 -2.371 0.0000000000
32995 8.994 -35.267 -2.210 0.0000000000
32996 9.455 -35.042 -2.054 0.0000000000
32997 9.807 -34.964 -2.799 0.0000000000
32998 9.720 -34.987 -3.253 0.0000000000
32999 9.858 -34.910 -2.351 0.0000000000
33000 10.245 -34.753 -2.657 0.0000000000
33001 10.586 -34.558 -2.978 0.0000000000
33002 15.351 -29.674 0.395 0.0000000000
33003 15.738 -29.171 0.797 0.0000000000
33004 14.518 -30.598 -0.294 0.0000000000
33005 14.944 -30.123 0.034 0.0000000000
33006 15.427 -29.650 -0.153 0.0000000000
33007 15.435 -29.598 -0.711 0.0000000000
33008 15.860 -29.126 -0.356 0.0000000000
33009 13.545 -31.488 -0.969 0.0000000000
33010 14.044 -31.038 -0.631 0.0000000000
33011 12.536 -32.391 -1.684 0.0000000000
33012 13.050 -31.951 -1.315 0.0000000000
33013 13.542 -31.536 -1.527 0.0000000000
33014 13.461 -31.563 -2.094 0.0000000000
33015 14.005 -31.075 -1.756 0.0000000000
33016 15.006 -30.097 -1.067 0.0000000000
33017 15.365 -29.521 -1.283 0.0000000000
33018 14.556 -30.607 -0.843 0.0000000000
33019 14.510 -30.583 -1.413 0.0000000000
33020 14.393 -30.532 -1.978 0.0000000000
33021 15.231 -29.434 -1.856 0.0000000000
33022 15.669 -28.924 -1.513 0.0000000000
33023 14.209 -30.489 -2.528 0.0000000000
33024 14.756 -29.963 -2.195 0.0000000000
33025 15.019 -29.354 -2.417 0.0000000000
33026 14.750 -29.299 -2.980 0.0000000000
33027 15.253 -28.751 -2.663 0.0000000000
33028 11.422 -33.262 -2.531 0.0000000000
33029 12.001 -32.826 -2.081 0.0000000000
33030 10.040 -34.074 -3.454 0.0000000000
33031 10.756 -33.681 -3.002 0.0000000000
33032 11.225 -33.329 -3.131 0.0000000000
33033 10.947 -33.362 -3.750 0.0000000000
33034 11.644 -32.945 -3.291 0.0000000000
33035 8.491 -34.658 -4.209 0.0000000000
33036 9.284 -34.395 -3.855 0.0000000000
33037 7.051 -35.038 -4.725 0.0000000000
33038 7.725 -34.858 -4.498 0.0000000000
33039 8.155 -34.572 -4.729 0.0000000000
33040 7.799 -34.431 -5.281 0.0000000000
33041 8.573 -34.237 -4.955 0.0000000000
33042 10.194 -33.723 -4.200 0.0000000000
33043 10.585 -33.317 -4.373 0.0000000000
33044 9.764 -34.084 -4.031 0.0000000000
33045 9.398 -34.012 -4.611 0.0000000000
33046 8.908 -33.845 -5.227 0.0000000000
33047 10.082 -33.176 -5.033 0.0000000000
33048 10.895 -32.880 -4.577 0.0000000000
33049 8.247 -33.549 -5.832 0.0000000000
33050 9.185 -33.398 -5.432 0.0000000000
33051 9.382 -32.863 -5.587 0.0000000000
33052 8.530 -32.462 -5.851 0.0000000000
33053 9.487 -32.329 -5.595 0.0000000000
33054 14.192 -29.871 -3.308 0.0000000000
33055 14.321 -29.268 -3.520 0.0000000000
33056 13.649 -31.039 -2.879 0.0000000000
33057 13.943 -30.455 -3.076 0.0000000000
33058 13.551 -30.431 -3.672 0.0000000000
33059 12.868 -30.971 -4.063 0.0000000000
33060 12.963 -30.364 -4.210 0.0000000000
33061 12.897 -32.040 -2.457 0.0000000000
33062 13.299 -31.562 -2.658 0.0000000000
33063 12.470 -32.470 -2.267 0.0000000000
33064 12.281 -32.487 -2.853 0.0000000000
33065 12.034 -32.520 -3.470 0.0000000000
33066 12.667 -31.543 -3.874 0.0000000000
33067 12.136 -31.439 -4.482 0.0000000000
33068 13.040 -31.562 -3.245 0.0000000000
33069 12.403 -32.058 -3.656 0.0000000000
33070 11.676 -32.502 -4.123 0.0000000000
33071 11.280 -31.810 -4.887 0.0000000000
33072 11.342 -31.225 -4.866 0.0000000000
33073 11.160 -32.366 -4.763 0.0000000000
33074 10.420 -32.108 -5.288 0.0000000000
33075 9.594 -31.762 -5.432 0.0000000000
33076 13.665 -29.239 -3.970 0.0000000000
33077 14.296 -28.648 -3.661 0.0000000000
33078 12.147 -30.273 -4.532 0.0000000000
33079 12.946 -29.786 -4.268 0.0000000000
33080 12.820 -29.199 -4.232 0.0000000000
33081 11.916 -29.189 -4.206 0.0000000000
33082 12.629 -28.686 -4.122 0.0000000000
33083 10.455 -30.999 -4.985 0.0000000000
33084 11.294 -30.673 -4.768 0.0000000000
33085 8.744 -31.520 -5.250 0.0000000000
33086 9.601 -31.279 -5.135 0.0000000000
33087 9.596 -30.850 -4.732 0.0000000000
33088 8.799 -30.924 -4.325 0.0000000000
33089 9.529 -30.543 -4.322 0.0000000000
33090 11.089 -29.725 -4.292 0.0000000000
33091 11.036 -29.275 -3.975 0.0000000000
33092 11.208 -30.167 -4.562 0.0000000000
33093 10.317 -30.144 -4.322 0.0000000000
33094 9.553 -30.235 -3.944 0.0000000000
33095 10.344 -29.396 -3.618 0.0000000000
33096 10.958 -28.831 -3.639 0.0000000000
33097 8.985 -30.361 -3.566 0.0000000000
33098 9.666 -29.888 -3.604 0.0000000000
33099 9.833 -29.532 -3.269 0.0000000000
33100 9.453 -29.694 -2.948 0.0000000000
33101 9.995 -29.158 -2.968 0.0000000000
33102 6.142 -35.336 -5.003 0.0000000000
33103 6.533 -35.197 -4.897 0.0000000000
33104 5.933 -35.725 -4.926 0.0000000000
33105 5.908 -35.521 -5.020 0.0000000000
33106 6.070 -35.325 -5.377 0.0000000000
33107 6.067 -35.344 -5.700 0.0000000000
33108 6.259 -35.036 -5.724 0.0000000000
33109 6.380 -35.889 -4.705 0.0000000000
33110 6.123 -35.864 -4.809 0.0000000000
33111 7.191 -35.786 -4.472 0.0000000000
33112 6.758 -35.861 -4.599 0.0000000000
33113 6.709 -35.771 -5.007 0.0000000000
33114 7.015 -35.578 -5.313 0.0000000000
33115 6.673 -35.629 -5.414 0.0000000000
33116 6.187 -35.542 -5.608 0.0000000000
33117 6.138 -35.232 -6.013 0.0000000000
33118 6.176 -35.741 -5.194 0.0000000000
33119 6.402 -35.624 -5.511 0.0000000000
33120 6.590 -35.422 -5.827 0.0000000000
33121 6.219 -35.069 -6.321 0.0000000000
33122 6.089 -34.767 -6.427 0.0000000000
33123 6.767 -35.181 -6.144 0.0000000000
33124 6.472 -35.157 -6.233 0.0000000000
33125 6.288 -34.805 -6.596 0.0000000000
33126 6.242 -34.524 -6.855 0.0000000000
33127 5.933 -34.314 -6.877 0.0000000000
33128 8.157 -35.521 -4.163 0.0000000000
33129 7.664 -35.667 -4.324 0.0000000000
33130 9.129 -35.181 -3.854 0.0000000000
33131 8.650 -35.363 -4.005 0.0000000000
33132 8.493 -35.342 -4.465 0.0000000000
33133 8.791 -35.109 -4.772 0.0000000000
33134 8.327 -35.264 -4.921 0.0000000000
33135 10.042 -34.789 -3.578 0.0000000000
33136 9.592 -34.990 -3.713 0.0000000000
33137 10.894 -34.349 -3.304 0.0000000000
33138 10.472 -34.572 -3.443 0.0000000000
33139 10.325 -34.577 -3.911 0.0000000000
33140 10.563 -34.338 -4.248 0.0000000000
33141 10.137 -34.554 -4.380 0.0000000000
33142 9.247 -34.936 -4.638 0.0000000000
33143 9.015 -34.846 -5.101 0.0000000000
33144 9.436 -34.980 -4.176 0.0000000000
33145 9.698 -34.756 -4.509 0.0000000000
33146 9.905 -34.501 -4.849 0.0000000000
33147 9.185 -34.576 -5.446 0.0000000000
33148 8.742 -34.721 -5.574 0.0000000000
33149 10.067 -34.215 -5.188 0.0000000000
33150 9.627 -34.410 -5.318 0.0000000000
33151 9.303 -34.269 -5.783 0.0000000000
33152 9.382 -33.929 -6.111 0.0000000000
33153 8.925 -34.093 -6.239 0.0000000000
33154 6.547 -34.584 -6.809 0.0000000000
33155 6.073 -34.222 -7.065 0.0000000000
33156 7.105 -35.138 -6.048 0.0000000000
33157 6.889 -34.894 -6.456 0.0000000000
33158 6.873 -34.567 -6.762 0.0000000000
33159 7.233 -34.512 -6.693 0.0000000000
33160 6.765 -34.238 -7.037 0.0000000000
33161 7.419 -35.500 -5.192 0.0000000000
33162 7.276 -35.340 -5.624 0.0000000000
33163 7.545 -35.611 -4.762 0.0000000000
33164 7.870 -35.391 -5.061 0.0000000000
33165 8.128 -35.132 -5.370 0.0000000000
33166 7.602 -34.760 -6.274 0.0000000000
33167 7.618 -34.432 -6.597 0.0000000000
33168 7.495 -35.065 -5.938 0.0000000000
33169 7.893 -34.968 -5.824 0.0000000000
33170 8.304 -34.851 -5.701 0.0000000000
33171 8.028 -34.340 -6.487 0.0000000000
33172 7.557 -34.091 -6.890 0.0000000000
33173 8.418 -34.556 -6.041 0.0000000000
33174 8.472 -34.231 -6.368 0.0000000000
33175 8.485 -33.881 -6.668 0.0000000000
33176 5.856 -33.946 -7.216 0.0000000000
33177 5.482 -33.822 -7.082 0.0000000000
33178 6.607 -33.909 -7.254 0.0000000000
33179 6.219 -33.959 -7.269 0.0000000000
33180 5.681 -33.649 -7.302 0.0000000000
33181 5.504 -33.369 -7.307 0.0000000000
33182 5.131 -33.338 -7.124 0.0000000000
33183 7.485 -33.759 -7.147 0.0000000000
33184 7.021 -33.840 -7.215 0.0000000000
33185 8.480 -33.539 -6.959 0.0000000000
33186 7.973 -33.659 -7.054 0.0000000000
33187 7.434 -33.430 -7.350 0.0000000000
33188 7.409 -33.125 -7.515 0.0000000000
33189 6.844 -33.215 -7.521 0.0000000000
33190 5.879 -33.361 -7.425 0.0000000000
33191 5.361 -33.109 -7.282 0.0000000000
33192 6.464 -33.602 -7.413 0.0000000000
33193 6.331 -33.293 -7.494 0.0000000000
33194 6.323 -33.004 -7.540 0.0000000000
33195 5.268 -32.833 -7.220 0.0000000000
33196 4.861 -32.853 -6.991 0.0000000000
33197 6.266 -32.746 -7.574 0.0000000000
33198 5.730 -32.798 -7.413 0.0000000000
33199 5.156 -32.612 -7.129 0.0000000000
33200 5.104 -32.362 -7.066 0.0000000000
33201 4.691 -32.426 -6.746 0.0000000000
33202 8.831 -30.183 -2.916 0.0000000000
33203 9.167 -29.874 -2.663 0.0000000000
33204 8.327 -30.797 -3.564 0.0000000000
33205 8.536 -30.488 -3.223 0.0000000000
33206 8.171 -30.628 -2.903 0.0000000000
33207 7.551 -31.083 -2.934 0.0000000000
33208 7.913 -30.821 -2.654 0.0000000000
33209 8.096 -31.285 -4.371 0.0000000000
33210 8.192 -31.062 -3.956 0.0000000000
33211 7.872 -31.780 -5.349 0.0000000000
33212 7.992 -31.495 -4.825 0.0000000000
33213 7.363 -31.620 -4.411 0.0000000000
33214 6.619 -31.919 -4.471 0.0000000000
33215 6.833 -31.763 -4.065 0.0000000000
33216 7.242 -31.316 -3.296 0.0000000000
33217 6.879 -31.451 -3.011 0.0000000000
33218 7.692 -31.197 -3.611 0.0000000000
33219 7.030 -31.559 -3.676 0.0000000000
33220 6.358 -31.880 -3.760 0.0000000000
33221 6.208 -31.802 -3.113 0.0000000000
33222 6.533 -31.597 -2.768 0.0000000000
33223 5.655 -32.168 -3.859 0.0000000000
33224 5.921 -31.993 -3.478 0.0000000000
33225 5.531 -32.115 -3.227 0.0000000000
33226 4.897 -32.365 -3.391 0.0000000000
33227 5.177 -32.242 -3.002 0.0000000000
33228 7.544 -32.602 -6.169 0.0000000000
33229 7.693 -32.118 -5.848 0.0000000000
33230 7.536 -33.723 -6.132 0.0000000000
33231 7.505 -33.165 -6.280 0.0000000000
33232 6.874 -32.756 -6.404 0.0000000000
33233 6.444 -32.938 -6.588 0.0000000000
33234 6.337 -32.400 -6.226 0.0000000000
33235 7.171 -34.616 -5.517 0.0000000000
33236 7.415 -34.231 -5.832 0.0000000000
33237 6.836 -34.951 -5.194 0.0000000000
33238 6.664 -34.811 -5.655 0.0000000000
33239 6.480 -34.630 -6.088 0.0000000000
33240 6.562 -33.555 -6.661 0.0000000000
33241 6.132 -33.157 -6.689 0.0000000000
33242 7.006 -33.934 -6.315 0.0000000000
33243 6.595 -34.154 -6.429 0.0000000000
33244 6.274 -34.391 -6.462 0.0000000000
33245 5.877 -33.442 -6.776 0.0000000000
33246 5.633 -32.875 -6.534 0.0000000000
33247 6.036 -34.125 -6.736 0.0000000000
33248 5.742 -33.942 -6.860 0.0000000000
33249 5.395 -33.720 -6.883 0.0000000000
33250 4.671 -32.448 -3.826 0.0000000000
33251 4.361 -32.548 -3.627 0.0000000000
33252 5.466 -32.247 -4.305 0.0000000000
33253 5.035 -32.343 -4.051 0.0000000000
33254 4.556 -32.453 -4.307 0.0000000000
33255 4.544 -32.475 -4.828 0.0000000000
33256 4.222 -32.533 -4.616 0.0000000000
33257 6.490 -32.027 -5.017 0.0000000000
33258 5.941 -32.134 -4.613 0.0000000000
33259 7.048 -31.982 -5.486 0.0000000000
33260 6.363 -32.137 -5.642 0.0000000000
33261 5.799 -32.280 -5.832 0.0000000000
33262 4.881 -32.414 -5.087 0.0000000000
33263 4.544 -32.507 -5.362 0.0000000000
33264 5.356 -32.304 -4.823 0.0000000000
33265 5.302 -32.344 -5.414 0.0000000000
33266 5.352 -32.473 -6.040 0.0000000000
33267 4.683 -32.674 -5.993 0.0000000000
33268 4.366 -32.658 -5.770 0.0000000000
33269 5.091 -32.737 -6.288 0.0000000000
33270 4.936 -33.151 -6.572 0.0000000000
33271 5.124 -33.612 -6.871 0.0000000000
33272 3.991 -32.623 -3.938 0.0000000000
33273 4.090 -32.610 -3.484 0.0000000000
33274 4.004 -32.599 -4.950 0.0000000000
33275 3.943 -32.598 -4.438 0.0000000000
33276 3.733 -32.639 -4.363 0.0000000000
33277 3.639 -32.620 -4.916 0.0000000000
33278 3.549 -32.673 -4.347 0.0000000000
33279 4.425 -32.952 -6.333 0.0000000000
33280 4.141 -32.665 -5.599 0.0000000000
33281 4.908 -33.417 -6.855 0.0000000000
33282 4.761 -33.231 -6.811 0.0000000000
33283 4.633 -33.005 -6.734 0.0000000000
33284 3.881 -32.652 -5.552 0.0000000000
33285 3.756 -32.578 -5.545 0.0000000000
33286 3.966 -32.672 -5.521 0.0000000000
33287 4.199 -32.757 -6.166 0.0000000000
33288 4.522 -32.816 -6.654 0.0000000000
33289 4.032 -32.512 -6.054 0.0000000000
33290 3.629 -32.453 -5.449 0.0000000000
33291 4.450 -32.656 -6.578 0.0000000000
33292 4.356 -32.467 -6.429 0.0000000000
33293 4.258 -32.267 -6.302 0.0000000000
33294 8.951 -30.050 -2.450 0.0000000000
33295 9.530 -29.556 -2.468 0.0000000000
33296 7.651 -30.968 -2.463 0.0000000000
33297 8.334 -30.510 -2.448 0.0000000000
33298 8.784 -30.194 -2.322 0.0000000000
33299 8.602 -30.315 -2.246 0.0000000000
33300 9.227 -29.847 -2.226 0.0000000000
33301 6.216 -31.739 -2.568 0.0000000000
33302 6.927 -31.374 -2.483 0.0000000000
33303 4.829 -32.327 -2.860 0.0000000000
33304 5.494 -32.068 -2.688 0.0000000000
33305 5.873 -31.885 -2.476 0.0000000000
33306 5.489 -32.013 -2.409 0.0000000000
33307 6.205 -31.677 -2.302 0.0000000000
33308 7.887 -30.783 -2.260 0.0000000000
33309 8.325 -30.489 -2.214 0.0000000000
33310 7.387 -31.086 -2.333 0.0000000000
33311 7.065 -31.250 -2.282 0.0000000000
33312 6.690 -31.425 -2.253 0.0000000000
33313 7.948 -30.701 -2.203 0.0000000000
33314 8.671 -30.219 -2.161 0.0000000000
33315 6.303 -31.590 -2.229 0.0000000000
33316 7.142 -31.160 -2.212 0.0000000000
33317 7.534 -30.919 -2.194 0.0000000000
33318 7.187 -31.049 -2.183 0.0000000000
33319 7.822 -30.706 -2.193 0.0000000000
33320 3.815 -32.649 -3.445 0.0000000000
33321 4.256 -32.488 -3.113 0.0000000000
33322 3.377 -32.665 -4.382 0.0000000000
33323 3.525 -32.716 -3.871 0.0000000000
33324 3.536 -32.689 -3.480 0.0000000000
33325 3.306 -32.676 -3.559 0.0000000000
33326 3.614 -32.604 -3.162 0.0000000000
33327 3.556 -32.317 -5.393 0.0000000000
33328 3.385 -32.493 -4.895 0.0000000000
33330 3.857 -32.172 -5.842 0.0000000000
33331 3.505 -32.157 -5.360 0.0000000000
33332 3.487 -31.967 -5.358 0.0000000000
33333 3.233 -32.207 -4.889 0.0000000000
33334 3.141 -32.622 -3.978 0.0000000000
33335 3.082 -32.588 -3.629 0.0000000000
33336 3.238 -32.582 -4.396 0.0000000000
33337 3.095 -32.469 -4.415 0.0000000000
33338 3.059 -32.261 -4.521 0.0000000000
33339 2.917 -32.435 -3.702 0.0000000000
33340 3.165 -32.499 -3.290 0.0000000000
33341 3.069 -32.046 -4.646 0.0000000000
33342 2.937 -32.267 -4.176 0.0000000000
33346 6.480 -31.422 -2.207 0.0000000000
33347 6.913 -31.139 -2.203 0.0000000000
33348 5.430 -31.963 -2.263 0.0000000000
33349 5.954 -31.708 -2.210 0.0000000000
33350 5.737 -31.740 -2.215 0.0000000000
33351 4.985 -31.944 -2.251 0.0000000000
33352 5.565 -31.706 -2.230 0.0000000000
33353 4.757 -32.258 -2.546 0.0000000000
33354 5.088 -32.118 -2.379 0.0000000000
33355 4.470 -32.383 -2.800 0.0000000000
33356 4.110 -32.430 -2.811 0.0000000000
33357 3.789 -32.468 -2.879 0.0000000000
33358 4.495 -32.168 -2.394 0.0000000000
33359 4.340 -32.119 -2.385 0.0000000000
33360 4.733 -32.178 -2.394 0.0000000000
33361 4.111 -32.336 -2.624 0.0000000000
33362 3.566 -32.442 -2.929 0.0000000000
33363 3.810 -32.229 -2.641 0.0000000000
33364 4.245 -32.032 -2.394 0.0000000000
33365 3.401 -32.368 -2.974 0.0000000000
33368 6.614 -31.076 -2.274 0.0000000000
33369 7.185 -30.745 -2.291 0.0000000000
33370 5.397 -31.622 -2.258 0.0000000000
33371 6.017 -31.365 -2.283 0.0000000000
33372 6.310 -30.972 -2.367 0.0000000000
33373 6.004 -30.806 -2.463 0.0000000000
33374 6.519 -30.510 -2.500 0.0000000000
33375 4.147 -31.949 -2.435 0.0000000000
33376 4.752 -31.768 -2.286 0.0000000000
33378 3.636 -32.098 -2.759 0.0000000000
33379 4.042 -31.863 -2.490 0.0000000000
33380 3.858 -31.874 -2.643 0.0000000000
33381 4.445 -31.562 -2.422 0.0000000000
33382 5.480 -31.073 -2.441 0.0000000000
33383 5.721 -30.609 -2.537 0.0000000000
33384 5.178 -31.484 -2.332 0.0000000000
33385 4.967 -31.315 -2.418 0.0000000000
33386 4.781 -31.156 -2.510 0.0000000000
33387 5.473 -30.424 -2.606 0.0000000000
33388 5.899 -30.148 -2.633 0.0000000000
33389 4.625 -30.952 -2.597 0.0000000000
33390 5.042 -30.690 -2.597 0.0000000000
33391 5.250 -30.234 -2.677 0.0000000000
33392 5.111 -30.064 -2.734 0.0000000000
33393 5.396 -29.838 -2.772 0.0000000000
33394 4.820 -30.253 -2.717 0.0000000000
33395 4.999 -29.850 -2.797 0.0000000000
33396 4.176 -31.366 -2.635 0.0000000000
33397 4.518 -30.814 -2.675 0.0000000000
33398 4.437 -30.632 -2.728 0.0000000000
33400 4.424 -30.478 -2.794 0.0000000000
33422 3.264 -31.791 -5.097 0.0000000000
33428 3.517 -31.755 -5.452 0.0000000000
33429 4.645 -31.941 -6.630 0.0000000000
33432 4.906 -31.572 -6.874 0.0000000000
33441 5.339 -31.376 -7.188 0.0000000000
33442 4.903 -31.136 -6.915 0.0000000000
33444 5.953 -31.350 -7.465 0.0000000000
33494 5.635 -32.341 -7.347 0.0000000000
33495 5.135 -32.130 -7.068 0.0000000000
33496 6.999 -32.680 -7.717 0.0000000000
33497 6.343 -32.528 -7.606 0.0000000000
33498 6.570 -32.374 -7.681 0.0000000000
33499 7.550 -32.433 -8.168 0.0000000000
33500 6.937 -32.300 -7.892 0.0000000000
33501 8.020 -33.024 -7.513 0.0000000000
33502 7.533 -32.843 -7.685 0.0000000000
33503 9.008 -33.396 -6.870 0.0000000000
33504 8.541 -33.222 -7.254 0.0000000000
33505 8.633 -32.933 -7.540 0.0000000000
33506 9.242 -32.870 -7.589 0.0000000000
33507 8.824 -32.756 -7.901 0.0000000000
33508 8.012 -32.543 -8.236 0.0000000000
33509 8.203 -32.525 -8.619 0.0000000000
33510 7.752 -32.633 -7.908 0.0000000000
33511 8.418 -32.652 -8.129 0.0000000000
33512 8.988 -32.735 -8.326 0.0000000000
33513 8.709 -32.602 -8.929 0.0000000000
33514 8.262 -32.505 -8.967 0.0000000000
33515 9.531 -32.829 -8.453 0.0000000000
33516 9.119 -32.711 -8.741 0.0000000000
33517 9.236 -32.659 -9.109 0.0000000000
33518 9.783 -32.752 -9.168 0.0000000000
33519 9.360 -32.598 -9.419 0.0000000000
33520 9.844 -33.746 -5.990 0.0000000000
33521 9.454 -33.580 -6.453 0.0000000000
33522 10.504 -34.001 -5.057 0.0000000000
33523 10.193 -33.897 -5.524 0.0000000000
33524 10.308 -33.549 -5.876 0.0000000000
33525 10.768 -33.331 -5.771 0.0000000000
33526 10.422 -33.197 -6.260 0.0000000000
33527 10.992 -34.116 -4.112 0.0000000000
33528 10.769 -34.074 -4.587 0.0000000000
33529 11.322 -34.145 -3.159 0.0000000000
33530 11.171 -34.139 -3.637 0.0000000000
33531 11.412 -33.897 -3.967 0.0000000000
33532 11.819 -33.659 -3.807 0.0000000000
33533 11.622 -33.625 -4.302 0.0000000000
33534 11.095 -33.459 -5.287 0.0000000000
33535 11.229 -33.121 -5.673 0.0000000000
33536 10.943 -33.779 -4.927 0.0000000000
33537 11.377 -33.557 -4.793 0.0000000000
33538 11.802 -33.325 -4.653 0.0000000000
33539 11.679 -32.909 -5.570 0.0000000000
33540 11.372 -32.819 -6.107 0.0000000000
33541 12.216 -33.088 -4.501 0.0000000000
33542 11.967 -33.014 -5.035 0.0000000000
33543 12.115 -32.709 -5.454 0.0000000000
33544 12.535 -32.501 -5.320 0.0000000000
33545 12.270 -32.476 -5.917 0.0000000000
33546 10.208 -32.877 -8.847 0.0000000000
33547 10.338 -32.810 -9.162 0.0000000000
33548 9.956 -32.899 -8.087 0.0000000000
33549 10.084 -32.919 -8.491 0.0000000000
33550 10.633 -32.950 -8.472 0.0000000000
33551 11.043 -32.970 -8.049 0.0000000000
33552 11.176 -32.951 -8.417 0.0000000000
33553 9.660 -32.969 -7.194 0.0000000000
33554 9.813 -32.853 -7.635 0.0000000000
33555 9.536 -33.240 -6.802 0.0000000000
33556 10.056 -33.074 -6.744 0.0000000000
33557 10.563 -32.916 -6.695 0.0000000000
33558 10.897 -32.873 -7.623 0.0000000000
33559 11.415 -32.858 -7.569 0.0000000000
33560 10.364 -32.870 -7.651 0.0000000000
33561 10.729 -32.802 -7.165 0.0000000000
33562 11.059 -32.778 -6.642 0.0000000000
33563 11.735 -32.704 -7.056 0.0000000000
33564 11.926 -32.814 -7.476 0.0000000000
33565 11.538 -32.651 -6.590 0.0000000000
33566 12.012 -32.552 -6.505 0.0000000000
33567 12.479 -32.452 -6.392 0.0000000000
33568 10.888 -32.833 -9.130 0.0000000000
33569 10.484 -32.704 -9.432 0.0000000000
33570 11.714 -32.930 -8.326 0.0000000000
33571 11.302 -32.910 -8.760 0.0000000000
33572 11.441 -32.819 -9.047 0.0000000000
33573 11.985 -32.779 -8.956 0.0000000000
33574 11.588 -32.671 -9.305 0.0000000000
33575 12.432 -32.739 -7.361 0.0000000000
33576 12.098 -32.883 -7.858 0.0000000000
33577 12.930 -32.313 -6.280 0.0000000000
33578 12.713 -32.554 -6.827 0.0000000000
33579 12.925 -32.640 -7.226 0.0000000000
33580 13.400 -32.498 -7.094 0.0000000000
33581 13.111 -32.690 -7.599 0.0000000000
33582 12.388 -32.828 -8.537 0.0000000000
33583 12.535 -32.719 -8.828 0.0000000000
33584 12.250 -32.885 -8.214 0.0000000000
33585 12.767 -32.792 -8.082 0.0000000000
33586 13.280 -32.688 -7.943 0.0000000000
33587 13.070 -32.604 -8.700 0.0000000000
33588 12.688 -32.550 -9.095 0.0000000000
33589 13.792 -32.549 -7.779 0.0000000000
33590 13.443 -32.610 -8.260 0.0000000000
33591 13.603 -32.461 -8.537 0.0000000000
33592 14.129 -32.298 -8.381 0.0000000000
33593 13.770 -32.284 -8.813 0.0000000000
33620 6.350 -31.659 -7.672 0.0000000000
33622 5.945 -31.683 -7.441 0.0000000000
33623 6.170 -31.654 -7.555 0.0000000000
33624 6.862 -31.874 -8.379 0.0000000000
33627 5.452 -31.805 -7.207 0.0000000000
33628 5.715 -31.735 -7.328 0.0000000000
33629 5.256 -31.942 -7.109 0.0000000000
33630 6.176 -32.084 -7.533 0.0000000000
33631 7.194 -32.272 -8.142 0.0000000000
33632 7.243 -32.185 -8.656 0.0000000000
33633 7.849 -32.250 -9.338 0.0000000000
33634 6.696 -32.072 -7.853 0.0000000000
33635 7.301 -32.252 -8.419 0.0000000000
33636 7.783 -32.390 -8.804 0.0000000000
33637 8.400 -32.379 -9.527 0.0000000000
33638 8.568 -32.286 -9.745 0.0000000000
33639 8.297 -32.459 -9.258 0.0000000000
33640 8.892 -32.484 -9.545 0.0000000000
33641 9.526 -32.505 -9.652 0.0000000000
33642 10.697 -31.651 -10.527 0.0000000000
33643 11.321 -31.591 -10.591 0.0000000000
33646 10.544 -31.814 -10.433 0.0000000000
33647 10.369 -31.965 -10.294 0.0000000000
33648 10.953 -31.972 -10.370 0.0000000000
33653 8.292 -32.021 -9.830 0.0000000000
33654 9.737 -31.953 -10.197 0.0000000000
33655 10.152 -32.106 -10.139 0.0000000000
33657 9.050 -31.981 -10.080 0.0000000000
33658 8.816 -32.150 -9.943 0.0000000000
33659 9.929 -32.252 -10.001 0.0000000000
33660 10.512 -32.265 -10.023 0.0000000000
33661 9.283 -32.273 -9.936 0.0000000000
33662 9.720 -32.385 -9.840 0.0000000000
33663 10.093 -32.540 -9.672 0.0000000000
33664 11.736 -31.732 -10.467 0.0000000000
33665 11.954 -31.543 -10.557 0.0000000000
33666 11.288 -32.100 -10.193 0.0000000000
33667 11.520 -31.925 -10.338 0.0000000000
33668 12.077 -31.854 -10.273 0.0000000000
33669 12.391 -31.959 -10.064 0.0000000000
33670 12.675 -31.775 -10.180 0.0000000000
33671 10.849 -32.404 -9.840 0.0000000000
33672 11.067 -32.257 -10.017 0.0000000000
33673 10.658 -32.565 -9.649 0.0000000000
33674 11.211 -32.548 -9.600 0.0000000000
33675 11.762 -32.509 -9.529 0.0000000000
33676 12.163 -32.156 -9.917 0.0000000000
33677 12.726 -32.064 -9.823 0.0000000000
33678 11.613 -32.217 -9.984 0.0000000000
33679 11.954 -32.336 -9.730 0.0000000000
33680 12.318 -32.458 -9.433 0.0000000000
33681 13.060 -32.149 -9.538 0.0000000000
33682 13.295 -31.942 -9.712 0.0000000000
33683 12.860 -32.350 -9.320 0.0000000000
33684 13.409 -32.225 -9.198 0.0000000000
33685 13.970 -32.095 -9.051 0.0000000000
33712 12.595 -31.475 -10.492 0.0000000000
33714 13.253 -31.645 -10.088 0.0000000000
33715 12.949 -31.572 -10.295 0.0000000000
33716 13.211 -31.369 -10.409 0.0000000000
33717 13.815 -31.216 -10.285 0.0000000000
33719 13.863 -31.800 -9.587 0.0000000000
33720 13.559 -31.722 -9.857 0.0000000000
33721 14.523 -31.930 -8.871 0.0000000000
33722 14.188 -31.881 -9.252 0.0000000000
33723 14.426 -31.646 -9.422 0.0000000000
33724 14.986 -31.450 -9.240 0.0000000000
33725 14.686 -31.401 -9.566 0.0000000000
33726 14.129 -31.285 -10.073 0.0000000000
33728 13.838 -31.509 -9.981 0.0000000000
33729 14.409 -31.348 -9.827 0.0000000000
33730 14.962 -31.156 -9.672 0.0000000000
33731 14.978 -30.875 -10.018 0.0000000000
33733 15.508 -30.935 -9.497 0.0000000000
33734 15.245 -30.909 -9.761 0.0000000000
33735 15.533 -30.677 -9.824 0.0000000000
33736 16.098 -30.447 -9.640 0.0000000000
33737 15.818 -30.434 -9.868 0.0000000000
33758 15.487 -30.414 -10.061 0.0000000000
33759 16.075 -30.174 -9.890 0.0000000000
33769 16.654 -29.902 -9.678 0.0000000000
33786 11.462 -34.016 -2.193 0.0000000000
33787 11.402 -34.084 -2.680 0.0000000000
33788 11.517 -33.795 -1.207 0.0000000000
33789 11.497 -33.921 -1.700 0.0000000000
33790 11.842 -33.754 -1.999 0.0000000000
33791 12.219 -33.491 -1.779 0.0000000000
33792 12.167 -33.572 -2.293 0.0000000000
33793 11.572 -33.449 -0.185 0.0000000000
33794 11.539 -33.641 -0.702 0.0000000000
33795 11.692 -32.968 0.886 0.0000000000
33796 11.622 -33.224 0.344 0.0000000000
33797 11.939 -33.114 0.058 0.0000000000
33798 12.320 -32.795 0.328 0.0000000000
33799 12.276 -33.007 -0.213 0.0000000000
33800 12.243 -33.364 -1.263 0.0000000000
33801 12.577 -33.204 -1.539 0.0000000000
33802 11.892 -33.506 -0.986 0.0000000000
33803 12.254 -33.197 -0.742 0.0000000000
33804 12.615 -32.882 -0.475 0.0000000000
33805 12.926 -32.904 -1.282 0.0000000000
33806 12.890 -33.026 -1.824 0.0000000000
33807 12.975 -32.560 -0.190 0.0000000000
33808 12.944 -32.740 -0.739 0.0000000000
33809 13.255 -32.575 -1.018 0.0000000000
33810 13.590 -32.244 -0.744 0.0000000000
33811 13.559 -32.402 -1.302 0.0000000000
33812 11.885 -32.430 1.984 0.0000000000
33813 11.780 -32.697 1.431 0.0000000000
33814 12.072 -31.849 3.078 0.0000000000
33815 11.992 -32.159 2.537 0.0000000000
33816 12.266 -32.119 2.246 0.0000000000
33817 12.634 -31.796 2.518 0.0000000000
33818 12.544 -32.058 1.968 0.0000000000
33819 12.161 -31.159 4.155 0.0000000000
33820 12.129 -31.519 3.617 0.0000000000
33821 12.157 -30.351 5.245 0.0000000000
33822 12.161 -30.759 4.689 0.0000000000
33823 12.453 -30.786 4.408 0.0000000000
33824 12.730 -30.393 4.670 0.0000000000
33825 12.745 -30.793 4.132 0.0000000000
33826 12.696 -31.494 3.058 0.0000000000
33827 12.985 -31.449 2.795 0.0000000000
33828 12.411 -31.515 3.332 0.0000000000
33829 12.735 -31.164 3.597 0.0000000000
33830 13.035 -30.778 3.862 0.0000000000
33831 13.316 -31.079 3.072 0.0000000000
33832 13.275 -31.377 2.540 0.0000000000
33833 13.320 -30.371 4.133 0.0000000000
33834 13.330 -30.742 3.600 0.0000000000
33835 13.630 -30.693 3.344 0.0000000000
33836 13.924 -30.291 3.609 0.0000000000
33837 13.941 -30.643 3.091 0.0000000000
33838 13.621 -32.054 -0.183 0.0000000000
33839 13.923 -31.898 -0.469 0.0000000000
33840 13.012 -32.346 0.358 0.0000000000
33841 13.326 -32.216 0.094 0.0000000000
33842 13.687 -31.876 0.381 0.0000000000
33843 13.737 -31.654 0.928 0.0000000000
33844 14.034 -31.511 0.655 0.0000000000
33845 12.385 -32.571 0.875 0.0000000000
33846 12.700 -32.470 0.618 0.0000000000
33847 12.080 -32.653 1.147 0.0000000000
33848 12.455 -32.312 1.417 0.0000000000
33849 12.834 -31.975 1.707 0.0000000000
33850 13.433 -31.773 1.194 0.0000000000
33851 13.801 -31.428 1.476 0.0000000000
33852 13.065 -32.115 0.908 0.0000000000
33853 13.132 -31.876 1.456 0.0000000000
33854 13.209 -31.637 2.002 0.0000000000
33855 13.861 -31.189 2.016 0.0000000000
33856 14.152 -31.071 1.743 0.0000000000
33857 13.574 -31.299 2.285 0.0000000000
33858 13.919 -30.942 2.562 0.0000000000
33859 14.238 -30.555 2.820 0.0000000000
33860 14.274 -31.563 -0.192 0.0000000000
33861 14.224 -31.734 -0.760 0.0000000000
33862 14.402 -31.175 0.924 0.0000000000
33863 14.339 -31.379 0.370 0.0000000000
33864 14.620 -31.213 0.071 0.0000000000
33865 14.960 -30.860 0.327 0.0000000000
33866 14.894 -31.045 -0.239 0.0000000000
33867 14.497 -30.708 2.003 0.0000000000
33868 14.455 -30.950 1.467 0.0000000000
33869 14.530 -30.139 3.065 0.0000000000
33870 14.529 -30.445 2.539 0.0000000000
33871 14.833 -30.334 2.262 0.0000000000
33872 15.132 -29.913 2.514 0.0000000000
33873 15.125 -30.203 1.978 0.0000000000
33874 15.024 -30.660 0.884 0.0000000000
33875 15.306 -30.514 0.584 0.0000000000
33876 14.755 -30.826 1.182 0.0000000000
33877 15.080 -30.443 1.432 0.0000000000
33878 15.399 -30.051 1.686 0.0000000000
33879 15.621 -30.136 0.835 0.0000000000
33880 15.548 -30.338 0.268 0.0000000000
33881 15.694 -29.631 1.941 0.0000000000
33882 15.667 -29.900 1.390 0.0000000000
33883 15.914 -29.731 1.090 0.0000000000
33884 16.193 -29.298 1.354 0.0000000000
33885 16.139 -29.550 0.784 0.0000000000
33886 12.256 -29.751 6.465 0.0000000000
33887 12.184 -30.006 5.839 0.0000000000
33888 12.341 -29.155 7.635 0.0000000000
33889 12.308 -29.473 7.065 0.0000000000
33890 12.564 -29.469 6.747 0.0000000000
33891 12.870 -29.161 7.045 0.0000000000
33892 12.818 -29.429 6.446 0.0000000000
33893 12.389 -28.447 8.701 0.0000000000
33894 12.369 -28.816 8.180 0.0000000000
33895 12.443 -27.649 9.632 0.0000000000
33896 12.418 -28.042 9.183 0.0000000000
33897 12.675 -28.088 8.915 0.0000000000
33898 12.965 -27.729 9.146 0.0000000000
33899 12.935 -28.114 8.655 0.0000000000
33900 12.903 -28.853 7.613 0.0000000000
33901 13.173 -28.833 7.334 0.0000000000
33902 12.627 -28.842 7.884 0.0000000000
33903 12.911 -28.492 8.139 0.0000000000
33904 13.203 -28.124 8.395 0.0000000000
33905 13.475 -28.486 7.609 0.0000000000
33906 13.442 -28.798 7.048 0.0000000000
33907 13.505 -27.749 8.637 0.0000000000
33908 13.488 -28.129 8.139 0.0000000000
33909 13.788 -28.139 7.876 0.0000000000
33910 14.105 -27.793 8.099 0.0000000000
33911 14.083 -28.145 7.577 0.0000000000
33912 12.480 -26.942 10.372 0.0000000000
33913 12.461 -27.272 10.045 0.0000000000
33915 12.481 -26.655 10.637 0.0000000000
33916 12.753 -26.696 10.471 0.0000000000
33917 13.018 -26.466 10.562 0.0000000000
33918 13.034 -26.728 10.328 0.0000000000
33930 13.598 -26.300 10.473 0.0000000000
33934 14.121 -27.431 8.595 0.0000000000
33935 14.426 -27.465 8.309 0.0000000000
33936 13.531 -27.398 9.121 0.0000000000
33937 13.819 -27.410 8.865 0.0000000000
33938 14.138 -27.089 9.067 0.0000000000
33939 14.157 -26.785 9.492 0.0000000000
33940 14.458 -26.794 9.240 0.0000000000
33941 13.000 -27.370 9.603 0.0000000000
33942 13.267 -27.382 9.372 0.0000000000
33943 12.732 -27.334 9.823 0.0000000000
33944 13.022 -27.034 9.994 0.0000000000
33945 13.319 -26.741 10.177 0.0000000000
33946 13.876 -26.766 9.752 0.0000000000
33947 14.160 -26.511 9.818 0.0000000000
33948 13.563 -27.060 9.575 0.0000000000
33949 13.591 -26.753 9.983 0.0000000000
33950 13.597 -26.498 10.281 0.0000000000
33951 14.169 -26.283 10.081 0.0000000000
33952 14.448 -26.268 9.857 0.0000000000
33953 13.890 -26.321 10.292 0.0000000000
33956 14.748 -27.139 8.517 0.0000000000
33957 14.728 -27.481 8.009 0.0000000000
33958 14.760 -26.524 9.361 0.0000000000
33959 14.760 -26.807 8.977 0.0000000000
33960 15.057 -26.817 8.702 0.0000000000
33961 15.354 -26.515 8.845 0.0000000000
33962 15.362 -26.814 8.429 0.0000000000
33963 14.737 -26.079 9.864 0.0000000000
33964 14.746 -26.283 9.652 0.0000000000
33967 15.350 -25.858 9.639 0.0000000000
33968 15.347 -26.252 9.201 0.0000000000
33969 15.648 -26.220 8.971 0.0000000000
33970 15.050 -26.262 9.441 0.0000000000
33971 15.343 -26.028 9.484 0.0000000000
33972 15.662 -25.781 9.474 0.0000000000
33973 15.945 -25.929 9.074 0.0000000000
33974 15.958 -26.167 8.749 0.0000000000
33975 15.950 -25.743 9.283 0.0000000000
33976 16.255 -25.676 9.092 0.0000000000
33977 16.565 -25.636 8.871 0.0000000000
33978 16.221 -29.012 1.916 0.0000000000
33979 16.462 -28.843 1.630 0.0000000000
33980 15.710 -29.348 2.484 0.0000000000
33981 15.973 -29.187 2.199 0.0000000000
33982 16.239 -28.724 2.458 0.0000000000
33983 16.245 -28.426 2.992 0.0000000000
33984 16.514 -28.257 2.729 0.0000000000
33985 15.113 -29.601 3.031 0.0000000000
33986 15.413 -29.476 2.757 0.0000000000
33987 14.500 -29.800 3.576 0.0000000000
33988 14.808 -29.710 3.305 0.0000000000
33989 15.078 -29.280 3.537 0.0000000000
33990 15.056 -28.959 4.066 0.0000000000
33991 15.355 -28.848 3.785 0.0000000000
33992 15.956 -28.581 3.250 0.0000000000
33993 16.250 -28.133 3.528 0.0000000000
33994 15.680 -29.030 2.995 0.0000000000
33995 15.653 -28.717 3.512 0.0000000000
33996 15.655 -28.431 4.049 0.0000000000
33997 16.319 -27.922 4.090 0.0000000000
33998 16.591 -27.734 3.821 0.0000000000
33999 15.726 -28.224 4.624 0.0000000000
34000 16.022 -28.081 4.351 0.0000000000
34001 16.409 -27.754 4.657 0.0000000000
34002 16.492 -27.579 5.228 0.0000000000
34003 16.800 -27.427 4.957 0.0000000000
34004 13.896 -29.923 4.135 0.0000000000
34005 14.197 -29.872 3.854 0.0000000000
34006 13.295 -29.984 4.672 0.0000000000
34007 13.598 -29.962 4.411 0.0000000000
34008 13.862 -29.546 4.670 0.0000000000
34009 13.875 -29.233 5.245 0.0000000000
34010 14.156 -29.173 4.931 0.0000000000
34011 12.725 -30.010 5.231 0.0000000000
34012 13.002 -29.997 4.943 0.0000000000
34013 12.448 -30.009 5.523 0.0000000000
34014 12.754 -29.688 5.828 0.0000000000
34015 13.071 -29.381 6.142 0.0000000000
34016 13.599 -29.282 5.550 0.0000000000
34017 13.934 -28.984 5.845 0.0000000000
34018 13.286 -29.619 5.235 0.0000000000
34019 13.330 -29.332 5.842 0.0000000000
34020 13.393 -29.078 6.456 0.0000000000
34021 13.991 -28.726 6.435 0.0000000000
34022 14.274 -28.688 6.109 0.0000000000
34023 13.715 -28.760 6.754 0.0000000000
34024 14.041 -28.449 7.014 0.0000000000
34025 14.371 -28.139 7.251 0.0000000000
34026 16.190 -27.712 5.509 0.0000000000
34027 16.549 -27.364 5.793 0.0000000000
34028 15.437 -28.348 4.913 0.0000000000
34029 15.818 -28.041 5.209 0.0000000000
34030 15.887 -27.826 5.786 0.0000000000
34031 15.585 -27.919 6.075 0.0000000000
34032 15.940 -27.581 6.357 0.0000000000
34033 14.757 -29.047 4.350 0.0000000000
34034 15.069 -28.666 4.622 0.0000000000
34035 14.465 -29.448 4.093 0.0000000000
34036 14.453 -29.116 4.634 0.0000000000
34037 14.489 -28.843 5.206 0.0000000000
34038 15.227 -28.243 5.797 0.0000000000
34039 15.280 -27.998 6.361 0.0000000000
34040 15.146 -28.449 5.212 0.0000000000
34041 14.853 -28.543 5.502 0.0000000000
34042 14.559 -28.621 5.797 0.0000000000
34043 14.968 -28.061 6.640 0.0000000000
34044 15.316 -27.725 6.910 0.0000000000
34045 14.622 -28.384 6.375 0.0000000000
34046 14.665 -28.110 6.934 0.0000000000
34047 14.700 -27.810 7.480 0.0000000000
34048 16.590 -27.119 6.355 0.0000000000
34049 16.893 -26.996 6.065 0.0000000000
34050 15.979 -27.314 6.916 0.0000000000
34051 16.288 -27.225 6.642 0.0000000000
34052 16.604 -26.833 6.896 0.0000000000
34053 16.610 -26.550 7.415 0.0000000000
34054 16.911 -26.447 7.125 0.0000000000
34055 15.343 -27.435 7.444 0.0000000000
34056 15.662 -27.382 7.180 0.0000000000
34057 15.031 -27.473 7.719 0.0000000000
34058 15.364 -27.133 7.964 0.0000000000
34059 15.679 -26.787 8.181 0.0000000000
34060 16.304 -26.635 7.680 0.0000000000
34061 16.603 -26.262 7.882 0.0000000000
34062 15.996 -27.021 7.447 0.0000000000
34063 15.993 -26.722 7.930 0.0000000000
34064 15.979 -26.440 8.369 0.0000000000
34065 16.587 -26.008 8.290 0.0000000000
34066 16.895 -25.913 8.036 0.0000000000
34067 16.270 -26.100 8.522 0.0000000000
34068 16.575 -25.795 8.643 0.0000000000
34069 16.860 -25.558 8.639 0.0000000000
34070 16.726 -28.372 1.906 0.0000000000
34071 16.683 -28.658 1.342 0.0000000000
34072 16.807 -27.788 3.013 0.0000000000
34073 16.755 -28.067 2.460 0.0000000000
34074 16.991 -27.880 2.198 0.0000000000
34075 17.285 -27.384 2.516 0.0000000000
34076 17.196 -27.665 1.937 0.0000000000
34077 16.990 -27.391 4.134 0.0000000000
34078 16.871 -27.547 3.566 0.0000000000
34079 17.178 -27.077 5.251 0.0000000000
34080 17.103 -27.253 4.695 0.0000000000
34081 17.402 -27.050 4.454 0.0000000000
34082 17.798 -26.678 4.780 0.0000000000
34083 17.711 -26.847 4.233 0.0000000000
34084 17.387 -27.132 3.092 0.0000000000
34085 17.615 -26.914 2.850 0.0000000000
34086 17.136 -27.340 3.326 0.0000000000
34087 17.565 -26.982 3.671 0.0000000000
34088 17.995 -26.633 4.003 0.0000000000
34089 18.053 -26.550 3.188 0.0000000000
34090 17.833 -26.703 2.595 0.0000000000
34091 18.386 -26.238 4.339 0.0000000000
34092 18.249 -26.407 3.769 0.0000000000
34093 18.485 -26.189 3.520 0.0000000000
34094 18.892 -25.809 3.843 0.0000000000
34095 18.710 -25.976 3.259 0.0000000000
34096 17.216 -26.603 6.325 0.0000000000
34097 17.203 -26.849 5.791 0.0000000000
34098 17.206 -26.060 7.330 0.0000000000
34099 17.215 -26.333 6.842 0.0000000000
34100 17.525 -26.191 6.579 0.0000000000
34101 17.816 -25.762 6.819 0.0000000000
34102 17.838 -26.018 6.337 0.0000000000
34103 17.158 -25.585 8.138 0.0000000000
34104 17.188 -25.804 7.774 0.0000000000
34105 17.137 -25.420 8.420 0.0000000000
34106 17.402 -25.278 8.161 0.0000000000
34107 17.692 -25.161 7.928 0.0000000000
34108 17.785 -25.520 7.253 0.0000000000
34109 18.079 -25.341 7.021 0.0000000000
34110 17.487 -25.675 7.511 0.0000000000
34111 17.741 -25.329 7.632 0.0000000000
34112 17.984 -24.973 7.707 0.0000000000
34113 18.297 -24.915 7.196 0.0000000000
34114 18.366 -25.120 6.820 0.0000000000
34115 18.244 -24.741 7.499 0.0000000000
34116 18.534 -24.561 7.326 0.0000000000
34117 18.831 -24.362 7.139 0.0000000000
34118 19.008 -25.604 4.417 0.0000000000
34119 19.261 -25.398 4.150 0.0000000000
34120 18.455 -26.037 4.885 0.0000000000
34121 18.742 -25.815 4.664 0.0000000000
34122 19.058 -25.359 4.974 0.0000000000
34123 19.045 -25.087 5.501 0.0000000000
34124 19.322 -24.884 5.252 0.0000000000
34125 17.837 -26.481 5.307 0.0000000000
34126 18.158 -26.264 5.101 0.0000000000
34127 17.525 -26.688 5.538 0.0000000000
34128 17.848 -26.262 5.830 0.0000000000
34129 18.155 -25.808 6.123 0.0000000000
34130 18.759 -25.316 5.721 0.0000000000
34131 19.008 -24.842 5.984 0.0000000000
34132 18.477 -25.808 5.417 0.0000000000
34133 18.467 -25.569 5.928 0.0000000000
34134 18.423 -25.330 6.393 0.0000000000
34135 18.946 -24.648 6.424 0.0000000000
34136 19.232 -24.419 6.190 0.0000000000
34137 18.660 -24.889 6.627 0.0000000000
34138 18.886 -24.493 6.813 0.0000000000
34139 19.113 -24.149 6.916 0.0000000000
34140 19.577 -24.955 4.435 0.0000000000
34141 19.516 -25.204 3.868 0.0000000000
34142 19.571 -24.438 5.488 0.0000000000
34143 19.590 -24.689 4.979 0.0000000000
34144 19.858 -24.503 4.689 0.0000000000
34145 20.124 -24.064 4.912 0.0000000000
34146 20.128 -24.317 4.386 0.0000000000
34147 19.456 -24.045 6.332 0.0000000000
34148 19.525 -24.214 5.947 0.0000000000
34149 19.393 -23.947 6.645 0.0000000000
34150 19.696 -23.730 6.408 0.0000000000
34151 19.985 -23.536 6.140 0.0000000000
34152 20.096 -23.845 5.397 0.0000000000
34153 20.368 -23.676 5.079 0.0000000000
34154 19.808 -24.022 5.683 0.0000000000
34155 20.039 -23.680 5.807 0.0000000000
34156 20.266 -23.379 5.841 0.0000000000
34157 20.609 -23.334 5.171 0.0000000000
34158 20.641 -23.493 4.732 0.0000000000
34159 20.562 -23.201 5.540 0.0000000000
34169 17.444 -29.422 -9.465 0.0000000000
34171 16.924 -29.891 -9.446 0.0000000000
34172 17.203 -29.655 -9.481 0.0000000000
34173 17.746 -29.374 -9.253 0.0000000000
34174 17.969 -29.368 -9.004 0.0000000000
34175 18.220 -29.110 -9.024 0.0000000000
34176 18.568 -28.649 -8.997 0.0000000000
34177 19.072 -28.338 -8.775 0.0000000000
34178 18.057 -28.923 -9.206 0.0000000000
34179 18.432 -28.860 -9.012 0.0000000000
34180 18.697 -28.820 -8.784 0.0000000000
34181 19.372 -28.261 -8.577 0.0000000000
34182 19.533 -28.018 -8.565 0.0000000000
34183 18.906 -28.783 -8.551 0.0000000000
34184 19.137 -28.504 -8.585 0.0000000000
34185 19.574 -28.174 -8.327 0.0000000000
34186 19.747 -28.087 -8.053 0.0000000000
34187 19.985 -27.786 -8.089 0.0000000000
34188 16.345 -30.455 -9.398 0.0000000000
34189 16.599 -30.157 -9.466 0.0000000000
34190 15.783 -30.963 -9.171 0.0000000000
34191 16.059 -30.716 -9.297 0.0000000000
34192 16.593 -30.456 -9.120 0.0000000000
34193 16.843 -30.450 -8.781 0.0000000000
34194 17.112 -30.184 -8.890 0.0000000000
34195 15.289 -31.483 -8.869 0.0000000000
34196 15.527 -31.222 -9.033 0.0000000000
34197 14.856 -31.939 -8.442 0.0000000000
34198 15.063 -31.723 -8.672 0.0000000000
34199 15.599 -31.492 -8.449 0.0000000000
34200 15.894 -31.462 -7.990 0.0000000000
34201 16.123 -31.232 -8.194 0.0000000000
34202 16.588 -30.715 -8.605 0.0000000000
34203 17.094 -30.454 -8.369 0.0000000000
34204 16.060 -30.976 -8.809 0.0000000000
34205 16.345 -30.974 -8.399 0.0000000000
34206 16.609 -30.940 -7.944 0.0000000000
34207 17.338 -30.433 -7.891 0.0000000000
34208 17.593 -30.191 -8.063 0.0000000000
34209 16.854 -30.876 -7.444 0.0000000000
34210 17.090 -30.662 -7.694 0.0000000000
34211 17.555 -30.372 -7.371 0.0000000000
34212 17.738 -30.269 -6.823 0.0000000000
34213 17.994 -30.062 -7.038 0.0000000000
34214 19.487 -28.367 -7.980 0.0000000000
34215 19.900 -28.005 -7.718 0.0000000000
34216 18.658 -29.064 -8.494 0.0000000000
34217 19.077 -28.720 -8.241 0.0000000000
34218 19.242 -28.677 -7.889 0.0000000000
34219 19.002 -28.997 -7.766 0.0000000000
34220 19.395 -28.628 -7.484 0.0000000000
34221 17.688 -29.646 -8.990 0.0000000000
34222 18.180 -29.359 -8.743 0.0000000000
34223 17.163 -29.903 -9.207 0.0000000000
34224 17.393 -29.914 -8.953 0.0000000000
34225 17.636 -29.932 -8.618 0.0000000000
34226 18.579 -29.334 -8.047 0.0000000000
34227 18.758 -29.297 -7.604 0.0000000000
34228 18.388 -29.350 -8.424 0.0000000000
34229 18.116 -29.646 -8.344 0.0000000000
34230 17.858 -29.931 -8.225 0.0000000000
34231 18.495 -29.575 -7.448 0.0000000000
34232 18.914 -29.235 -7.122 0.0000000000
34233 18.065 -29.897 -7.757 0.0000000000
34234 18.243 -29.830 -7.256 0.0000000000
34235 18.394 -29.722 -6.718 0.0000000000
34236 20.037 -27.926 -7.346 0.0000000000
34237 20.250 -27.607 -7.469 0.0000000000
34238 19.524 -28.552 -7.015 0.0000000000
34239 19.778 -28.252 -7.195 0.0000000000
34240 20.146 -27.851 -6.885 0.0000000000
34241 20.246 -27.749 -6.390 0.0000000000
34242 20.481 -27.440 -6.597 0.0000000000
34243 19.034 -29.118 -6.597 0.0000000000
34244 19.283 -28.850 -6.820 0.0000000000
34245 18.508 -29.560 -6.157 0.0000000000
34246 18.765 -29.344 -6.379 0.0000000000
34247 19.135 -28.966 -6.050 0.0000000000
34248 19.206 -28.769 -5.496 0.0000000000
34249 19.479 -28.563 -5.732 0.0000000000
34250 20.001 -28.050 -6.179 0.0000000000
34251 20.311 -27.607 -5.860 0.0000000000
34252 19.651 -28.459 -6.500 0.0000000000
34253 19.746 -28.322 -5.959 0.0000000000
34254 19.788 -28.125 -5.406 0.0000000000
34255 20.342 -27.424 -5.312 0.0000000000
34256 20.615 -27.169 -5.560 0.0000000000
34257 19.812 -27.895 -4.848 0.0000000000
34258 20.075 -27.670 -5.077 0.0000000000
34259 20.365 -27.229 -4.759 0.0000000000
34260 20.362 -27.000 -4.209 0.0000000000
34261 20.640 -26.785 -4.457 0.0000000000
34262 14.468 -32.274 -7.921 0.0000000000
34263 14.667 -32.136 -8.194 0.0000000000
34264 14.092 -32.388 -7.277 0.0000000000
34265 14.290 -32.371 -7.609 0.0000000000
34266 14.755 -32.146 -7.426 0.0000000000
34267 14.990 -31.949 -6.907 0.0000000000
34268 15.220 -31.898 -7.206 0.0000000000
34269 13.614 -32.241 -6.570 0.0000000000
34270 13.864 -32.328 -6.940 0.0000000000
34271 13.118 -32.131 -5.670 0.0000000000
34272 13.350 -32.142 -6.151 0.0000000000
34273 13.752 -31.943 -6.007 0.0000000000
34274 13.860 -31.687 -5.383 0.0000000000
34275 14.143 -31.727 -5.839 0.0000000000
34276 14.742 -31.922 -6.573 0.0000000000
34277 15.160 -31.688 -6.368 0.0000000000
34278 14.316 -32.137 -6.758 0.0000000000
34279 14.458 -31.836 -6.222 0.0000000000
34280 14.525 -31.494 -5.655 0.0000000000
34281 15.246 -31.364 -5.819 0.0000000000
34282 15.573 -31.432 -6.130 0.0000000000
34283 14.575 -31.216 -5.032 0.0000000000
34284 14.896 -31.252 -5.458 0.0000000000
34285 15.253 -30.998 -5.240 0.0000000000
34286 15.235 -30.672 -4.597 0.0000000000
34287 15.583 -30.692 -5.009 0.0000000000
34288 12.774 -32.553 -4.725 0.0000000000
34289 12.938 -32.289 -5.176 0.0000000000
34290 12.408 -33.117 -3.957 0.0000000000
34291 12.593 -32.828 -4.319 0.0000000000
34292 12.960 -32.571 -4.131 0.0000000000
34293 13.148 -32.606 -3.557 0.0000000000
34294 13.324 -32.323 -3.941 0.0000000000
34295 11.977 -33.664 -3.308 0.0000000000
34296 12.210 -33.408 -3.627 0.0000000000
34297 11.711 -33.890 -2.992 0.0000000000
34298 12.091 -33.631 -2.804 0.0000000000
34299 12.467 -33.377 -2.594 0.0000000000
34300 12.956 -32.890 -3.217 0.0000000000
34301 13.311 -32.622 -2.989 0.0000000000
34302 12.589 -33.149 -3.430 0.0000000000
34303 12.736 -33.155 -2.902 0.0000000000
34304 12.821 -33.102 -2.367 0.0000000000
34305 13.427 -32.591 -2.426 0.0000000000
34306 13.655 -32.346 -2.753 0.0000000000
34307 13.171 -32.823 -2.121 0.0000000000
34308 13.506 -32.522 -1.865 0.0000000000
34309 13.839 -32.211 -1.601 0.0000000000
34310 14.971 -30.770 -4.118 0.0000000000
34311 15.290 -30.473 -3.880 0.0000000000
34312 14.348 -31.343 -4.530 0.0000000000
34313 14.666 -31.069 -4.336 0.0000000000
34314 14.787 -30.973 -3.615 0.0000000000
34315 14.639 -31.228 -3.130 0.0000000000
34316 14.934 -30.914 -2.900 0.0000000000
34317 13.683 -31.842 -4.871 0.0000000000
34318 14.018 -31.595 -4.705 0.0000000000
34319 13.321 -32.067 -5.025 0.0000000000
34320 13.519 -32.078 -4.382 0.0000000000
34321 13.672 -32.067 -3.741 0.0000000000
34322 14.331 -31.524 -3.342 0.0000000000
34323 14.474 -31.485 -2.682 0.0000000000
34324 14.167 -31.544 -4.016 0.0000000000
34325 14.005 -31.802 -3.540 0.0000000000
34326 13.829 -32.064 -3.119 0.0000000000
34327 14.288 -31.734 -2.281 0.0000000000
34328 14.590 -31.410 -2.044 0.0000000000
34329 13.977 -32.047 -2.518 0.0000000000
34330 14.085 -31.985 -1.923 0.0000000000
34331 14.166 -31.884 -1.337 0.0000000000
34332 15.395 -30.356 -3.126 0.0000000000
34333 15.588 -30.144 -3.614 0.0000000000
34334 15.076 -30.845 -2.202 0.0000000000
34335 15.228 -30.589 -2.649 0.0000000000
34336 15.527 -30.263 -2.377 0.0000000000
34337 15.673 -30.162 -1.666 0.0000000000
34338 15.791 -29.899 -2.087 0.0000000000
34339 14.721 -31.334 -1.422 0.0000000000
34340 14.914 -31.098 -1.798 0.0000000000
34341 14.487 -31.543 -1.077 0.0000000000
34342 14.810 -31.199 -0.823 0.0000000000
34343 15.145 -30.865 -0.567 0.0000000000
34344 15.538 -30.427 -1.280 0.0000000000
34345 15.842 -30.068 -1.008 0.0000000000
34346 15.234 -30.775 -1.542 0.0000000000
34347 15.362 -30.660 -0.918 0.0000000000
34348 15.457 -30.504 -0.316 0.0000000000
34349 15.976 -29.935 -0.390 0.0000000000
34350 16.143 -29.698 -0.735 0.0000000000
34351 15.763 -30.135 -0.060 0.0000000000
34352 16.070 -29.765 0.205 0.0000000000
34353 16.353 -29.358 0.478 0.0000000000
34354 20.079 -27.186 -3.983 0.0000000000
34355 20.326 -26.728 -3.678 0.0000000000
34356 19.540 -28.088 -4.623 0.0000000000
34357 19.822 -27.643 -4.291 0.0000000000
34358 19.783 -27.340 -3.755 0.0000000000
34359 19.469 -27.466 -3.551 0.0000000000
34360 19.693 -26.984 -3.236 0.0000000000
34361 18.926 -28.952 -5.266 0.0000000000
34362 19.239 -28.522 -4.948 0.0000000000
34363 18.256 -29.758 -5.924 0.0000000000
34364 18.600 -29.370 -5.597 0.0000000000
34365 18.645 -29.113 -5.041 0.0000000000
34366 18.348 -29.238 -4.821 0.0000000000
34367 18.659 -28.815 -4.492 0.0000000000
34368 19.212 -27.918 -3.870 0.0000000000
34369 19.097 -27.534 -3.365 0.0000000000
34370 19.253 -28.246 -4.399 0.0000000000
34371 18.940 -28.363 -4.188 0.0000000000
34372 18.594 -28.443 -3.967 0.0000000000
34373 18.686 -27.569 -3.174 0.0000000000
34374 18.905 -27.098 -2.884 0.0000000000
34375 18.216 -28.491 -3.759 0.0000000000
34376 18.466 -28.049 -3.458 0.0000000000
34377 18.250 -27.590 -2.973 0.0000000000
34378 17.810 -27.611 -2.690 0.0000000000
34379 18.024 -27.138 -2.398 0.0000000000
34380 17.480 -30.453 -6.609 0.0000000000
34381 17.885 -30.123 -6.260 0.0000000000
34382 16.622 -31.080 -7.199 0.0000000000
34383 17.064 -30.775 -6.920 0.0000000000
34384 17.230 -30.629 -6.373 0.0000000000
34385 16.952 -30.750 -6.128 0.0000000000
34386 17.332 -30.414 -5.819 0.0000000000
34387 15.664 -31.633 -7.743 0.0000000000
34388 16.157 -31.377 -7.491 0.0000000000
34389 15.167 -31.889 -7.976 0.0000000000
34390 15.442 -31.786 -7.485 0.0000000000
34391 15.678 -31.639 -6.972 0.0000000000
34392 16.550 -31.067 -6.424 0.0000000000
34393 16.658 -30.816 -5.873 0.0000000000
34394 16.379 -31.245 -6.964 0.0000000000
34395 16.124 -31.357 -6.711 0.0000000000
34396 15.858 -31.428 -6.434 0.0000000000
34397 16.334 -30.827 -5.617 0.0000000000
34398 16.679 -30.477 -5.321 0.0000000000
34399 15.964 -31.149 -5.885 0.0000000000
34400 15.972 -30.779 -5.332 0.0000000000
34401 15.908 -30.376 -4.748 0.0000000000
34402 17.590 -28.073 -2.972 0.0000000000
34403 17.466 -27.708 -2.274 0.0000000000
34404 17.937 -28.916 -4.084 0.0000000000
34405 17.788 -28.504 -3.543 0.0000000000
34406 17.343 -28.486 -3.277 0.0000000000
34407 17.078 -28.884 -3.586 0.0000000000
34408 16.951 -28.519 -2.895 0.0000000000
34409 18.034 -29.664 -5.140 0.0000000000
34410 18.018 -29.318 -4.606 0.0000000000
34411 17.977 -29.912 -5.699 0.0000000000
34412 17.684 -30.038 -5.480 0.0000000000
34413 17.372 -30.120 -5.258 0.0000000000
34414 17.233 -29.312 -4.171 0.0000000000
34415 16.806 -29.278 -3.901 0.0000000000
34416 17.646 -29.337 -4.394 0.0000000000
34417 17.340 -29.746 -4.710 0.0000000000
34418 17.018 -30.124 -5.026 0.0000000000
34419 16.518 -29.655 -4.191 0.0000000000
34420 16.437 -29.307 -3.496 0.0000000000
34421 16.628 -30.085 -4.762 0.0000000000
34422 16.222 -30.033 -4.466 0.0000000000
34423 15.849 -30.018 -4.085 0.0000000000
34424 17.257 -27.911 -1.780 0.0000000000
34425 17.522 -27.490 -1.463 0.0000000000
34426 16.719 -28.700 -2.410 0.0000000000
34427 16.988 -28.310 -2.096 0.0000000000
34428 17.102 -28.152 -1.311 0.0000000000
34429 16.959 -28.400 -0.876 0.0000000000
34430 17.225 -27.975 -0.576 0.0000000000
34431 16.165 -29.447 -3.021 0.0000000000
34432 16.439 -29.076 -2.716 0.0000000000
34433 15.881 -29.802 -3.324 0.0000000000
34434 15.948 -29.651 -2.545 0.0000000000
34435 16.095 -29.547 -1.799 0.0000000000
34436 16.688 -28.798 -1.183 0.0000000000
34437 16.851 -28.662 -0.499 0.0000000000
34438 16.545 -28.932 -1.935 0.0000000000
34439 16.407 -29.186 -1.495 0.0000000000
34440 16.276 -29.443 -1.102 0.0000000000
34441 16.717 -28.917 -0.152 0.0000000000
34442 16.989 -28.488 0.153 0.0000000000
34443 16.425 -29.310 -0.451 0.0000000000
34444 16.544 -29.146 0.169 0.0000000000
34445 16.629 -28.932 0.764 0.0000000000
34446 20.239 -26.403 -3.160 0.0000000000
34447 20.557 -26.271 -3.392 0.0000000000
34448 19.513 -26.546 -2.752 0.0000000000
34449 19.895 -26.496 -2.943 0.0000000000
34450 20.097 -26.002 -2.649 0.0000000000
34451 19.892 -25.503 -2.163 0.0000000000
34452 20.301 -25.506 -2.385 0.0000000000
34453 18.650 -26.593 -2.387 0.0000000000
34454 19.097 -26.583 -2.588 0.0000000000
34455 17.937 -26.786 -1.614 0.0000000000
34456 18.228 -26.631 -2.071 0.0000000000
34457 18.449 -26.121 -1.709 0.0000000000
34458 18.374 -25.704 -0.847 0.0000000000
34459 18.653 -25.548 -1.297 0.0000000000
34460 19.459 -25.496 -1.948 0.0000000000
34461 19.669 -24.911 -1.631 0.0000000000
34462 19.273 -26.044 -2.262 0.0000000000
34463 19.018 -25.472 -1.687 0.0000000000
34464 18.889 -24.960 -0.903 0.0000000000
34465 19.542 -24.337 -0.952 0.0000000000
34466 19.943 -24.373 -1.304 0.0000000000
34467 19.028 -24.650 -0.049 0.0000000000
34468 19.204 -24.412 -0.521 0.0000000000
34469 19.673 -24.016 -0.147 0.0000000000
34470 20.103 -24.046 0.622 0.0000000000
34471 20.264 -23.807 0.199 0.0000000000
34472 17.608 -27.282 -0.666 0.0000000000
34473 17.747 -27.020 -1.128 0.0000000000
34474 17.369 -27.768 0.117 0.0000000000
34475 17.485 -27.507 -0.254 0.0000000000
34476 17.729 -27.003 0.073 0.0000000000
34477 17.860 -26.738 0.763 0.0000000000
34478 17.970 -26.464 0.424 0.0000000000
34479 17.063 -28.239 0.766 0.0000000000
34480 17.234 -28.009 0.456 0.0000000000
34481 16.875 -28.452 1.055 0.0000000000
34482 17.133 -27.961 1.356 0.0000000000
34483 17.372 -27.442 1.661 0.0000000000
34484 17.723 -26.990 1.083 0.0000000000
34485 18.018 -26.489 1.417 0.0000000000
34486 17.475 -27.506 0.768 0.0000000000
34487 17.553 -27.222 1.381 0.0000000000
34488 17.675 -26.949 1.990 0.0000000000
34489 18.215 -26.273 2.049 0.0000000000
34490 18.367 -26.025 1.760 0.0000000000
34491 18.040 -26.502 2.325 0.0000000000
34492 18.462 -26.113 2.663 0.0000000000
34493 18.923 -25.767 2.983 0.0000000000
34494 19.935 -24.322 0.989 0.0000000000
34495 20.493 -24.084 1.273 0.0000000000
34496 18.885 -24.927 0.387 0.0000000000
34497 19.397 -24.573 0.728 0.0000000000
34498 19.806 -24.576 1.395 0.0000000000
34499 19.649 -24.846 1.734 0.0000000000
34500 20.165 -24.555 2.002 0.0000000000
34501 18.185 -25.927 -0.385 0.0000000000
34502 18.491 -25.386 0.021 0.0000000000
34503 17.975 -26.499 -0.774 0.0000000000
34504 18.061 -26.189 0.043 0.0000000000
34505 18.254 -25.937 0.790 0.0000000000
34506 19.118 -25.126 1.466 0.0000000000
34507 19.509 -25.091 2.084 0.0000000000
34508 18.772 -25.197 0.808 0.0000000000
34509 18.628 -25.479 1.139 0.0000000000
34510 18.505 -25.755 1.464 0.0000000000
34511 19.318 -25.326 2.388 0.0000000000
34512 19.795 -24.990 2.671 0.0000000000
34513 18.812 -25.643 2.089 0.0000000000
34514 19.130 -25.553 2.695 0.0000000000
34515 19.377 -25.417 3.283 0.0000000000
34516 20.828 -24.038 1.895 0.0000000000
34517 21.027 -23.821 1.558 0.0000000000
34518 20.441 -24.451 2.589 0.0000000000
34519 20.636 -24.241 2.247 0.0000000000
34520 21.063 -23.900 2.479 0.0000000000
34521 21.159 -23.665 3.027 0.0000000000
34522 21.392 -23.482 2.696 0.0000000000
34523 19.991 -24.812 3.261 0.0000000000
34524 20.216 -24.626 2.930 0.0000000000
34525 19.756 -25.007 3.569 0.0000000000
34526 20.092 -24.575 3.832 0.0000000000
34527 20.383 -24.129 4.054 0.0000000000
34528 20.906 -23.822 3.368 0.0000000000
34529 21.187 -23.414 3.541 0.0000000000
34530 20.592 -24.240 3.162 0.0000000000
34531 20.648 -23.961 3.721 0.0000000000
34532 20.657 -23.695 4.251 0.0000000000
34545 19.885 -27.631 -8.351 0.0000000000
34547 20.341 -27.386 -7.846 0.0000000000
34548 20.151 -27.503 -8.118 0.0000000000
34549 20.287 -27.243 -8.074 0.0000000000
34550 20.664 -26.825 -7.831 0.0000000000
34564 20.598 -27.219 -7.199 0.0000000000
34565 20.470 -27.293 -7.534 0.0000000000
34566 20.807 -27.023 -6.327 0.0000000000
34567 20.714 -27.129 -6.783 0.0000000000
34568 20.939 -26.809 -6.923 0.0000000000
34569 21.260 -26.391 -6.690 0.0000000000
34570 21.163 -26.493 -7.054 0.0000000000
34571 20.897 -26.728 -5.266 0.0000000000
34572 20.869 -26.891 -5.809 0.0000000000
34573 20.899 -26.345 -4.172 0.0000000000
34574 20.918 -26.556 -4.717 0.0000000000
34575 21.169 -26.290 -4.988 0.0000000000
34576 21.426 -25.857 -4.704 0.0000000000
34577 21.420 -26.012 -5.251 0.0000000000
34578 21.328 -26.275 -6.265 0.0000000000
34579 21.566 -25.964 -6.429 0.0000000000
34580 21.097 -26.584 -6.050 0.0000000000
34581 21.379 -26.147 -5.777 0.0000000000
34582 21.673 -25.720 -5.500 0.0000000000
34583 21.862 -25.533 -6.168 0.0000000000
34584 21.778 -25.633 -6.547 0.0000000000
34585 21.971 -25.318 -5.240 0.0000000000
34586 21.935 -25.433 -5.742 0.0000000000
34587 22.167 -25.120 -5.928 0.0000000000
34588 22.430 -24.693 -5.724 0.0000000000
34589 22.370 -24.787 -6.093 0.0000000000
34597 20.872 -26.690 -7.605 0.0000000000
34598 21.021 -26.418 -7.587 0.0000000000
34599 20.678 -26.981 -7.573 0.0000000000
34600 21.036 -26.583 -7.358 0.0000000000
34601 21.370 -26.166 -7.116 0.0000000000
34602 21.666 -25.542 -7.092 0.0000000000
34603 22.000 -25.066 -6.841 0.0000000000
34604 21.341 -25.979 -7.351 0.0000000000
34605 21.539 -25.824 -7.116 0.0000000000
34606 21.666 -25.729 -6.846 0.0000000000
34607 22.148 -24.948 -6.631 0.0000000000
34608 22.346 -24.626 -6.666 0.0000000000
34609 21.963 -25.300 -6.606 0.0000000000
34610 22.275 -24.872 -6.403 0.0000000000
34611 22.580 -24.471 -6.221 0.0000000000
34619 22.717 -24.265 -6.474 0.0000000000
34621 22.884 -24.052 -6.007 0.0000000000
34622 22.828 -24.156 -6.273 0.0000000000
34623 23.002 -23.840 -6.253 0.0000000000
34624 23.187 -23.385 -6.090 0.0000000000
34625 23.087 -23.522 -6.306 0.0000000000
34633 23.516 -22.751 -5.926 0.0000000000
34638 20.788 -25.816 -3.117 0.0000000000
34639 20.858 -26.104 -3.636 0.0000000000
34640 20.526 -25.004 -2.133 0.0000000000
34641 20.671 -25.449 -2.613 0.0000000000
34642 21.017 -25.349 -2.859 0.0000000000
34643 21.252 -24.884 -2.600 0.0000000000
34644 21.337 -25.210 -3.106 0.0000000000
34645 20.275 -23.867 -0.976 0.0000000000
34646 20.359 -24.445 -1.608 0.0000000000
34647 20.856 -23.623 0.526 0.0000000000
34648 20.471 -23.584 -0.199 0.0000000000
34649 20.685 -23.443 -0.617 0.0000000000
34650 21.209 -23.173 -0.227 0.0000000000
34651 20.996 -23.463 -0.961 0.0000000000
34652 21.144 -24.478 -2.086 0.0000000000
34653 21.500 -24.417 -2.332 0.0000000000
34654 20.766 -24.490 -1.829 0.0000000000
34655 21.041 -23.999 -1.551 0.0000000000
34656 21.335 -23.504 -1.259 0.0000000000
34657 21.729 -23.929 -2.087 0.0000000000
34658 21.825 -24.309 -2.594 0.0000000000
34659 21.684 -23.039 -0.936 0.0000000000
34660 21.648 -23.483 -1.558 0.0000000000
34661 21.952 -23.425 -1.846 0.0000000000
34662 22.213 -22.924 -1.541 0.0000000000
34663 22.252 -23.330 -2.108 0.0000000000
34664 21.456 -23.478 1.810 0.0000000000
34665 21.208 -23.606 1.199 0.0000000000
34666 21.707 -23.076 2.900 0.0000000000
34667 21.627 -23.293 2.380 0.0000000000
34668 21.843 -23.099 2.055 0.0000000000
34669 22.196 -22.701 2.290 0.0000000000
34670 22.080 -22.908 1.753 0.0000000000
34672 21.726 -22.869 3.371 0.0000000000
34676 22.224 -22.524 2.745 0.0000000000
34677 22.475 -22.325 2.460 0.0000000000
34678 21.980 -22.685 3.067 0.0000000000
34679 22.212 -22.353 3.154 0.0000000000
34681 22.739 -21.963 2.595 0.0000000000
34682 22.728 -22.130 2.192 0.0000000000
34686 22.302 -22.543 -0.894 0.0000000000
34687 22.529 -22.449 -1.207 0.0000000000
34688 21.956 -22.808 -0.210 0.0000000000
34689 22.111 -22.656 -0.561 0.0000000000
34690 22.633 -22.388 -0.185 0.0000000000
34691 22.930 -22.250 0.499 0.0000000000
34692 23.091 -22.094 0.164 0.0000000000
34693 21.609 -23.187 0.496 0.0000000000
34694 21.786 -22.983 0.143 0.0000000000
34695 21.402 -23.395 0.840 0.0000000000
34696 21.891 -23.105 1.146 0.0000000000
34697 22.302 -22.718 1.449 0.0000000000
34698 22.729 -22.383 0.827 0.0000000000
34699 23.100 -22.032 1.113 0.0000000000
34700 22.290 -22.704 0.500 0.0000000000
34701 22.517 -22.538 1.141 0.0000000000
34702 22.654 -22.327 1.706 0.0000000000
34703 23.179 -21.810 1.629 0.0000000000
34704 23.383 -21.676 1.328 0.0000000000
34705 22.958 -21.961 1.909 0.0000000000
34708 22.945 -22.077 -0.845 0.0000000000
34709 22.765 -22.333 -1.499 0.0000000000
34710 23.476 -21.759 0.472 0.0000000000
34711 23.251 -21.937 -0.166 0.0000000000
34712 23.403 -21.789 -0.507 0.0000000000
34713 23.830 -21.524 -0.224 0.0000000000
34714 23.547 -21.615 -0.835 0.0000000000
34716 23.578 -21.549 1.011 0.0000000000
34720 23.963 -21.342 0.327 0.0000000000
34721 24.151 -21.219 -0.054 0.0000000000
34722 23.783 -21.447 0.689 0.0000000000
34723 24.035 -21.141 0.769 0.0000000000
34725 24.446 -20.924 -0.022 0.0000000000
34726 24.317 -21.081 -0.437 0.0000000000
34727 24.554 -20.754 0.272 0.0000000000
34728 24.767 -20.605 -0.151 0.0000000000
34732 23.668 -22.649 -5.776 0.0000000000
34733 23.778 -22.316 -5.740 0.0000000000
34734 24.034 -21.862 -5.561 0.0000000000
34735 24.157 -21.765 -5.382 0.0000000000
34736 24.277 -21.387 -5.372 0.0000000000
34737 23.290 -23.278 -5.847 0.0000000000
34738 23.457 -22.981 -5.844 0.0000000000
34739 22.902 -23.958 -5.687 0.0000000000
34740 23.117 -23.624 -5.804 0.0000000000
34741 23.371 -23.237 -5.563 0.0000000000
34742 23.399 -23.165 -5.184 0.0000000000
34743 23.621 -22.854 -5.289 0.0000000000
34744 24.005 -22.147 -5.384 0.0000000000
34745 24.206 -21.693 -5.151 0.0000000000
34746 23.768 -22.561 -5.596 0.0000000000
34747 23.827 -22.513 -5.352 0.0000000000
34748 23.838 -22.425 -5.032 0.0000000000
34749 24.230 -21.620 -4.894 0.0000000000
34750 24.416 -21.247 -4.947 0.0000000000
34751 23.828 -22.320 -4.650 0.0000000000
34752 24.036 -21.977 -4.792 0.0000000000
34753 24.239 -21.534 -4.568 0.0000000000
34754 24.215 -21.431 -4.172 0.0000000000
34755 24.430 -21.098 -4.337 0.0000000000
34756 22.468 -24.597 -5.264 0.0000000000
34757 22.685 -24.282 -5.502 0.0000000000
34758 21.967 -25.178 -4.716 0.0000000000
34759 22.218 -24.891 -4.995 0.0000000000
34760 22.462 -24.472 -4.762 0.0000000000
34761 22.448 -24.332 -4.232 0.0000000000
34762 22.705 -24.062 -4.526 0.0000000000
34763 21.422 -25.683 -4.157 0.0000000000
34764 21.697 -25.440 -4.432 0.0000000000
34765 21.143 -25.904 -3.890 0.0000000000
34766 21.389 -25.468 -3.628 0.0000000000
34767 21.636 -25.035 -3.371 0.0000000000
34768 22.181 -24.585 -3.935 0.0000000000
34769 22.433 -24.167 -3.694 0.0000000000
34770 21.943 -25.012 -4.183 0.0000000000
34771 21.914 -24.826 -3.645 0.0000000000
34772 21.884 -24.600 -3.114 0.0000000000
34773 22.412 -23.967 -3.156 0.0000000000
34774 22.676 -23.745 -3.443 0.0000000000
34775 22.127 -24.157 -2.870 0.0000000000
34776 22.348 -23.691 -2.633 0.0000000000
34777 22.536 -23.183 -2.372 0.0000000000
34778 23.994 -21.748 -3.956 0.0000000000
34779 24.179 -21.304 -3.725 0.0000000000
34780 23.605 -22.636 -4.461 0.0000000000
34781 23.810 -22.197 -4.203 0.0000000000
34782 23.779 -22.040 -3.702 0.0000000000
34783 23.548 -22.310 -3.436 0.0000000000
34784 23.734 -21.840 -3.168 0.0000000000
34785 23.175 -23.476 -5.010 0.0000000000
34786 23.393 -23.062 -4.747 0.0000000000
34787 22.942 -23.879 -5.265 0.0000000000
34788 22.958 -23.783 -4.789 0.0000000000
34789 22.941 -23.652 -4.266 0.0000000000
34790 23.362 -22.780 -3.712 0.0000000000
34791 23.306 -22.562 -3.170 0.0000000000
34792 23.382 -22.940 -4.240 0.0000000000
34793 23.151 -23.223 -3.992 0.0000000000
34794 22.919 -23.493 -3.724 0.0000000000
34795 23.069 -22.800 -2.894 0.0000000000
34796 23.254 -22.302 -2.626 0.0000000000
34797 22.874 -23.280 -3.173 0.0000000000
34798 22.812 -23.006 -2.627 0.0000000000
34799 22.752 -22.674 -2.081 0.0000000000
34800 24.146 -21.148 -3.240 0.0000000000
34801 24.396 -20.884 -3.530 0.0000000000
34802 23.691 -21.605 -2.624 0.0000000000
34803 23.919 -21.384 -2.924 0.0000000000
34804 24.153 -20.975 -2.707 0.0000000000
34805 24.231 -20.837 -2.178 0.0000000000
34806 24.426 -20.611 -2.547 0.0000000000
34807 23.219 -22.011 -2.077 0.0000000000
34808 23.445 -21.808 -2.346 0.0000000000
34809 22.992 -22.181 -1.787 0.0000000000
34810 23.279 -21.736 -1.484 0.0000000000
34811 23.693 -21.429 -1.160 0.0000000000
34812 24.046 -21.046 -1.820 0.0000000000
34813 24.404 -20.757 -1.669 0.0000000000
34814 23.704 -21.372 -2.056 0.0000000000
34815 23.855 -21.237 -1.487 0.0000000000
34816 24.097 -21.177 -0.939 0.0000000000
34817 24.632 -20.707 -1.212 0.0000000000
34818 24.765 -20.477 -1.618 0.0000000000
34819 24.469 -20.918 -0.832 0.0000000000
34820 24.832 -20.592 -0.833 0.0000000000
34824 24.518 -20.907 -5.139 0.0000000000
34829 24.620 -20.805 -4.731 0.0000000000
34830 24.587 -20.859 -4.964 0.0000000000
34831 24.639 -20.678 -4.141 0.0000000000
34832 24.636 -20.744 -4.454 0.0000000000
34833 24.829 -20.357 -4.510 0.0000000000
34848 24.626 -20.472 -3.352 0.0000000000
34849 24.632 -20.582 -3.770 0.0000000000
34850 24.701 -20.255 -2.475 0.0000000000
34851 24.629 -20.360 -2.921 0.0000000000
34852 24.844 -20.053 -3.239 0.0000000000
34853 25.053 -19.603 -3.203 0.0000000000
34854 25.008 -19.687 -3.513 0.0000000000
34855 25.099 -20.124 -1.729 0.0000000000
34856 24.888 -20.192 -2.047 0.0000000000
34857 25.233 -19.970 -1.495 0.0000000000
34858 25.329 -19.644 -1.980 0.0000000000
34859 25.305 -19.187 -2.453 0.0000000000
34860 25.132 -19.502 -2.883 0.0000000000
34861 25.296 -19.051 -3.197 0.0000000000
34862 25.005 -19.865 -2.479 0.0000000000
34863 25.261 -19.388 -2.634 0.0000000000
34864 25.231 -18.664 -2.780 0.0000000000
34877 24.993 -19.835 -4.071 0.0000000000
34879 24.828 -20.234 -3.952 0.0000000000
34880 24.993 -19.762 -3.804 0.0000000000
34881 25.201 -19.277 -3.696 0.0000000000
35453 5.213 -29.034 -3.189 0.0000000000
35454 4.963 -29.415 -3.019 0.0000000000
35455 4.995 -29.216 -3.203 0.0000000000
35456 5.227 -29.519 -2.885 0.0000000000
35457 4.957 -29.631 -2.884 0.0000000000
35458 4.692 -29.865 -2.873 0.0000000000
35459 4.442 -30.293 -2.913 0.0000000000
37908 9.073 -26.473 -3.310 0.0000000000
37939 8.024 -27.503 -3.355 0.0000000000
37945 5.538 -28.670 -3.355 0.0000000000
37948 6.187 -28.594 -3.231 0.0000000000
37949 5.475 -28.925 -3.165 0.0000000000
37950 6.138 -28.936 -3.067 0.0000000000
37951 5.808 -28.900 -3.126 0.0000000000
37952 5.500 -29.210 -2.998 0.0000000000
37953 5.478 -29.502 -2.869 0.0000000000
38157 9.854 -13.308 -0.787 0.0000000000
38158 9.955 -13.034 -1.291 0.0000000000
38159 10.455 -12.972 -1.636 0.0000000000
38160 10.901 -13.131 -1.428 0.0000000000
38161 10.881 -12.905 -2.022 0.0000000000
38253 11.257 -12.839 -2.495 0.0000000000
38285 11.717 -12.991 -2.321 0.0000000000
38286 11.581 -12.801 -2.948 0.0000000000
38287 11.903 -12.746 -3.461 0.0000000000
38288 12.383 -12.911 -3.302 0.0000000000
38289 12.259 -12.624 -4.134 0.0000000000
38433 8.136 -19.215 -1.086 0.0000000000
38434 8.142 -18.820 -0.946 0.0000000000
38437 7.470 -20.840 -1.952 0.0000000000
38438 7.578 -20.345 -1.940 0.0000000000
38439 7.760 -20.445 -1.647 0.0000000000
38440 7.831 -20.963 -1.282 0.0000000000
38441 7.937 -20.511 -1.261 0.0000000000
38442 8.094 -19.628 -1.176 0.0000000000
38443 8.299 -19.698 -0.713 0.0000000000
38445 8.023 -20.054 -1.236 0.0000000000
38446 8.141 -20.546 -0.831 0.0000000000
38447 8.499 -20.154 -0.305 0.0000000000
38448 8.578 -19.745 -0.209 0.0000000000
38449 8.254 -21.002 -0.390 0.0000000000
38450 8.397 -20.573 -0.373 0.0000000000
38451 8.769 -20.598 0.078 0.0000000000
38452 9.088 -21.038 0.444 0.0000000000
38453 9.236 -20.596 0.517 0.0000000000
38509 3.850 -26.617 -1.561 0.0000000000
38510 5.404 -24.219 -2.181 0.0000000000
38511 5.510 -24.440 -2.037 0.0000000000
38514 5.220 -24.741 -1.962 0.0000000000
38515 4.983 -25.355 -1.752 0.0000000000
38516 5.090 -25.367 -1.609 0.0000000000
38523 4.732 -25.736 -1.674 0.0000000000
38527 4.427 -26.069 -1.616 0.0000000000
38528 4.566 -26.096 -1.482 0.0000000000
38529 4.399 -25.842 -1.730 0.0000000000
38530 4.122 -26.367 -1.577 0.0000000000
38531 3.980 -26.754 -1.415 0.0000000000
38532 5.427 -24.866 -1.657 0.0000000000
38533 5.644 -24.508 -1.774 0.0000000000
38534 4.986 -25.715 -1.402 0.0000000000
38535 5.232 -25.260 -1.517 0.0000000000
38536 5.412 -25.301 -1.309 0.0000000000
38537 5.426 -25.771 -1.036 0.0000000000
38538 5.650 -25.369 -1.062 0.0000000000
38539 4.447 -26.463 -1.279 0.0000000000
38540 4.729 -26.092 -1.346 0.0000000000
38541 4.162 -26.804 -1.244 0.0000000000
38542 4.384 -26.863 -1.078 0.0000000000
38543 4.717 -26.963 -0.902 0.0000000000
38544 5.205 -26.166 -0.999 0.0000000000
38545 5.560 -26.317 -0.765 0.0000000000
38546 4.937 -26.092 -1.198 0.0000000000
38547 4.986 -26.553 -0.954 0.0000000000
38548 5.110 -27.130 -0.696 0.0000000000
38549 5.786 -26.940 -0.491 0.0000000000
38550 5.991 -26.536 -0.513 0.0000000000
38551 5.556 -27.343 -0.471 0.0000000000
38552 6.041 -27.570 -0.230 0.0000000000
38553 6.537 -27.779 -0.000 0.0000000000
38554 8.935 -21.496 0.398 0.0000000000
38555 9.420 -21.480 0.815 0.0000000000
38556 8.122 -21.450 -0.396 0.0000000000
38557 8.481 -21.476 0.005 0.0000000000
38558 8.817 -21.968 0.383 0.0000000000
38559 8.713 -22.464 0.368 0.0000000000
38560 9.139 -22.466 0.765 0.0000000000
38561 7.687 -21.412 -1.260 0.0000000000
38562 7.873 -21.433 -0.825 0.0000000000
38563 7.317 -21.311 -1.921 0.0000000000
38564 7.526 -21.387 -1.638 0.0000000000
38565 7.512 -21.871 -1.201 0.0000000000
38566 7.328 -22.328 -1.145 0.0000000000
38567 7.571 -22.346 -0.746 0.0000000000
38568 8.274 -22.429 0.021 0.0000000000
38569 8.585 -22.968 0.368 0.0000000000
38570 7.994 -21.911 -0.367 0.0000000000
38571 7.877 -22.382 -0.341 0.0000000000
38572 7.713 -22.847 -0.308 0.0000000000
38573 8.420 -23.468 0.366 0.0000000000
38574 8.848 -23.502 0.741 0.0000000000
38575 7.516 -23.299 -0.305 0.0000000000
38576 7.973 -23.398 0.018 0.0000000000
38577 8.238 -23.960 0.355 0.0000000000
38578 8.057 -24.435 0.309 0.0000000000
38579 8.520 -24.519 0.659 0.0000000000
38586 6.793 -22.144 -2.115 0.0000000000
38598 6.407 -23.006 -2.154 0.0000000000
38601 5.977 -23.766 -2.148 0.0000000000
38602 7.569 -24.305 -0.032 0.0000000000
38603 7.873 -24.893 0.251 0.0000000000
38604 7.150 -23.225 -0.697 0.0000000000
38605 7.307 -23.736 -0.333 0.0000000000
38606 7.082 -24.145 -0.380 0.0000000000
38607 6.675 -24.004 -0.783 0.0000000000
38608 6.866 -24.524 -0.435 0.0000000000
38609 7.127 -22.306 -1.503 0.0000000000
38610 7.110 -22.765 -1.095 0.0000000000
38611 7.145 -21.787 -1.866 0.0000000000
38612 6.955 -22.267 -1.831 0.0000000000
38613 6.737 -22.719 -1.833 0.0000000000
38614 6.628 -23.567 -1.131 0.0000000000
38615 6.372 -23.905 -1.194 0.0000000000
38616 6.876 -23.180 -1.107 0.0000000000
38617 6.669 -23.160 -1.494 0.0000000000
38618 6.519 -23.151 -1.848 0.0000000000
38619 6.146 -23.848 -1.544 0.0000000000
38620 6.160 -24.234 -1.213 0.0000000000
38621 6.303 -23.504 -1.853 0.0000000000
38622 6.063 -23.843 -1.854 0.0000000000
38623 5.854 -24.172 -1.844 0.0000000000
38624 7.682 -25.330 0.202 0.0000000000
38625 8.181 -25.473 0.519 0.0000000000
38626 6.686 -24.903 -0.477 0.0000000000
38627 7.169 -25.131 -0.115 0.0000000000
38628 7.505 -25.761 0.143 0.0000000000
38629 7.327 -26.185 0.099 0.0000000000
38630 7.831 -26.359 0.379 0.0000000000
38631 5.985 -24.582 -1.191 0.0000000000
38632 6.287 -24.705 -0.851 0.0000000000
38633 5.767 -24.546 -1.493 0.0000000000
38634 5.812 -24.946 -1.125 0.0000000000
38635 5.970 -25.503 -0.788 0.0000000000
38636 6.835 -25.960 -0.198 0.0000000000
38637 7.158 -26.604 0.051 0.0000000000
38638 6.530 -25.299 -0.501 0.0000000000
38639 6.372 -25.714 -0.497 0.0000000000
38640 6.190 -26.137 -0.500 0.0000000000
38641 6.982 -27.016 0.021 0.0000000000
38642 7.461 -27.186 0.290 0.0000000000
38643 6.477 -26.791 -0.243 0.0000000000
38644 6.766 -27.400 0.005 0.0000000000
38645 7.026 -27.946 0.242 0.0000000000
38646 9.724 -21.906 1.198 0.0000000000
38647 9.883 -21.413 1.284 0.0000000000
38648 9.431 -22.957 1.159 0.0000000000
38649 9.586 -22.436 1.171 0.0000000000
38650 10.066 -22.369 1.611 0.0000000000
38651 10.459 -22.848 1.914 0.0000000000
38652 10.653 -22.293 1.948 0.0000000000
38653 9.110 -24.022 1.097 0.0000000000
38654 9.278 -23.489 1.131 0.0000000000
38655 8.803 -25.058 0.958 0.0000000000
38656 8.951 -24.545 1.047 0.0000000000
38657 9.433 -24.527 1.408 0.0000000000
38658 9.799 -25.028 1.692 0.0000000000
38659 9.973 -24.479 1.776 0.0000000000
38660 10.308 -23.387 1.880 0.0000000000
38661 10.950 -23.335 2.170 0.0000000000
38662 9.741 -23.445 1.522 0.0000000000
38663 10.137 -23.930 1.833 0.0000000000
38664 10.596 -24.426 2.090 0.0000000000
38665 11.505 -23.849 2.222 0.0000000000
38666 11.724 -23.289 2.227 0.0000000000
38667 11.104 -24.899 2.182 0.0000000000
38668 11.310 -24.383 2.206 0.0000000000
38669 11.996 -24.331 2.137 0.0000000000
38670 12.484 -24.780 2.029 0.0000000000
38671 12.650 -24.265 2.028 0.0000000000
38672 8.485 -26.021 0.759 0.0000000000
38673 8.654 -25.553 0.857 0.0000000000
38674 8.135 -26.898 0.621 0.0000000000
38675 8.310 -26.469 0.684 0.0000000000
38676 8.809 -26.523 0.986 0.0000000000
38677 9.134 -26.961 1.197 0.0000000000
38678 9.317 -26.521 1.305 0.0000000000
38679 7.731 -27.695 0.538 0.0000000000
38680 7.941 -27.306 0.562 0.0000000000
38681 7.498 -28.060 0.516 0.0000000000
38682 7.966 -28.126 0.788 0.0000000000
38683 8.478 -28.158 0.986 0.0000000000
38684 8.920 -27.382 1.118 0.0000000000
38685 9.448 -27.334 1.390 0.0000000000
38686 8.428 -27.375 0.835 0.0000000000
38687 8.698 -27.783 1.051 0.0000000000
38688 8.998 -28.121 1.202 0.0000000000
38689 9.777 -27.645 1.496 0.0000000000
38690 10.010 -27.251 1.642 0.0000000000
38691 9.559 -28.016 1.389 0.0000000000
38692 10.161 -27.860 1.614 0.0000000000
38693 10.794 -27.674 1.846 0.0000000000
38694 12.287 -25.268 2.045 0.0000000000
38695 12.922 -25.201 1.937 0.0000000000
38696 10.922 -25.436 2.109 0.0000000000
38697 11.607 -25.351 2.123 0.0000000000
38698 12.075 -25.755 2.043 0.0000000000
38699 11.844 -26.201 2.041 0.0000000000
38700 12.517 -26.113 1.999 0.0000000000
38701 9.623 -25.555 1.597 0.0000000000
38702 10.220 -25.496 1.927 0.0000000000
38703 9.125 -25.578 1.214 0.0000000000
38704 9.465 -26.052 1.467 0.0000000000
38705 9.859 -26.466 1.653 0.0000000000
38706 11.147 -26.295 2.049 0.0000000000
38707 11.589 -26.625 2.007 0.0000000000
38708 10.690 -25.923 2.036 0.0000000000
38709 10.463 -26.394 1.938 0.0000000000
38710 10.243 -26.830 1.794 0.0000000000
38711 11.322 -27.008 1.930 0.0000000000
38712 12.038 -26.902 2.018 0.0000000000
38713 10.640 -27.135 1.811 0.0000000000
38714 11.060 -27.365 1.834 0.0000000000
38715 11.430 -27.446 2.134 0.0000000000
38716 13.351 -25.600 1.877 0.0000000000
38717 13.528 -25.134 1.796 0.0000000000
38718 12.951 -26.454 2.029 0.0000000000
38719 13.167 -26.048 1.954 0.0000000000
38720 13.780 -25.976 1.889 0.0000000000
38721 14.193 -26.316 2.029 0.0000000000
38722 14.366 -25.873 1.830 0.0000000000
38723 12.427 -27.095 2.290 0.0000000000
38724 12.716 -26.809 2.142 0.0000000000
38725 12.076 -27.278 2.453 0.0000000000
38726 12.752 -27.294 2.673 0.0000000000
38727 13.447 -27.406 2.773 0.0000000000
38728 13.995 -26.734 2.260 0.0000000000
38729 14.609 -26.703 2.256 0.0000000000
38730 13.359 -26.754 2.238 0.0000000000
38731 13.743 -27.096 2.518 0.0000000000
38732 14.151 -27.549 2.833 0.0000000000
38733 15.088 -27.262 2.489 0.0000000000
38734 15.281 -26.758 2.186 0.0000000000
38735 14.843 -27.767 2.770 0.0000000000
38736 15.488 -28.074 2.513 0.0000000000
38737 15.904 -28.374 1.976 0.0000000000
38766 13.170 -12.970 -4.175 0.0000000000
38767 13.343 -12.869 -5.216 0.0000000000
38768 13.634 -13.311 -5.295 0.0000000000
38769 13.910 -13.617 -4.232 0.0000000000
38770 13.836 -13.831 -5.210 0.0000000000
38771 12.501 -13.146 -2.603 0.0000000000
38772 12.857 -13.084 -3.191 0.0000000000
38773 11.765 -13.232 -1.705 0.0000000000
38774 12.168 -13.173 -2.132 0.0000000000
38775 12.606 -13.400 -1.946 0.0000000000
38776 12.705 -13.660 -1.290 0.0000000000
38777 13.071 -13.620 -1.765 0.0000000000
38778 13.752 -13.547 -3.176 0.0000000000
38779 14.149 -13.866 -3.210 0.0000000000
38780 13.316 -13.302 -3.165 0.0000000000
38781 13.402 -13.614 -2.345 0.0000000000
38782 13.580 -13.785 -1.615 0.0000000000
38783 14.448 -13.937 -2.294 0.0000000000
38784 14.661 -14.199 -3.233 0.0000000000
38785 13.725 -14.121 -1.008 0.0000000000
38786 14.095 -13.989 -1.570 0.0000000000
38787 14.527 -14.390 -1.609 0.0000000000
38788 14.528 -15.024 -1.210 0.0000000000
38789 14.975 -14.900 -1.905 0.0000000000
38795 13.762 -15.588 -4.447 0.0000000000
38801 13.875 -14.309 -5.043 0.0000000000
38802 13.848 -15.141 -4.664 0.0000000000
38805 13.835 -14.747 -4.883 0.0000000000
38806 14.683 -14.460 -4.115 0.0000000000
38807 15.749 -14.940 -3.864 0.0000000000
38808 15.655 -15.557 -4.169 0.0000000000
38809 15.292 -14.438 -3.446 0.0000000000
38810 15.479 -14.731 -2.843 0.0000000000
38811 15.391 -15.375 -2.265 0.0000000000
38814 14.453 -16.339 -4.198 0.0000000000
38817 13.970 -17.448 -3.962 0.0000000000
38818 13.246 -17.582 -3.616 0.0000000000
38819 15.981 -15.841 -3.520 0.0000000000
38820 15.387 -16.099 -4.262 0.0000000000
38821 15.363 -15.945 -1.700 0.0000000000
38822 15.745 -15.800 -2.560 0.0000000000
38823 16.003 -16.239 -2.824 0.0000000000
38824 15.989 -16.773 -2.201 0.0000000000
38825 16.193 -16.794 -3.113 0.0000000000
38826 14.900 -17.231 -4.137 0.0000000000
38827 14.608 -17.764 -4.033 0.0000000000
38828 15.168 -16.651 -4.252 0.0000000000
38829 15.742 -17.009 -3.909 0.0000000000
38830 16.208 -17.404 -3.385 0.0000000000
38831 15.316 -18.118 -4.060 0.0000000000
38832 14.303 -18.319 -3.963 0.0000000000
38833 16.364 -17.915 -2.742 0.0000000000
38834 16.118 -17.993 -3.616 0.0000000000
38835 15.982 -18.573 -3.801 0.0000000000
38836 16.372 -19.133 -3.282 0.0000000000
38837 15.758 -19.244 -3.905 0.0000000000
38838 10.887 -13.424 -0.858 0.0000000000
38839 11.363 -13.319 -1.253 0.0000000000
38840 9.757 -13.652 -0.337 0.0000000000
38841 10.344 -13.551 -0.539 0.0000000000
38842 10.860 -13.793 -0.286 0.0000000000
38843 10.829 -14.188 0.289 0.0000000000
38844 11.384 -14.006 0.013 0.0000000000
38845 8.543 -13.817 -0.225 0.0000000000
38846 9.159 -13.754 -0.230 0.0000000000
38849 8.475 -14.251 0.066 0.0000000000
38852 10.215 -14.423 0.362 0.0000000000
38853 10.711 -14.666 0.766 0.0000000000
38854 9.676 -14.078 0.064 0.0000000000
38855 9.630 -14.629 0.375 0.0000000000
38856 9.602 -15.224 0.622 0.0000000000
38857 10.634 -15.271 1.046 0.0000000000
38858 11.232 -15.008 0.897 0.0000000000
38859 9.563 -15.851 0.694 0.0000000000
38860 10.079 -15.598 0.947 0.0000000000
38861 10.585 -15.931 1.174 0.0000000000
38862 10.498 -16.567 1.215 0.0000000000
38863 11.131 -16.268 1.239 0.0000000000
38886 9.906 -16.854 0.993 0.0000000000
38887 10.357 -17.178 1.244 0.0000000000
38888 9.019 -15.983 0.446 0.0000000000
38889 9.480 -16.475 0.717 0.0000000000
38890 9.373 -17.060 0.654 0.0000000000
38891 8.822 -17.175 0.344 0.0000000000
38892 9.239 -17.595 0.551 0.0000000000
38898 8.380 -16.656 0.203 0.0000000000
38899 8.289 -17.211 0.020 0.0000000000
38903 7.854 -17.177 -0.381 0.0000000000
38904 8.201 -17.671 -0.248 0.0000000000
38907 7.576 -17.446 -1.085 0.0000000000
38908 10.175 -17.750 1.214 0.0000000000
38909 10.837 -17.477 1.450 0.0000000000
38910 9.071 -18.071 0.397 0.0000000000
38911 9.609 -17.953 0.828 0.0000000000
38912 9.998 -18.283 1.138 0.0000000000
38913 9.831 -18.781 0.988 0.0000000000
38914 10.448 -18.596 1.392 0.0000000000
38915 8.164 -18.079 -0.517 0.0000000000
38916 8.536 -18.127 -0.027 0.0000000000
38917 7.898 -17.960 -0.983 0.0000000000
38918 8.154 -18.445 -0.754 0.0000000000
38919 8.403 -18.910 -0.444 0.0000000000
38920 9.270 -18.904 0.557 0.0000000000
38921 9.665 -19.260 0.840 0.0000000000
38922 8.912 -18.518 0.246 0.0000000000
38923 8.778 -18.950 0.081 0.0000000000
38924 8.660 -19.347 -0.063 0.0000000000
38925 9.514 -19.718 0.709 0.0000000000
38926 10.088 -19.617 1.190 0.0000000000
38927 8.996 -19.758 0.273 0.0000000000
38928 9.367 -20.155 0.605 0.0000000000
38929 9.762 -20.557 0.978 0.0000000000
38930 16.569 -19.064 -2.414 0.0000000000
38931 16.538 -19.673 -2.733 0.0000000000
38932 16.292 -17.880 -1.862 0.0000000000
38933 16.488 -18.489 -2.130 0.0000000000
38934 16.560 -19.047 -1.603 0.0000000000
38935 16.377 -19.106 -0.900 0.0000000000
38936 16.636 -19.653 -1.149 0.0000000000
38937 15.730 -16.920 -1.386 0.0000000000
38938 16.048 -17.364 -1.574 0.0000000000
38939 15.002 -16.088 -0.998 0.0000000000
38940 15.371 -16.523 -1.160 0.0000000000
38941 15.412 -17.088 -0.738 0.0000000000
38942 15.072 -17.177 -0.241 0.0000000000
38943 15.453 -17.634 -0.362 0.0000000000
38944 16.089 -18.590 -0.663 0.0000000000
38945 16.119 -19.173 -0.333 0.0000000000
38946 16.063 -17.962 -1.065 0.0000000000
38947 15.804 -18.088 -0.498 0.0000000000
38948 15.493 -18.180 -0.008 0.0000000000
38949 15.811 -19.303 0.168 0.0000000000
38950 16.135 -19.796 -0.007 0.0000000000
38951 15.108 -18.282 0.448 0.0000000000
38952 15.474 -18.788 0.309 0.0000000000
38953 15.421 -19.419 0.639 0.0000000000
38954 14.975 -19.613 1.083 0.0000000000
38955 15.311 -20.141 0.920 0.0000000000
38956 14.137 -15.162 -0.709 0.0000000000
38957 14.560 -15.630 -0.840 0.0000000000
38958 13.312 -14.289 -0.582 0.0000000000
38959 13.727 -14.717 -0.631 0.0000000000
38960 13.733 -15.310 -0.277 0.0000000000
38961 13.302 -15.468 0.132 0.0000000000
38962 13.741 -15.893 0.074 0.0000000000
38963 12.306 -13.699 -0.854 0.0000000000
38964 12.833 -13.940 -0.634 0.0000000000
38965 11.813 -13.522 -1.073 0.0000000000
38966 11.872 -13.839 -0.407 0.0000000000
38967 11.900 -14.246 0.199 0.0000000000
38968 12.828 -15.051 0.139 0.0000000000
38969 12.822 -15.618 0.488 0.0000000000
38970 12.862 -14.450 -0.190 0.0000000000
38971 12.369 -14.624 0.182 0.0000000000
38972 11.827 -14.807 0.582 0.0000000000
38973 12.293 -15.787 0.813 0.0000000000
38974 12.808 -16.176 0.808 0.0000000000
38975 11.758 -15.399 0.839 0.0000000000
38976 11.723 -16.004 1.083 0.0000000000
38977 11.674 -16.615 1.298 0.0000000000
38978 14.583 -19.106 1.229 0.0000000000
38979 14.433 -19.779 1.532 0.0000000000
38980 14.695 -17.847 0.597 0.0000000000
38981 14.667 -18.457 0.917 0.0000000000
38982 14.153 -18.630 1.332 0.0000000000
38983 13.696 -18.160 1.411 0.0000000000
38984 13.571 -18.829 1.699 0.0000000000
38985 14.646 -16.736 -0.110 0.0000000000
38986 14.685 -17.279 0.244 0.0000000000
38987 14.611 -16.184 -0.457 0.0000000000
38988 14.186 -16.316 -0.014 0.0000000000
38989 13.751 -16.446 0.394 0.0000000000
38990 13.738 -17.595 1.056 0.0000000000
38991 13.190 -17.754 1.416 0.0000000000
38992 14.243 -17.424 0.682 0.0000000000
38993 13.752 -17.019 0.724 0.0000000000
38994 13.282 -16.602 0.772 0.0000000000
38995 12.681 -17.364 1.372 0.0000000000
38996 12.572 -17.932 1.649 0.0000000000
38997 12.760 -16.778 1.091 0.0000000000
38998 12.184 -16.978 1.332 0.0000000000
38999 11.554 -17.195 1.483 0.0000000000
39000 13.685 -20.139 1.950 0.0000000000
39001 14.036 -20.522 1.831 0.0000000000
39002 12.938 -19.081 1.954 0.0000000000
39003 13.343 -19.633 1.971 0.0000000000
39004 13.028 -20.385 2.165 0.0000000000
39005 12.566 -20.435 2.214 0.0000000000
39006 12.855 -20.821 2.188 0.0000000000
39007 11.896 -18.145 1.770 0.0000000000
39008 12.442 -18.577 1.898 0.0000000000
39009 11.368 -17.787 1.610 0.0000000000
39010 11.160 -18.372 1.696 0.0000000000
39011 10.990 -18.936 1.701 0.0000000000
39012 12.193 -19.995 2.173 0.0000000000
39013 12.030 -20.438 2.188 0.0000000000
39014 12.315 -19.309 2.091 0.0000000000
39015 11.609 -19.376 1.980 0.0000000000
39016 10.752 -19.469 1.658 0.0000000000
39017 11.196 -20.415 2.017 0.0000000000
39018 11.865 -20.785 2.190 0.0000000000
39019 10.517 -19.981 1.555 0.0000000000
39020 10.323 -20.474 1.480 0.0000000000
39021 10.109 -20.941 1.392 0.0000000000
39022 16.717 -20.243 -2.261 0.0000000000
39023 16.469 -20.322 -3.031 0.0000000000
39024 16.687 -20.209 -0.796 0.0000000000
39025 16.815 -20.210 -1.496 0.0000000000
39026 16.879 -20.787 -1.893 0.0000000000
39027 17.093 -21.319 -1.564 0.0000000000
39028 16.866 -21.397 -2.272 0.0000000000
39029 16.069 -20.456 0.309 0.0000000000
39030 16.416 -20.290 -0.227 0.0000000000
39031 15.142 -20.835 1.134 0.0000000000
39032 15.621 -20.663 0.743 0.0000000000
39033 15.919 -21.134 0.562 0.0000000000
39034 15.735 -21.794 0.758 0.0000000000
39035 16.225 -21.597 0.354 0.0000000000
39036 17.031 -21.296 -0.831 0.0000000000
39037 17.311 -21.869 -1.240 0.0000000000
39038 16.688 -20.780 -0.483 0.0000000000
39039 16.660 -21.419 -0.195 0.0000000000
39040 16.583 -22.054 0.129 0.0000000000
39041 17.510 -22.443 -0.883 0.0000000000
39042 17.298 -22.480 -1.657 0.0000000000
39043 16.440 -22.680 0.405 0.0000000000
39044 17.081 -22.552 -0.137 0.0000000000
39045 17.601 -23.057 -0.500 0.0000000000
39046 17.556 -23.671 -0.117 0.0000000000
39047 17.713 -23.664 -0.971 0.0000000000
39048 13.645 -21.186 1.984 0.0000000000
39049 14.480 -20.991 1.582 0.0000000000
39050 12.737 -21.173 2.193 0.0000000000
39051 13.138 -21.205 2.122 0.0000000000
39052 13.470 -21.601 2.004 0.0000000000
39053 13.346 -21.964 2.022 0.0000000000
39054 13.854 -22.055 1.839 0.0000000000
39055 11.493 -21.183 2.157 0.0000000000
39056 12.308 -21.121 2.217 0.0000000000
39057 10.541 -21.329 1.773 0.0000000000
39058 11.030 -21.715 2.047 0.0000000000
39059 11.532 -22.164 2.235 0.0000000000
39060 12.908 -21.913 2.157 0.0000000000
39061 13.208 -22.423 2.034 0.0000000000
39062 12.614 -21.493 2.207 0.0000000000
39063 12.414 -21.950 2.242 0.0000000000
39064 12.057 -22.653 2.232 0.0000000000
39065 13.036 -23.089 2.022 0.0000000000
39066 13.556 -23.018 1.857 0.0000000000
39067 12.464 -23.195 2.143 0.0000000000
39068 12.851 -23.712 2.026 0.0000000000
39069 13.261 -24.183 1.876 0.0000000000
39070 16.846 -23.723 0.491 0.0000000000
39071 17.441 -24.257 0.225 0.0000000000
39072 15.888 -22.833 0.774 0.0000000000
39073 16.300 -23.264 0.634 0.0000000000
39074 16.164 -23.799 0.838 0.0000000000
39075 15.588 -23.907 1.082 0.0000000000
39076 16.021 -24.310 1.026 0.0000000000
39077 15.226 -21.961 1.100 0.0000000000
39078 15.562 -22.410 0.938 0.0000000000
39079 14.881 -21.523 1.293 0.0000000000
39080 14.629 -22.076 1.479 0.0000000000
39081 14.369 -22.573 1.572 0.0000000000
39082 15.202 -23.508 1.197 0.0000000000
39083 15.026 -24.004 1.302 0.0000000000
39084 15.384 -22.971 1.081 0.0000000000
39085 14.811 -23.069 1.343 0.0000000000
39086 14.171 -23.089 1.619 0.0000000000
39087 14.440 -24.096 1.499 0.0000000000
39088 14.855 -24.493 1.407 0.0000000000
39089 14.009 -23.629 1.651 0.0000000000
39090 13.847 -24.131 1.691 0.0000000000
39091 13.685 -24.633 1.737 0.0000000000
39092 17.267 -24.849 0.522 0.0000000000
39093 17.779 -24.904 -0.242 0.0000000000
39094 15.860 -24.801 1.235 0.0000000000
39095 16.523 -24.752 1.022 0.0000000000
39096 17.120 -25.390 0.831 0.0000000000
39097 16.942 -25.957 1.089 0.0000000000
39098 17.437 -26.130 0.417 0.0000000000
39099 14.696 -24.967 1.537 0.0000000000
39100 15.278 -24.885 1.384 0.0000000000
39101 14.112 -25.046 1.650 0.0000000000
39102 14.532 -25.422 1.678 0.0000000000
39103 14.981 -25.808 1.789 0.0000000000
39104 16.240 -25.803 1.477 0.0000000000
39105 16.786 -26.535 1.348 0.0000000000
39106 15.744 -25.302 1.434 0.0000000000
39107 15.592 -25.775 1.663 0.0000000000
39108 15.453 -26.272 1.903 0.0000000000
39109 16.581 -27.158 1.605 0.0000000000
39110 16.906 -27.369 0.934 0.0000000000
39111 15.987 -26.919 2.015 0.0000000000
39112 16.275 -27.781 1.838 0.0000000000
39113 16.103 -28.529 1.321 0.0000000000
39138 13.081 -18.107 -3.354 0.0000000000
39139 12.798 -17.625 -3.084 0.0000000000
39143 13.996 -18.991 -3.848 0.0000000000
39144 13.442 -18.558 -3.624 0.0000000000
39145 15.408 -19.879 -3.970 0.0000000000
39146 14.755 -19.515 -3.987 0.0000000000
39147 13.718 -19.553 -3.679 0.0000000000
39148 13.507 -20.075 -3.494 0.0000000000
39149 13.147 -19.611 -3.168 0.0000000000
39150 12.772 -18.655 -2.518 0.0000000000
39152 12.972 -18.634 -3.079 0.0000000000
39153 12.925 -19.152 -2.816 0.0000000000
39154 12.889 -19.663 -2.572 0.0000000000
39155 12.666 -19.231 -1.817 0.0000000000
39157 12.860 -20.170 -2.336 0.0000000000
39158 12.794 -19.707 -2.033 0.0000000000
39159 12.701 -19.764 -1.547 0.0000000000
39160 12.752 -20.362 -1.407 0.0000000000
39161 12.624 -19.851 -1.252 0.0000000000
39183 12.457 -19.918 -1.076 0.0000000000
39191 12.458 -20.480 -0.997 0.0000000000
39206 16.346 -20.943 -3.315 0.0000000000
39207 15.997 -20.383 -3.752 0.0000000000
39208 16.769 -22.044 -2.583 0.0000000000
39209 16.589 -21.512 -2.910 0.0000000000
39210 16.102 -21.586 -3.560 0.0000000000
39211 15.740 -22.185 -3.749 0.0000000000
39212 15.235 -21.614 -3.890 0.0000000000
39213 17.102 -23.118 -2.014 0.0000000000
39214 16.930 -22.571 -2.299 0.0000000000
39215 17.476 -24.303 -1.398 0.0000000000
39216 17.292 -23.697 -1.704 0.0000000000
39217 16.851 -23.722 -2.296 0.0000000000
39218 16.590 -24.272 -2.509 0.0000000000
39219 16.442 -23.739 -2.794 0.0000000000
39220 16.099 -22.721 -3.449 0.0000000000
39221 15.237 -22.771 -3.844 0.0000000000
39222 16.566 -22.654 -2.851 0.0000000000
39223 16.297 -23.230 -3.088 0.0000000000
39224 15.979 -23.783 -3.327 0.0000000000
39225 14.725 -23.349 -3.846 0.0000000000
39226 14.194 -22.815 -3.746 0.0000000000
39227 15.591 -24.328 -3.542 0.0000000000
39228 15.180 -23.853 -3.771 0.0000000000
39229 14.179 -23.903 -3.739 0.0000000000
39230 13.680 -24.461 -3.626 0.0000000000
39231 13.308 -23.865 -3.460 0.0000000000
39232 17.582 -25.597 -0.750 0.0000000000
39233 17.588 -24.941 -1.092 0.0000000000
39234 17.255 -26.845 -0.066 0.0000000000
39235 17.471 -26.234 -0.398 0.0000000000
39236 17.215 -26.202 -1.167 0.0000000000
39237 16.835 -26.724 -1.491 0.0000000000
39238 16.883 -26.080 -1.779 0.0000000000
39239 16.617 -28.094 0.440 0.0000000000
39240 16.975 -27.452 0.217 0.0000000000
39241 16.209 -28.622 0.649 0.0000000000
39242 16.259 -28.619 0.037 0.0000000000
39243 16.197 -28.542 -0.581 0.0000000000
39244 16.681 -27.319 -1.148 0.0000000000
39245 16.449 -27.179 -1.743 0.0000000000
39246 16.863 -27.428 -0.487 0.0000000000
39247 16.476 -27.938 -0.845 0.0000000000
39248 16.087 -28.431 -1.182 0.0000000000
39249 16.095 -27.682 -2.027 0.0000000000
39250 16.188 -27.055 -2.282 0.0000000000
39251 15.889 -28.293 -1.754 0.0000000000
39252 15.705 -28.210 -2.338 0.0000000000
39253 15.374 -28.128 -2.866 0.0000000000
39254 14.075 -24.948 -3.727 0.0000000000
39255 13.146 -24.979 -3.517 0.0000000000
39256 15.821 -24.814 -3.235 0.0000000000
39257 15.094 -24.867 -3.728 0.0000000000
39258 14.535 -25.412 -3.789 0.0000000000
39259 14.895 -25.886 -3.681 0.0000000000
39260 13.909 -25.936 -3.787 0.0000000000
39261 16.715 -24.826 -2.255 0.0000000000
39262 16.283 -24.796 -2.716 0.0000000000
39263 17.158 -24.896 -1.739 0.0000000000
39264 16.822 -25.419 -2.010 0.0000000000
39265 16.498 -25.918 -2.263 0.0000000000
39266 15.570 -25.849 -3.176 0.0000000000
39267 15.126 -26.402 -3.448 0.0000000000
39268 15.947 -25.317 -2.951 0.0000000000
39269 16.071 -25.855 -2.714 0.0000000000
39270 16.161 -26.435 -2.498 0.0000000000
39271 15.278 -26.930 -3.216 0.0000000000
39272 14.634 -26.956 -3.678 0.0000000000
39273 15.788 -26.961 -2.741 0.0000000000
39274 15.365 -27.505 -3.018 0.0000000000
39275 14.880 -28.069 -3.326 0.0000000000
39276 12.630 -25.536 -3.414 0.0000000000
39277 12.409 -25.003 -3.149 0.0000000000
39278 13.388 -26.525 -3.790 0.0000000000
39279 12.990 -26.001 -3.626 0.0000000000
39280 12.172 -26.121 -3.276 0.0000000000
39281 11.716 -26.752 -3.153 0.0000000000
39282 11.729 -26.226 -2.937 0.0000000000
39283 14.062 -27.539 -3.891 0.0000000000
39284 13.724 -27.036 -3.875 0.0000000000
39285 14.222 -28.079 -3.775 0.0000000000
39286 13.331 -28.127 -4.050 0.0000000000
39287 12.386 -28.193 -3.930 0.0000000000
39288 11.854 -27.223 -3.420 0.0000000000
39289 11.334 -27.372 -3.042 0.0000000000
39290 12.745 -27.143 -3.724 0.0000000000
39291 12.118 -27.707 -3.697 0.0000000000
39292 11.527 -28.266 -3.656 0.0000000000
39293 10.913 -27.997 -2.999 0.0000000000
39294 11.071 -27.603 -2.794 0.0000000000
39295 10.899 -28.388 -3.314 0.0000000000
39296 10.473 -28.590 -2.980 0.0000000000
39297 10.190 -28.818 -2.715 0.0000000000
39307 12.584 -20.947 -1.050 0.0000000000
39308 12.397 -20.983 -0.981 0.0000000000
39309 12.368 -21.632 -0.983 0.0000000000
39310 12.479 -22.105 -1.047 0.0000000000
39311 12.246 -22.251 -1.013 0.0000000000
39319 12.258 -23.381 -1.111 0.0000000000
39322 11.970 -24.853 -1.427 0.0000000000
39324 12.786 -20.815 -1.656 0.0000000000
39325 12.737 -20.909 -1.268 0.0000000000
39326 12.935 -20.646 -2.682 0.0000000000
39327 12.814 -20.716 -2.146 0.0000000000
39328 12.811 -21.254 -1.983 0.0000000000
39329 12.774 -21.739 -2.298 0.0000000000
39330 12.839 -21.810 -1.806 0.0000000000
39331 14.068 -20.583 -3.757 0.0000000000
39332 13.302 -20.612 -3.263 0.0000000000
39333 15.058 -20.500 -3.942 0.0000000000
39334 14.653 -21.044 -3.875 0.0000000000
39335 14.190 -21.635 -3.746 0.0000000000
39336 12.915 -21.679 -2.819 0.0000000000
39337 12.748 -22.211 -2.602 0.0000000000
39338 13.116 -21.138 -3.048 0.0000000000
39339 13.384 -21.665 -3.380 0.0000000000
39340 13.742 -22.198 -3.599 0.0000000000
39341 12.837 -22.747 -2.894 0.0000000000
39342 12.579 -22.810 -2.436 0.0000000000
39343 13.345 -22.756 -3.418 0.0000000000
39344 13.012 -23.266 -3.239 0.0000000000
39345 12.582 -23.849 -2.980 0.0000000000
39346 12.154 -24.677 -1.353 0.0000000000
39347 11.884 -25.459 -1.623 0.0000000000
39348 12.495 -23.225 -1.150 0.0000000000
39349 12.360 -23.929 -1.214 0.0000000000
39350 12.362 -24.534 -1.440 0.0000000000
39351 12.465 -24.362 -1.543 0.0000000000
39352 12.163 -25.103 -1.708 0.0000000000
39353 12.694 -21.994 -1.169 0.0000000000
39354 12.598 -22.578 -1.167 0.0000000000
39355 12.730 -21.435 -1.208 0.0000000000
39356 12.842 -21.907 -1.425 0.0000000000
39357 12.798 -22.407 -1.666 0.0000000000
39358 12.669 -23.644 -1.433 0.0000000000
39359 12.454 -24.188 -1.697 0.0000000000
39360 12.692 -23.094 -1.296 0.0000000000
39361 12.757 -22.997 -1.564 0.0000000000
39362 12.655 -22.917 -1.951 0.0000000000
39363 12.309 -24.032 -2.021 0.0000000000
39364 12.119 -24.694 -2.075 0.0000000000
39365 12.439 -23.426 -2.209 0.0000000000
39366 12.322 -23.915 -2.457 0.0000000000
39367 12.288 -24.445 -2.796 0.0000000000
39368 11.723 -26.112 -1.842 0.0000000000
39369 11.517 -26.286 -1.874 0.0000000000
39370 11.884 -25.656 -2.039 0.0000000000
39371 11.858 -25.931 -1.915 0.0000000000
39372 11.507 -26.716 -2.044 0.0000000000
39373 11.297 -27.236 -2.195 0.0000000000
39374 11.047 -27.406 -2.037 0.0000000000
39375 11.974 -25.209 -2.409 0.0000000000
39376 11.907 -25.422 -2.195 0.0000000000
39377 12.091 -25.062 -2.728 0.0000000000
39378 11.825 -25.752 -2.668 0.0000000000
39379 11.542 -26.409 -2.702 0.0000000000
39380 11.353 -26.940 -2.340 0.0000000000
39381 11.073 -27.660 -2.294 0.0000000000
39382 11.633 -26.173 -2.308 0.0000000000
39383 11.425 -26.653 -2.514 0.0000000000
39384 11.265 -27.131 -2.653 0.0000000000
39385 10.798 -28.075 -2.398 0.0000000000
39386 10.682 -28.258 -2.218 0.0000000000
39387 10.910 -27.839 -2.587 0.0000000000
39388 10.501 -28.449 -2.536 0.0000000000
39389 10.047 -29.029 -2.506 0.0000000000
39397 11.534 -25.908 -2.023 0.0000000000
39398 11.718 -25.327 -1.976 0.0000000000
39399 11.470 -25.552 -2.275 0.0000000000
39400 11.014 -26.319 -2.459 0.0000000000
39401 11.098 -25.781 -2.533 0.0000000000
39406 10.642 -26.009 -2.760 0.0000000000
39407 10.159 -25.691 -3.127 0.0000000000
39408 10.137 -26.706 -2.866 0.0000000000
39409 10.151 -26.193 -2.974 0.0000000000
39410 9.628 -26.339 -3.152 0.0000000000
39411 9.095 -26.932 -3.204 0.0000000000
39412 11.004 -27.092 -1.986 0.0000000000
39413 11.307 -26.503 -2.030 0.0000000000
39414 10.618 -28.069 -2.005 0.0000000000
39415 10.785 -27.629 -2.016 0.0000000000
39416 10.500 -27.919 -2.100 0.0000000000
39417 9.977 -28.672 -2.103 0.0000000000
39418 10.213 -28.204 -2.218 0.0000000000
39419 10.267 -28.840 -2.217 0.0000000000
39420 10.505 -28.444 -2.095 0.0000000000
39421 9.920 -29.206 -2.335 0.0000000000
39422 9.779 -29.359 -2.217 0.0000000000
39423 9.567 -29.513 -2.119 0.0000000000
39424 9.874 -28.960 -2.032 0.0000000000
39425 9.448 -29.327 -2.119 0.0000000000
39426 10.223 -28.664 -2.020 0.0000000000
39427 9.773 -29.216 -2.045 0.0000000000
39428 9.258 -29.725 -2.095 0.0000000000
39429 8.899 -29.892 -2.155 0.0000000000
39430 9.093 -29.517 -2.218 0.0000000000
39431 8.811 -30.051 -2.140 0.0000000000
39432 8.377 -30.323 -2.190 0.0000000000
39433 8.039 -30.405 -2.243 0.0000000000
39434 9.086 -27.422 -3.105 0.0000000000
39435 8.561 -27.472 -3.251 0.0000000000
39436 10.045 -27.228 -2.737 0.0000000000
39437 9.581 -27.344 -2.926 0.0000000000
39438 9.019 -27.910 -2.983 0.0000000000
39439 8.895 -28.403 -2.835 0.0000000000
39440 8.424 -28.390 -2.962 0.0000000000
39441 10.817 -26.930 -2.419 0.0000000000
39442 10.475 -27.097 -2.571 0.0000000000
39443 11.090 -26.729 -2.227 0.0000000000
39444 10.536 -27.572 -2.307 0.0000000000
39445 9.947 -28.360 -2.356 0.0000000000
39446 9.311 -28.425 -2.700 0.0000000000
39447 8.687 -28.939 -2.676 0.0000000000
39448 9.900 -27.812 -2.640 0.0000000000
39449 9.671 -28.422 -2.538 0.0000000000
39450 9.364 -29.017 -2.373 0.0000000000
39451 8.462 -29.473 -2.508 0.0000000000
39452 8.079 -29.383 -2.635 0.0000000000
39453 8.802 -29.530 -2.360 0.0000000000
39454 8.253 -29.977 -2.346 0.0000000000
39455 7.730 -30.381 -2.321 0.0000000000
39456 8.009 -27.928 -3.221 0.0000000000
39457 7.826 -28.800 -2.888 0.0000000000
39458 7.941 -28.365 -3.067 0.0000000000
39459 7.465 -28.327 -3.148 0.0000000000
39460 6.950 -28.679 -3.073 0.0000000000
39461 7.533 -29.781 -2.574 0.0000000000
39462 7.682 -29.270 -2.728 0.0000000000
39463 7.391 -30.298 -2.437 0.0000000000
39464 7.026 -30.155 -2.538 0.0000000000
39465 6.663 -30.007 -2.636 0.0000000000
39466 6.866 -29.081 -2.904 0.0000000000
39467 6.477 -29.000 -2.994 0.0000000000
39468 7.270 -29.172 -2.816 0.0000000000
39469 6.768 -29.524 -2.765 0.0000000000
39470 6.326 -29.845 -2.687 0.0000000000
39471 6.077 -29.302 -2.909 0.0000000000
39472 6.006 -29.703 -2.748 0.0000000000
39473 5.732 -29.581 -2.818 0.0000000000
